2025-10-28 12:12:40,582 - INFO - [upgradebot.py:91] - Logging initialized. Saving to bot_run_futures.log
2025-10-28 12:12:40,583 - INFO - [upgradebot.py:432] - [START] ML Futures Bot v2.6 Initialized.
2025-10-28 12:12:40,583 - INFO - [upgradebot.py:433] - TP: 5.0%%, SL: 2.0%% | DRY-RUN: True
2025-10-28 12:12:43,337 - INFO - [upgradebot.py:436] - [INFO] Current FUTURES (USDT) Balance: $9.0367
2025-10-28 12:12:43,338 - WARNING - [upgradebot.py:438] - [STOP] Futures balance is too low to initiate new trades. Exiting.
2025-10-28 12:22:26,491 - INFO - [upgradebot.py:91] - Logging initialized. Saving to bot_run_futures.log
2025-10-28 12:22:26,492 - INFO - [upgradebot.py:432] - [START] ML Futures Bot v2.6 Initialized.
2025-10-28 12:22:26,526 - INFO - [upgradebot.py:433] - TP: 5.0%%, SL: 2.0%% | DRY-RUN: True
2025-10-28 12:22:29,217 - INFO - [upgradebot.py:436] - [INFO] Current FUTURES (USDT) Balance: $9.0367
2025-10-28 12:22:29,219 - WARNING - [upgradebot.py:438] - [STOP] Futures balance is too low to initiate new trades. Exiting.
2025-10-28 12:22:42,800 - INFO - [upgradebot.py:83] - Logging initialized. Saving to bot_run_futures.log
2025-10-28 12:22:42,801 - INFO - [upgradebot.py:434] - [START] ML Futures Bot v2.7 Initialized.
2025-10-28 12:22:42,802 - INFO - [upgradebot.py:435] - TP: 5.0%%, SL: 2.0%% | DRY-RUN: True
2025-10-28 12:22:45,459 - INFO - [upgradebot.py:439] - [INFO] Initial FUTURES (USDT) Balance: $9.0367
2025-10-28 12:22:48,281 - INFO - [upgradebot.py:446] - [INFO] Top FUTURES symbols: ['BTCUSDT', 'ETHUSDT', 'SOLUSDT', 'XRPUSDT', 'DOGEUSDT']
2025-10-28 12:22:48,281 - INFO - [upgradebot.py:449] - --- Analyzing BTCUSDT ---
2025-10-28 12:22:48,282 - INFO - [upgradebot.py:202] - Fetching FUTURES trade info for BTCUSDT...
2025-10-28 12:22:50,986 - INFO - [upgradebot.py:256] - Fetching 90 days of 240-min data for BTCUSDT...
2025-10-28 12:22:54,539 - INFO - [upgradebot.py:324] - BTCUSDT model trained. Accuracy: 0.79
2025-10-28 12:22:54,555 - INFO - [upgradebot.py:465] - [PREDICTION] BTCUSDT: HOLD at $115796.4000
2025-10-28 12:22:57,556 - INFO - [upgradebot.py:449] - --- Analyzing ETHUSDT ---
2025-10-28 12:22:57,556 - INFO - [upgradebot.py:202] - Fetching FUTURES trade info for ETHUSDT...
2025-10-28 12:23:00,372 - INFO - [upgradebot.py:256] - Fetching 90 days of 240-min data for ETHUSDT...
2025-10-28 12:23:03,308 - INFO - [upgradebot.py:324] - ETHUSDT model trained. Accuracy: 0.83
2025-10-28 12:23:03,325 - INFO - [upgradebot.py:465] - [PREDICTION] ETHUSDT: HOLD at $4499.2600
2025-10-28 12:23:06,326 - INFO - [upgradebot.py:449] - --- Analyzing SOLUSDT ---
2025-10-28 12:23:06,327 - INFO - [upgradebot.py:202] - Fetching FUTURES trade info for SOLUSDT...
2025-10-28 12:23:09,183 - INFO - [upgradebot.py:256] - Fetching 90 days of 240-min data for SOLUSDT...
2025-10-28 12:23:12,063 - INFO - [upgradebot.py:324] - SOLUSDT model trained. Accuracy: 0.85
2025-10-28 12:23:12,074 - INFO - [upgradebot.py:465] - [PREDICTION] SOLUSDT: SELL at $242.5000
2025-10-28 12:23:15,075 - INFO - [upgradebot.py:449] - --- Analyzing XRPUSDT ---
2025-10-28 12:23:15,076 - INFO - [upgradebot.py:202] - Fetching FUTURES trade info for XRPUSDT...
2025-10-28 12:23:17,630 - INFO - [upgradebot.py:256] - Fetching 90 days of 240-min data for XRPUSDT...
2025-10-28 12:23:21,005 - INFO - [upgradebot.py:324] - XRPUSDT model trained. Accuracy: 0.60
2025-10-28 12:23:21,015 - INFO - [upgradebot.py:465] - [PREDICTION] XRPUSDT: HOLD at $3.0472
2025-10-28 12:23:24,016 - INFO - [upgradebot.py:449] - --- Analyzing DOGEUSDT ---
2025-10-28 12:23:24,016 - INFO - [upgradebot.py:202] - Fetching FUTURES trade info for DOGEUSDT...
2025-10-28 12:23:26,903 - INFO - [upgradebot.py:256] - Fetching 90 days of 240-min data for DOGEUSDT...
2025-10-28 12:23:30,294 - INFO - [upgradebot.py:324] - DOGEUSDT model trained. Accuracy: 0.79
2025-10-28 12:23:30,309 - INFO - [upgradebot.py:465] - [PREDICTION] DOGEUSDT: SELL at $0.2671
2025-10-28 12:23:33,310 - INFO - [upgradebot.py:531] - [DONE] Bot has completed its run.
2025-10-28 12:27:59,378 - INFO - [upgradebot.py:84] - Logging initialized. Saving to bot_run_futures.log
2025-10-28 12:27:59,379 - INFO - [upgradebot.py:463] - [START] ML Futures Bot v2.8 Initialized.
2025-10-28 12:27:59,379 - INFO - [upgradebot.py:464] - TP: 5.0%%, SL: 2.0%% | DRY-RUN: True
2025-10-28 12:28:02,158 - INFO - [upgradebot.py:467] - [INFO] Initial FUTURES (USDT) Balance: $9.0367
2025-10-28 12:28:04,853 - INFO - [upgradebot.py:474] - [INFO] Top FUTURES symbols: ['BTCUSDT', 'ETHUSDT', 'SOLUSDT', 'XRPUSDT', 'DOGEUSDT']
2025-10-28 12:28:04,854 - INFO - [upgradebot.py:477] - --- Analyzing BTCUSDT ---
2025-10-28 12:28:04,856 - INFO - [upgradebot.py:205] - Fetching FUTURES trade info for BTCUSDT...
2025-10-28 12:28:07,714 - INFO - [upgradebot.py:247] - Fetching 90 days of 240-min data for BTCUSDT...
2025-10-28 12:28:10,746 - INFO - [upgradebot.py:350] - BTCUSDT model trained. Accuracy: 0.79
2025-10-28 12:28:10,766 - INFO - [upgradebot.py:493] - [PREDICTION] BTCUSDT: HOLD at $115796.40
2025-10-28 12:28:10,767 - INFO - [upgradebot.py:547] - ML predicts HOLD for BTCUSDT. No action taken.
2025-10-28 12:28:13,768 - INFO - [upgradebot.py:477] - --- Analyzing ETHUSDT ---
2025-10-28 12:28:13,770 - INFO - [upgradebot.py:205] - Fetching FUTURES trade info for ETHUSDT...
2025-10-28 12:28:16,481 - INFO - [upgradebot.py:247] - Fetching 90 days of 240-min data for ETHUSDT...
2025-10-28 12:28:19,460 - INFO - [upgradebot.py:350] - ETHUSDT model trained. Accuracy: 0.83
2025-10-28 12:28:19,469 - INFO - [upgradebot.py:493] - [PREDICTION] ETHUSDT: HOLD at $4499.26
2025-10-28 12:28:19,470 - INFO - [upgradebot.py:547] - ML predicts HOLD for ETHUSDT. No action taken.
2025-10-28 12:28:22,471 - INFO - [upgradebot.py:477] - --- Analyzing SOLUSDT ---
2025-10-28 12:28:22,472 - INFO - [upgradebot.py:205] - Fetching FUTURES trade info for SOLUSDT...
2025-10-28 12:28:25,403 - INFO - [upgradebot.py:247] - Fetching 90 days of 240-min data for SOLUSDT...
2025-10-28 12:28:28,604 - INFO - [upgradebot.py:350] - SOLUSDT model trained. Accuracy: 0.85
2025-10-28 12:28:28,616 - INFO - [upgradebot.py:493] - [PREDICTION] SOLUSDT: SELL at $242.500
2025-10-28 12:28:31,021 - INFO - [upgradebot.py:302] - No active position found for SOLUSDT.
2025-10-28 12:28:31,025 - INFO - [upgradebot.py:544] - SELL signal received for SOLUSDT, but no active LONG position found. No action taken.
2025-10-28 12:28:34,027 - INFO - [upgradebot.py:477] - --- Analyzing XRPUSDT ---
2025-10-28 12:28:34,027 - INFO - [upgradebot.py:205] - Fetching FUTURES trade info for XRPUSDT...
2025-10-28 12:28:36,648 - INFO - [upgradebot.py:247] - Fetching 90 days of 240-min data for XRPUSDT...
2025-10-28 12:28:40,048 - INFO - [upgradebot.py:350] - XRPUSDT model trained. Accuracy: 0.60
2025-10-28 12:28:40,064 - INFO - [upgradebot.py:493] - [PREDICTION] XRPUSDT: HOLD at $3.0472
2025-10-28 12:28:40,065 - INFO - [upgradebot.py:547] - ML predicts HOLD for XRPUSDT. No action taken.
2025-10-28 12:28:43,066 - INFO - [upgradebot.py:477] - --- Analyzing DOGEUSDT ---
2025-10-28 12:28:43,066 - INFO - [upgradebot.py:205] - Fetching FUTURES trade info for DOGEUSDT...
2025-10-28 12:28:45,517 - INFO - [upgradebot.py:247] - Fetching 90 days of 240-min data for DOGEUSDT...
2025-10-28 12:28:48,556 - INFO - [upgradebot.py:350] - DOGEUSDT model trained. Accuracy: 0.79
2025-10-28 12:28:48,571 - INFO - [upgradebot.py:493] - [PREDICTION] DOGEUSDT: SELL at $0.26712
2025-10-28 12:28:51,073 - INFO - [upgradebot.py:302] - No active position found for DOGEUSDT.
2025-10-28 12:28:51,076 - INFO - [upgradebot.py:544] - SELL signal received for DOGEUSDT, but no active LONG position found. No action taken.
2025-10-28 12:28:54,077 - INFO - [upgradebot.py:551] - [DONE] Bot has completed its run.
2025-10-28 12:30:31,707 - INFO - [upgradebot.py:84] - Logging initialized. Saving to bot_run_futures.log
2025-10-28 12:30:31,708 - INFO - [upgradebot.py:463] - [START] ML Futures Bot v2.8 Initialized.
2025-10-28 12:30:31,709 - INFO - [upgradebot.py:464] - TP: 5.0%%, SL: 2.0%% | DRY-RUN: True
2025-10-28 12:30:35,437 - INFO - [upgradebot.py:467] - [INFO] Initial FUTURES (USDT) Balance: $9.0367
2025-10-28 12:30:38,818 - INFO - [upgradebot.py:474] - [INFO] Top FUTURES symbols: ['BTCUSDT', 'ETHUSDT', 'SOLUSDT', 'XRPUSDT', 'DOGEUSDT']
2025-10-28 12:30:38,820 - INFO - [upgradebot.py:477] - --- Analyzing BTCUSDT ---
2025-10-28 12:30:38,822 - INFO - [upgradebot.py:205] - Fetching FUTURES trade info for BTCUSDT...
2025-10-28 12:30:41,972 - INFO - [upgradebot.py:247] - Fetching 90 days of 240-min data for BTCUSDT...
2025-10-28 12:30:44,842 - INFO - [upgradebot.py:350] - BTCUSDT model trained. Accuracy: 0.79
2025-10-28 12:30:44,859 - INFO - [upgradebot.py:493] - [PREDICTION] BTCUSDT: HOLD at $115796.40
2025-10-28 12:30:44,860 - INFO - [upgradebot.py:547] - ML predicts HOLD for BTCUSDT. No action taken.
2025-10-28 12:30:47,862 - INFO - [upgradebot.py:477] - --- Analyzing ETHUSDT ---
2025-10-28 12:30:47,863 - INFO - [upgradebot.py:205] - Fetching FUTURES trade info for ETHUSDT...
2025-10-28 12:30:50,551 - INFO - [upgradebot.py:247] - Fetching 90 days of 240-min data for ETHUSDT...
2025-10-28 12:30:53,535 - INFO - [upgradebot.py:350] - ETHUSDT model trained. Accuracy: 0.83
2025-10-28 12:30:53,547 - INFO - [upgradebot.py:493] - [PREDICTION] ETHUSDT: HOLD at $4499.26
2025-10-28 12:30:53,548 - INFO - [upgradebot.py:547] - ML predicts HOLD for ETHUSDT. No action taken.
2025-10-28 12:30:56,549 - INFO - [upgradebot.py:477] - --- Analyzing SOLUSDT ---
2025-10-28 12:30:56,550 - INFO - [upgradebot.py:205] - Fetching FUTURES trade info for SOLUSDT...
2025-10-28 12:30:59,213 - INFO - [upgradebot.py:247] - Fetching 90 days of 240-min data for SOLUSDT...
2025-10-28 12:31:02,974 - INFO - [upgradebot.py:350] - SOLUSDT model trained. Accuracy: 0.85
2025-10-28 12:31:02,991 - INFO - [upgradebot.py:493] - [PREDICTION] SOLUSDT: SELL at $242.500
2025-10-28 12:31:06,484 - INFO - [upgradebot.py:302] - No active position found for SOLUSDT.
2025-10-28 12:31:06,489 - INFO - [upgradebot.py:544] - SELL signal received for SOLUSDT, but no active LONG position found. No action taken.
2025-10-28 12:31:09,491 - INFO - [upgradebot.py:477] - --- Analyzing XRPUSDT ---
2025-10-28 12:31:09,493 - INFO - [upgradebot.py:205] - Fetching FUTURES trade info for XRPUSDT...
2025-10-28 12:31:13,282 - INFO - [upgradebot.py:247] - Fetching 90 days of 240-min data for XRPUSDT...
2025-10-28 12:31:17,173 - INFO - [upgradebot.py:350] - XRPUSDT model trained. Accuracy: 0.60
2025-10-28 12:31:17,190 - INFO - [upgradebot.py:493] - [PREDICTION] XRPUSDT: HOLD at $3.0472
2025-10-28 12:31:17,190 - INFO - [upgradebot.py:547] - ML predicts HOLD for XRPUSDT. No action taken.
2025-10-28 12:31:20,191 - INFO - [upgradebot.py:477] - --- Analyzing DOGEUSDT ---
2025-10-28 12:31:20,192 - INFO - [upgradebot.py:205] - Fetching FUTURES trade info for DOGEUSDT...
2025-10-28 12:31:22,743 - INFO - [upgradebot.py:247] - Fetching 90 days of 240-min data for DOGEUSDT...
2025-10-28 12:31:25,921 - INFO - [upgradebot.py:350] - DOGEUSDT model trained. Accuracy: 0.79
2025-10-28 12:31:25,936 - INFO - [upgradebot.py:493] - [PREDICTION] DOGEUSDT: SELL at $0.26712
2025-10-28 12:31:28,376 - INFO - [upgradebot.py:302] - No active position found for DOGEUSDT.
2025-10-28 12:31:28,380 - INFO - [upgradebot.py:544] - SELL signal received for DOGEUSDT, but no active LONG position found. No action taken.
2025-10-28 12:31:31,381 - INFO - [upgradebot.py:551] - [DONE] Bot has completed its run.
2025-10-28 12:31:45,161 - INFO - [upgradebot.py:84] - Logging initialized. Saving to bot_run_futures.log
2025-10-28 12:31:45,162 - INFO - [upgradebot.py:463] - [START] ML Futures Bot v2.8 Initialized.
2025-10-28 12:31:45,163 - INFO - [upgradebot.py:464] - TP: 5.0%%, SL: 2.0%% | DRY-RUN: False
2025-10-28 12:31:47,834 - INFO - [upgradebot.py:467] - [INFO] Initial FUTURES (USDT) Balance: $9.0367
2025-10-28 12:31:50,693 - INFO - [upgradebot.py:474] - [INFO] Top FUTURES symbols: ['BTCUSDT', 'ETHUSDT', 'SOLUSDT', 'XRPUSDT', 'DOGEUSDT']
2025-10-28 12:31:50,693 - INFO - [upgradebot.py:477] - --- Analyzing BTCUSDT ---
2025-10-28 12:31:50,694 - INFO - [upgradebot.py:205] - Fetching FUTURES trade info for BTCUSDT...
2025-10-28 12:31:53,450 - INFO - [upgradebot.py:247] - Fetching 90 days of 240-min data for BTCUSDT...
2025-10-28 12:31:56,574 - INFO - [upgradebot.py:350] - BTCUSDT model trained. Accuracy: 0.79
2025-10-28 12:31:56,597 - INFO - [upgradebot.py:493] - [PREDICTION] BTCUSDT: HOLD at $115796.40
2025-10-28 12:31:56,598 - INFO - [upgradebot.py:547] - ML predicts HOLD for BTCUSDT. No action taken.
2025-10-28 12:31:59,599 - INFO - [upgradebot.py:477] - --- Analyzing ETHUSDT ---
2025-10-28 12:31:59,600 - INFO - [upgradebot.py:205] - Fetching FUTURES trade info for ETHUSDT...
2025-10-28 12:32:02,278 - INFO - [upgradebot.py:247] - Fetching 90 days of 240-min data for ETHUSDT...
2025-10-28 12:32:05,046 - INFO - [upgradebot.py:350] - ETHUSDT model trained. Accuracy: 0.83
2025-10-28 12:32:05,057 - INFO - [upgradebot.py:493] - [PREDICTION] ETHUSDT: HOLD at $4499.26
2025-10-28 12:32:05,058 - INFO - [upgradebot.py:547] - ML predicts HOLD for ETHUSDT. No action taken.
2025-10-28 12:32:08,058 - INFO - [upgradebot.py:477] - --- Analyzing SOLUSDT ---
2025-10-28 12:32:08,059 - INFO - [upgradebot.py:205] - Fetching FUTURES trade info for SOLUSDT...
2025-10-28 12:32:10,688 - INFO - [upgradebot.py:247] - Fetching 90 days of 240-min data for SOLUSDT...
2025-10-28 12:32:13,289 - INFO - [upgradebot.py:350] - SOLUSDT model trained. Accuracy: 0.85
2025-10-28 12:32:13,303 - INFO - [upgradebot.py:493] - [PREDICTION] SOLUSDT: SELL at $242.500
2025-10-28 12:32:15,595 - INFO - [upgradebot.py:302] - No active position found for SOLUSDT.
2025-10-28 12:32:15,599 - INFO - [upgradebot.py:544] - SELL signal received for SOLUSDT, but no active LONG position found. No action taken.
2025-10-28 12:32:18,601 - INFO - [upgradebot.py:477] - --- Analyzing XRPUSDT ---
2025-10-28 12:32:18,601 - INFO - [upgradebot.py:205] - Fetching FUTURES trade info for XRPUSDT...
2025-10-28 12:32:21,151 - INFO - [upgradebot.py:247] - Fetching 90 days of 240-min data for XRPUSDT...
2025-10-28 12:32:24,122 - INFO - [upgradebot.py:350] - XRPUSDT model trained. Accuracy: 0.60
2025-10-28 12:32:24,136 - INFO - [upgradebot.py:493] - [PREDICTION] XRPUSDT: HOLD at $3.0472
2025-10-28 12:32:24,136 - INFO - [upgradebot.py:547] - ML predicts HOLD for XRPUSDT. No action taken.
2025-10-28 12:32:27,138 - INFO - [upgradebot.py:477] - --- Analyzing DOGEUSDT ---
2025-10-28 12:32:27,138 - INFO - [upgradebot.py:205] - Fetching FUTURES trade info for DOGEUSDT...
2025-10-28 12:32:30,103 - INFO - [upgradebot.py:247] - Fetching 90 days of 240-min data for DOGEUSDT...
2025-10-28 12:32:32,906 - INFO - [upgradebot.py:350] - DOGEUSDT model trained. Accuracy: 0.79
2025-10-28 12:32:32,921 - INFO - [upgradebot.py:493] - [PREDICTION] DOGEUSDT: SELL at $0.26712
2025-10-28 12:32:35,397 - INFO - [upgradebot.py:302] - No active position found for DOGEUSDT.
2025-10-28 12:32:35,403 - INFO - [upgradebot.py:544] - SELL signal received for DOGEUSDT, but no active LONG position found. No action taken.
2025-10-28 12:32:38,405 - INFO - [upgradebot.py:551] - [DONE] Bot has completed its run.
2025-10-28 12:39:56,321 - INFO - [upgradebot.py:88] - Logging initialized. Saving to bot_run_futures.log
2025-10-28 12:39:56,322 - INFO - [upgradebot.py:445] - [START] ML Futures Bot v2.9 Initialized.
2025-10-28 12:39:56,323 - INFO - [upgradebot.py:446] - TP: 5.0%%, SL: 2.0%% | DRY-RUN: False
2025-10-28 12:39:58,967 - INFO - [upgradebot.py:449] - [INFO] Initial FUTURES (USDT) Balance: $9.0367
2025-10-28 12:40:01,940 - INFO - [upgradebot.py:455] - [INFO] Top FUTURES symbols: ['BTCUSDT', 'ETHUSDT', 'SOLUSDT', 'XRPUSDT', 'DOGEUSDT']
2025-10-28 12:40:01,941 - INFO - [upgradebot.py:458] - --- Analyzing BTCUSDT ---
2025-10-28 12:40:01,942 - INFO - [upgradebot.py:206] - Fetching FUTURES trade info for BTCUSDT...
2025-10-28 12:40:04,727 - INFO - [upgradebot.py:243] - Fetching 90 days of 240-min data for BTCUSDT...
2025-10-28 12:40:08,045 - INFO - [upgradebot.py:340] - BTCUSDT model trained. Accuracy: 0.79
2025-10-28 12:40:08,059 - INFO - [upgradebot.py:472] - [PREDICTION] BTCUSDT: HOLD at $115796.40
2025-10-28 12:40:10,398 - INFO - [upgradebot.py:293] - No active position found for BTCUSDT.
2025-10-28 12:40:10,402 - INFO - [upgradebot.py:580] - ML predicts HOLD for BTCUSDT. No action taken.
2025-10-28 12:40:13,404 - INFO - [upgradebot.py:458] - --- Analyzing ETHUSDT ---
2025-10-28 12:40:13,405 - INFO - [upgradebot.py:206] - Fetching FUTURES trade info for ETHUSDT...
2025-10-28 12:40:16,089 - INFO - [upgradebot.py:243] - Fetching 90 days of 240-min data for ETHUSDT...
2025-10-28 12:40:19,202 - INFO - [upgradebot.py:340] - ETHUSDT model trained. Accuracy: 0.83
2025-10-28 12:40:19,216 - INFO - [upgradebot.py:472] - [PREDICTION] ETHUSDT: HOLD at $4499.26
2025-10-28 12:40:21,591 - INFO - [upgradebot.py:293] - No active position found for ETHUSDT.
2025-10-28 12:40:21,595 - INFO - [upgradebot.py:580] - ML predicts HOLD for ETHUSDT. No action taken.
2025-10-28 12:40:24,596 - INFO - [upgradebot.py:458] - --- Analyzing SOLUSDT ---
2025-10-28 12:40:24,597 - INFO - [upgradebot.py:206] - Fetching FUTURES trade info for SOLUSDT...
2025-10-28 12:40:27,030 - INFO - [upgradebot.py:243] - Fetching 90 days of 240-min data for SOLUSDT...
2025-10-28 12:40:30,121 - INFO - [upgradebot.py:340] - SOLUSDT model trained. Accuracy: 0.85
2025-10-28 12:40:30,140 - INFO - [upgradebot.py:472] - [PREDICTION] SOLUSDT: SELL at $242.500
2025-10-28 12:40:32,695 - INFO - [upgradebot.py:293] - No active position found for SOLUSDT.
2025-10-28 12:40:32,700 - INFO - [upgradebot.py:541] - SELL signal for SOLUSDT and no existing position. Considering SHORT entry.
2025-10-28 12:40:34,990 - INFO - [upgradebot.py:543] - Current balance before potential SOLUSDT SHORT trade: $9.0367
2025-10-28 12:40:34,991 - WARNING - [upgradebot.py:549] - Skipping SOLUSDT SHORT. Balance $9.0367 < min value $24.2500.
2025-10-28 12:40:34,992 - INFO - [upgradebot.py:458] - --- Analyzing XRPUSDT ---
2025-10-28 12:40:34,992 - INFO - [upgradebot.py:206] - Fetching FUTURES trade info for XRPUSDT...
2025-10-28 12:40:37,665 - INFO - [upgradebot.py:243] - Fetching 90 days of 240-min data for XRPUSDT...
2025-10-28 12:40:41,088 - INFO - [upgradebot.py:340] - XRPUSDT model trained. Accuracy: 0.60
2025-10-28 12:40:41,103 - INFO - [upgradebot.py:472] - [PREDICTION] XRPUSDT: HOLD at $3.0472
2025-10-28 12:40:43,625 - INFO - [upgradebot.py:293] - No active position found for XRPUSDT.
2025-10-28 12:40:43,629 - INFO - [upgradebot.py:580] - ML predicts HOLD for XRPUSDT. No action taken.
2025-10-28 12:40:46,630 - INFO - [upgradebot.py:458] - --- Analyzing DOGEUSDT ---
2025-10-28 12:40:46,631 - INFO - [upgradebot.py:206] - Fetching FUTURES trade info for DOGEUSDT...
2025-10-28 12:40:49,284 - INFO - [upgradebot.py:243] - Fetching 90 days of 240-min data for DOGEUSDT...
2025-10-28 12:40:52,124 - INFO - [upgradebot.py:340] - DOGEUSDT model trained. Accuracy: 0.79
2025-10-28 12:40:52,137 - INFO - [upgradebot.py:472] - [PREDICTION] DOGEUSDT: SELL at $0.26712
2025-10-28 12:40:54,577 - INFO - [upgradebot.py:293] - No active position found for DOGEUSDT.
2025-10-28 12:40:54,580 - INFO - [upgradebot.py:541] - SELL signal for DOGEUSDT and no existing position. Considering SHORT entry.
2025-10-28 12:40:57,218 - INFO - [upgradebot.py:543] - Current balance before potential DOGEUSDT SHORT trade: $9.0367
2025-10-28 12:40:57,219 - WARNING - [upgradebot.py:549] - Skipping DOGEUSDT SHORT. Balance $9.0367 < min value $10.1506.
2025-10-28 12:40:57,220 - INFO - [upgradebot.py:584] - [DONE] Bot has completed its run.
2025-10-28 12:48:06,459 - INFO - [upgradebot.py:85] - Logging initialized. Saving to bot_run_futures.log
2025-10-28 12:48:06,461 - INFO - [upgradebot.py:410] - [START] ML Futures Bot v2.10 Initialized.
2025-10-28 12:48:06,462 - INFO - [upgradebot.py:411] - TP: 5.0%%, SL: 2.0%% | DRY-RUN: False
2025-10-28 12:48:09,264 - INFO - [upgradebot.py:414] - [INFO] Initial FUTURES (USDT) Balance: $9.0367
2025-10-28 12:48:12,166 - INFO - [upgradebot.py:213] - Fetched 541 active USDT futures pairs.
2025-10-28 12:48:12,170 - INFO - [upgradebot.py:422] - Analyzing 541 symbols...
2025-10-28 12:48:12,171 - INFO - [upgradebot.py:431] - --- Checking 0GUSDT (Price: $1.5788) ---
2025-10-28 12:48:12,171 - INFO - [upgradebot.py:226] - Fetching ALL FUTURES instrument info...
2025-10-28 12:48:14,826 - INFO - [upgradebot.py:251] - Cached trade info for 541 instruments.
2025-10-28 12:48:17,628 - INFO - [upgradebot.py:455] - Balance $9.0367 meets minimum value $7.5782 for 0GUSDT. Proceeding with analysis.
2025-10-28 12:48:17,629 - INFO - [upgradebot.py:262] - Fetching 90 days of 240-min data for 0GUSDT...
2025-10-28 12:48:20,603 - INFO - [upgradebot.py:348] - 0GUSDT model trained. Accuracy: 0.71
2025-10-28 12:48:20,618 - INFO - [upgradebot.py:473] - [PREDICTION] 0GUSDT: BUY at $5.3630
2025-10-28 12:48:23,446 - INFO - [upgradebot.py:304] - No active position found for 0GUSDT.
2025-10-28 12:48:23,450 - INFO - [upgradebot.py:501] - Calculated LONG Intent: Qty~1.516508, Entry~$5.3523, TP~$5.6199, SL~$5.2452
2025-10-28 12:48:23,451 - INFO - [upgradebot.py:503] - Placing LONG Bracket Order...
2025-10-28 12:48:23,451 - ERROR - [upgradebot.py:386] - Final qty 1.5 < minimum 4.8. Cannot place entry.
2025-10-28 12:48:23,452 - ERROR - [upgradebot.py:509] - LONG Entry order failed for 0GUSDT. TP/SL not placed.
2025-10-28 12:48:24,454 - INFO - [upgradebot.py:431] - --- Checking 10000ELONUSDT (Price: $0.0008) ---
2025-10-28 12:48:27,247 - INFO - [upgradebot.py:455] - Balance $9.0367 meets minimum value $7.5203 for 10000ELONUSDT. Proceeding with analysis.
2025-10-28 12:48:27,247 - INFO - [upgradebot.py:262] - Fetching 90 days of 240-min data for 10000ELONUSDT...
2025-10-28 12:48:30,373 - INFO - [upgradebot.py:348] - 10000ELONUSDT model trained. Accuracy: 0.74
2025-10-28 12:48:30,390 - INFO - [upgradebot.py:473] - [PREDICTION] 10000ELONUSDT: SELL at $0.0010100
2025-10-28 12:48:33,012 - INFO - [upgradebot.py:304] - No active position found for 10000ELONUSDT.
2025-10-28 12:48:33,016 - INFO - [upgradebot.py:523] - SELL signal for 10000ELONUSDT. Considering SHORT entry.
2025-10-28 12:48:33,016 - INFO - [upgradebot.py:535] - Calculated SHORT Intent: Qty~8052.504950, Entry~$0.0010120, TP~$0.0009614, SL~$0.0010323
2025-10-28 12:48:33,017 - INFO - [upgradebot.py:537] - Placing SHORT Bracket Order...
2025-10-28 12:48:33,018 - ERROR - [upgradebot.py:386] - Final qty 8000.0 < minimum 9529.0. Cannot place entry.
2025-10-28 12:48:33,019 - ERROR - [upgradebot.py:543] - SHORT Entry order failed for 10000ELONUSDT. TP/SL not placed.
2025-10-28 12:48:34,021 - INFO - [upgradebot.py:431] - --- Checking 10000QUBICUSDT (Price: $0.0138) ---
2025-10-28 12:48:36,771 - INFO - [upgradebot.py:455] - Balance $9.0367 meets minimum value $7.5333 for 10000QUBICUSDT. Proceeding with analysis.
2025-10-28 12:48:36,771 - INFO - [upgradebot.py:262] - Fetching 90 days of 240-min data for 10000QUBICUSDT...
2025-10-28 12:48:39,913 - INFO - [upgradebot.py:348] - 10000QUBICUSDT model trained. Accuracy: 0.81
2025-10-28 12:48:39,928 - INFO - [upgradebot.py:473] - [PREDICTION] 10000QUBICUSDT: SELL at $0.020826
2025-10-28 12:48:42,674 - INFO - [upgradebot.py:304] - No active position found for 10000QUBICUSDT.
2025-10-28 12:48:42,678 - INFO - [upgradebot.py:523] - SELL signal for 10000QUBICUSDT. Considering SHORT entry.
2025-10-28 12:48:42,678 - INFO - [upgradebot.py:535] - Calculated SHORT Intent: Qty~390.522904, Entry~$0.020868, TP~$0.019824, SL~$0.021285
2025-10-28 12:48:42,679 - INFO - [upgradebot.py:537] - Placing SHORT Bracket Order...
2025-10-28 12:48:42,680 - ERROR - [upgradebot.py:386] - Final qty 390.0 < minimum 547.0. Cannot place entry.
2025-10-28 12:48:42,680 - ERROR - [upgradebot.py:543] - SHORT Entry order failed for 10000QUBICUSDT. TP/SL not placed.
2025-10-28 12:48:43,681 - INFO - [upgradebot.py:431] - --- Checking 10000SATSUSDT (Price: $0.0002) ---
2025-10-28 12:48:46,489 - INFO - [upgradebot.py:455] - Balance $9.0367 meets minimum value $7.4608 for 10000SATSUSDT. Proceeding with analysis.
2025-10-28 12:48:46,489 - INFO - [upgradebot.py:262] - Fetching 90 days of 240-min data for 10000SATSUSDT...
2025-10-28 12:48:49,390 - INFO - [upgradebot.py:348] - 10000SATSUSDT model trained. Accuracy: 0.86
2025-10-28 12:48:49,402 - INFO - [upgradebot.py:473] - [PREDICTION] 10000SATSUSDT: SELL at $0.0004198
2025-10-28 12:48:52,043 - INFO - [upgradebot.py:304] - No active position found for 10000SATSUSDT.
2025-10-28 12:48:52,046 - INFO - [upgradebot.py:523] - SELL signal for 10000SATSUSDT. Considering SHORT entry.
2025-10-28 12:48:52,046 - INFO - [upgradebot.py:535] - Calculated SHORT Intent: Qty~19373.582658, Entry~$0.0004206, TP~$0.0003996, SL~$0.0004291
2025-10-28 12:48:52,047 - INFO - [upgradebot.py:537] - Placing SHORT Bracket Order...
2025-10-28 12:48:52,048 - ERROR - [upgradebot.py:386] - Final qty 19300.0 < minimum 30353.0. Cannot place entry.
2025-10-28 12:48:52,048 - ERROR - [upgradebot.py:543] - SHORT Entry order failed for 10000SATSUSDT. TP/SL not placed.
2025-10-28 12:48:53,049 - INFO - [upgradebot.py:431] - --- Checking 1000BONKUSDT (Price: $0.0149) ---
2025-10-28 12:48:55,667 - INFO - [upgradebot.py:455] - Balance $9.0367 meets minimum value $7.4922 for 1000BONKUSDT. Proceeding with analysis.
2025-10-28 12:48:55,667 - INFO - [upgradebot.py:262] - Fetching 90 days of 240-min data for 1000BONKUSDT...
2025-10-28 12:48:58,693 - INFO - [upgradebot.py:348] - 1000BONKUSDT model trained. Accuracy: 0.86
2025-10-28 12:48:58,711 - INFO - [upgradebot.py:473] - [PREDICTION] 1000BONKUSDT: SELL at $0.0230380
2025-10-28 12:49:01,394 - INFO - [upgradebot.py:304] - No active position found for 1000BONKUSDT.
2025-10-28 12:49:01,399 - INFO - [upgradebot.py:523] - SELL signal for 1000BONKUSDT. Considering SHORT entry.
2025-10-28 12:49:01,399 - INFO - [upgradebot.py:535] - Calculated SHORT Intent: Qty~353.026738, Entry~$0.0230841, TP~$0.0219299, SL~$0.0235458
2025-10-28 12:49:01,400 - INFO - [upgradebot.py:537] - Placing SHORT Bracket Order...
2025-10-28 12:49:01,401 - ERROR - [upgradebot.py:386] - Final qty 300.0 < minimum 503.0. Cannot place entry.
2025-10-28 12:49:01,402 - ERROR - [upgradebot.py:543] - SHORT Entry order failed for 1000BONKUSDT. TP/SL not placed.
2025-10-28 12:49:02,404 - INFO - [upgradebot.py:431] - --- Checking 1000BTTUSDT (Price: $0.0005) ---
2025-10-28 12:49:05,057 - INFO - [upgradebot.py:455] - Balance $9.0367 meets minimum value $7.5047 for 1000BTTUSDT. Proceeding with analysis.
2025-10-28 12:49:05,057 - INFO - [upgradebot.py:262] - Fetching 90 days of 240-min data for 1000BTTUSDT...
2025-10-28 12:49:08,144 - INFO - [upgradebot.py:348] - 1000BTTUSDT model trained. Accuracy: 0.74
2025-10-28 12:49:08,161 - INFO - [upgradebot.py:473] - [PREDICTION] 1000BTTUSDT: HOLD at $0.0006351
2025-10-28 12:49:10,737 - INFO - [upgradebot.py:304] - No active position found for 1000BTTUSDT.
2025-10-28 12:49:10,741 - INFO - [upgradebot.py:546] - ML predicts HOLD for 1000BTTUSDT. No action taken.
2025-10-28 12:49:11,743 - INFO - [upgradebot.py:431] - --- Checking 1000CATUSDT (Price: $0.0055) ---
2025-10-28 12:49:14,771 - INFO - [upgradebot.py:455] - Balance $9.0367 meets minimum value $7.4951 for 1000CATUSDT. Proceeding with analysis.
2025-10-28 12:49:14,772 - INFO - [upgradebot.py:262] - Fetching 90 days of 240-min data for 1000CATUSDT...
2025-10-28 12:49:17,930 - INFO - [upgradebot.py:348] - 1000CATUSDT model trained. Accuracy: 0.76
2025-10-28 12:49:17,946 - INFO - [upgradebot.py:473] - [PREDICTION] 1000CATUSDT: SELL at $0.007833
2025-10-28 12:49:21,204 - INFO - [upgradebot.py:304] - No active position found for 1000CATUSDT.
2025-10-28 12:49:21,212 - INFO - [upgradebot.py:523] - SELL signal for 1000CATUSDT. Considering SHORT entry.
2025-10-28 12:49:21,213 - INFO - [upgradebot.py:535] - Calculated SHORT Intent: Qty~1038.303332, Entry~$0.007849, TP~$0.007456, SL~$0.008006
2025-10-28 12:49:21,214 - INFO - [upgradebot.py:537] - Placing SHORT Bracket Order...
2025-10-28 12:49:21,216 - ERROR - [upgradebot.py:386] - Final qty 1038.0 < minimum 1362.0. Cannot place entry.
2025-10-28 12:49:21,218 - ERROR - [upgradebot.py:543] - SHORT Entry order failed for 1000CATUSDT. TP/SL not placed.
2025-10-28 12:49:22,220 - INFO - [upgradebot.py:431] - --- Checking 1000FLOKIUSDT (Price: $0.0726) ---
2025-10-28 12:49:24,863 - INFO - [upgradebot.py:455] - Balance $9.0367 meets minimum value $7.4799 for 1000FLOKIUSDT. Proceeding with analysis.
2025-10-28 12:49:24,864 - INFO - [upgradebot.py:262] - Fetching 90 days of 240-min data for 1000FLOKIUSDT...
2025-10-28 12:49:27,984 - INFO - [upgradebot.py:348] - 1000FLOKIUSDT model trained. Accuracy: 0.79
2025-10-28 12:49:28,001 - INFO - [upgradebot.py:473] - [PREDICTION] 1000FLOKIUSDT: SELL at $0.09459
2025-10-28 12:49:30,697 - INFO - [upgradebot.py:304] - No active position found for 1000FLOKIUSDT.
2025-10-28 12:49:30,701 - INFO - [upgradebot.py:523] - SELL signal for 1000FLOKIUSDT. Considering SHORT entry.
2025-10-28 12:49:30,702 - INFO - [upgradebot.py:535] - Calculated SHORT Intent: Qty~85.981922, Entry~$0.09478, TP~$0.09004, SL~$0.09667
2025-10-28 12:49:30,702 - INFO - [upgradebot.py:537] - Placing SHORT Bracket Order...
2025-10-28 12:49:30,703 - ERROR - [upgradebot.py:386] - Final qty 85.0 < minimum 103.0. Cannot place entry.
2025-10-28 12:49:30,704 - ERROR - [upgradebot.py:543] - SHORT Entry order failed for 1000FLOKIUSDT. TP/SL not placed.
2025-10-28 12:49:31,705 - INFO - [upgradebot.py:431] - --- Checking 1000LUNCUSDT (Price: $0.0458) ---
2025-10-28 12:49:34,425 - INFO - [upgradebot.py:455] - Balance $9.0367 meets minimum value $7.5079 for 1000LUNCUSDT. Proceeding with analysis.
2025-10-28 12:49:34,426 - INFO - [upgradebot.py:262] - Fetching 90 days of 240-min data for 1000LUNCUSDT...
2025-10-28 12:49:37,393 - INFO - [upgradebot.py:348] - 1000LUNCUSDT model trained. Accuracy: 0.64
2025-10-28 12:49:37,411 - INFO - [upgradebot.py:473] - [PREDICTION] 1000LUNCUSDT: HOLD at $0.05920
2025-10-28 12:49:40,125 - INFO - [upgradebot.py:304] - No active position found for 1000LUNCUSDT.
2025-10-28 12:49:40,132 - INFO - [upgradebot.py:546] - ML predicts HOLD for 1000LUNCUSDT. No action taken.
2025-10-28 12:49:41,134 - INFO - [upgradebot.py:431] - --- Checking 1000NEIROCTOUSDT (Price: $0.1971) ---
2025-10-28 12:49:43,896 - INFO - [upgradebot.py:455] - Balance $9.0367 meets minimum value $7.4898 for 1000NEIROCTOUSDT. Proceeding with analysis.
2025-10-28 12:49:43,896 - INFO - [upgradebot.py:262] - Fetching 90 days of 240-min data for 1000NEIROCTOUSDT...
2025-10-28 12:49:46,825 - INFO - [upgradebot.py:348] - 1000NEIROCTOUSDT model trained. Accuracy: 0.86
2025-10-28 12:49:46,843 - INFO - [upgradebot.py:473] - [PREDICTION] 1000NEIROCTOUSDT: HOLD at $0.34620
2025-10-28 12:49:49,569 - INFO - [upgradebot.py:304] - No active position found for 1000NEIROCTOUSDT.
2025-10-28 12:49:49,573 - INFO - [upgradebot.py:546] - ML predicts HOLD for 1000NEIROCTOUSDT. No action taken.
2025-10-28 12:49:50,574 - INFO - [upgradebot.py:431] - --- Checking 1000PEPEUSDT (Price: $0.0072) ---
2025-10-28 12:49:53,285 - INFO - [upgradebot.py:455] - Balance $9.0367 meets minimum value $7.4732 for 1000PEPEUSDT. Proceeding with analysis.
2025-10-28 12:49:53,286 - INFO - [upgradebot.py:262] - Fetching 90 days of 240-min data for 1000PEPEUSDT...
2025-10-28 12:49:56,059 - INFO - [upgradebot.py:348] - 1000PEPEUSDT model trained. Accuracy: 0.86
2025-10-28 12:49:56,076 - INFO - [upgradebot.py:473] - [PREDICTION] 1000PEPEUSDT: SELL at $0.0107600
2025-10-28 12:49:59,113 - INFO - [upgradebot.py:304] - No active position found for 1000PEPEUSDT.
2025-10-28 12:49:59,117 - INFO - [upgradebot.py:523] - SELL signal for 1000PEPEUSDT. Considering SHORT entry.
2025-10-28 12:49:59,118 - INFO - [upgradebot.py:535] - Calculated SHORT Intent: Qty~755.857807, Entry~$0.0107815, TP~$0.0102424, SL~$0.0109972
2025-10-28 12:49:59,119 - INFO - [upgradebot.py:537] - Placing SHORT Bracket Order...
2025-10-28 12:49:59,120 - ERROR - [upgradebot.py:386] - Final qty 700.0 < minimum 1042.0. Cannot place entry.
2025-10-28 12:49:59,120 - ERROR - [upgradebot.py:543] - SHORT Entry order failed for 1000PEPEUSDT. TP/SL not placed.
2025-10-28 12:50:00,121 - INFO - [upgradebot.py:431] - --- Checking 1000RATSUSDT (Price: $0.0319) ---
2025-10-28 12:50:03,010 - INFO - [upgradebot.py:455] - Balance $9.0367 meets minimum value $7.4989 for 1000RATSUSDT. Proceeding with analysis.
2025-10-28 12:50:03,011 - INFO - [upgradebot.py:262] - Fetching 90 days of 240-min data for 1000RATSUSDT...
2025-10-28 12:50:06,394 - INFO - [upgradebot.py:348] - 1000RATSUSDT model trained. Accuracy: 0.69
2025-10-28 12:50:06,408 - INFO - [upgradebot.py:473] - [PREDICTION] 1000RATSUSDT: BUY at $0.02228
2025-10-28 12:50:09,215 - INFO - [upgradebot.py:304] - No active position found for 1000RATSUSDT.
2025-10-28 12:50:09,219 - INFO - [upgradebot.py:501] - Calculated LONG Intent: Qty~365.037253, Entry~$0.02224, TP~$0.02335, SL~$0.02179
2025-10-28 12:50:09,219 - INFO - [upgradebot.py:503] - Placing LONG Bracket Order...
2025-10-28 12:50:09,220 - INFO - [upgradebot.py:392] - [ACTION] Submitting LIMIT BUY for 1000RATSUSDT (Qty: 360.0) @ Price: 0.02224
2025-10-28 12:50:11,885 - ERROR - [upgradebot.py:124] - POST Attempt 1 failed: 500 Server Error: Internal Server Error for url: https://coinswitch.co/trade/api/v2/futures/order
2025-10-28 12:50:15,223 - ERROR - [upgradebot.py:124] - POST Attempt 2 failed: 500 Server Error: Internal Server Error for url: https://coinswitch.co/trade/api/v2/futures/order
2025-10-28 12:50:18,624 - ERROR - [upgradebot.py:124] - POST Attempt 3 failed: 500 Server Error: Internal Server Error for url: https://coinswitch.co/trade/api/v2/futures/order
2025-10-28 12:50:20,626 - ERROR - [upgradebot.py:131] - All retry attempts failed for POST: https://coinswitch.co/trade/api/v2/futures/order
2025-10-28 12:50:20,631 - ERROR - [upgradebot.py:402] - [TRADE] Order failed for 1000RATSUSDT.
2025-10-28 12:50:20,631 - ERROR - [upgradebot.py:509] - LONG Entry order failed for 1000RATSUSDT. TP/SL not placed.
2025-10-28 12:50:21,632 - INFO - [upgradebot.py:431] - --- Checking 1000TAGUSDT (Price: $0.4482) ---
2025-10-28 12:50:24,507 - INFO - [upgradebot.py:455] - Balance $9.0367 meets minimum value $7.6194 for 1000TAGUSDT. Proceeding with analysis.
2025-10-28 12:50:24,508 - INFO - [upgradebot.py:262] - Fetching 90 days of 240-min data for 1000TAGUSDT...
2025-10-28 12:50:27,370 - INFO - [upgradebot.py:348] - 1000TAGUSDT model trained. Accuracy: 0.79
2025-10-28 12:50:27,389 - INFO - [upgradebot.py:473] - [PREDICTION] 1000TAGUSDT: BUY at $0.6651
2025-10-28 12:50:30,343 - INFO - [upgradebot.py:304] - No active position found for 1000TAGUSDT.
2025-10-28 12:50:30,346 - INFO - [upgradebot.py:501] - Calculated LONG Intent: Qty~12.228281, Entry~$0.6638, TP~$0.6970, SL~$0.6505
2025-10-28 12:50:30,347 - INFO - [upgradebot.py:503] - Placing LONG Bracket Order...
2025-10-28 12:50:30,348 - ERROR - [upgradebot.py:386] - Final qty 12.0 < minimum 17.0. Cannot place entry.
2025-10-28 12:50:30,348 - ERROR - [upgradebot.py:509] - LONG Entry order failed for 1000TAGUSDT. TP/SL not placed.
2025-10-28 12:50:31,350 - INFO - [upgradebot.py:431] - --- Checking 1000TOSHIUSDT (Price: $0.7786) ---
2025-10-28 12:50:34,213 - INFO - [upgradebot.py:455] - Balance $9.0367 meets minimum value $7.7860 for 1000TOSHIUSDT. Proceeding with analysis.
2025-10-28 12:50:34,214 - INFO - [upgradebot.py:262] - Fetching 90 days of 240-min data for 1000TOSHIUSDT...
2025-10-28 12:50:37,435 - INFO - [upgradebot.py:348] - 1000TOSHIUSDT model trained. Accuracy: 0.74
2025-10-28 12:50:37,454 - INFO - [upgradebot.py:473] - [PREDICTION] 1000TOSHIUSDT: SELL at $0.5920
2025-10-28 12:50:40,209 - INFO - [upgradebot.py:304] - No active position found for 1000TOSHIUSDT.
2025-10-28 12:50:40,213 - INFO - [upgradebot.py:523] - SELL signal for 1000TOSHIUSDT. Considering SHORT entry.
2025-10-28 12:50:40,214 - INFO - [upgradebot.py:535] - Calculated SHORT Intent: Qty~13.738226, Entry~$0.5932, TP~$0.5635, SL~$0.6050
2025-10-28 12:50:40,215 - INFO - [upgradebot.py:537] - Placing SHORT Bracket Order...
2025-10-28 12:50:40,216 - INFO - [upgradebot.py:392] - [ACTION] Submitting LIMIT SELL for 1000TOSHIUSDT (Qty: 13.0) @ Price: 0.5932
2025-10-28 12:50:42,687 - ERROR - [upgradebot.py:124] - POST Attempt 1 failed: 400 Client Error: Bad Request for url: https://coinswitch.co/trade/api/v2/futures/order
2025-10-28 12:50:46,087 - ERROR - [upgradebot.py:124] - POST Attempt 2 failed: 400 Client Error: Bad Request for url: https://coinswitch.co/trade/api/v2/futures/order
2025-10-28 12:50:49,662 - ERROR - [upgradebot.py:124] - POST Attempt 3 failed: 400 Client Error: Bad Request for url: https://coinswitch.co/trade/api/v2/futures/order
2025-10-28 12:50:51,665 - ERROR - [upgradebot.py:131] - All retry attempts failed for POST: https://coinswitch.co/trade/api/v2/futures/order
2025-10-28 12:50:51,668 - ERROR - [upgradebot.py:402] - [TRADE] Order failed for 1000TOSHIUSDT.
2025-10-28 12:50:51,669 - ERROR - [upgradebot.py:543] - SHORT Entry order failed for 1000TOSHIUSDT. TP/SL not placed.
2025-10-28 12:50:52,670 - INFO - [upgradebot.py:431] - --- Checking 1000TURBOUSDT (Price: $2.4814) ---
2025-10-28 12:50:55,685 - INFO - [upgradebot.py:451] - Skipping 1000TURBOUSDT. Balance $9.0367 is less than minimum order value $9.9256.
2025-10-28 12:50:56,186 - INFO - [upgradebot.py:431] - --- Checking 1000XUSDT (Price: $0.0337) ---
2025-10-28 12:50:58,978 - INFO - [upgradebot.py:455] - Balance $9.0367 meets minimum value $7.5151 for 1000XUSDT. Proceeding with analysis.
2025-10-28 12:50:58,979 - INFO - [upgradebot.py:262] - Fetching 90 days of 240-min data for 1000XUSDT...
2025-10-28 12:51:03,063 - INFO - [upgradebot.py:348] - 1000XUSDT model trained. Accuracy: 0.81
2025-10-28 12:51:03,087 - INFO - [upgradebot.py:473] - [PREDICTION] 1000XUSDT: BUY at $0.04914
2025-10-28 12:51:06,993 - INFO - [upgradebot.py:304] - No active position found for 1000XUSDT.
2025-10-28 12:51:07,000 - INFO - [upgradebot.py:501] - Calculated LONG Intent: Qty~165.507326, Entry~$0.04904, TP~$0.05149, SL~$0.04806
2025-10-28 12:51:07,002 - INFO - [upgradebot.py:503] - Placing LONG Bracket Order...
2025-10-28 12:51:07,004 - ERROR - [upgradebot.py:386] - Final qty 160.0 < minimum 223.0. Cannot place entry.
2025-10-28 12:51:07,008 - ERROR - [upgradebot.py:509] - LONG Entry order failed for 1000XUSDT. TP/SL not placed.
2025-10-28 12:51:08,011 - INFO - [upgradebot.py:431] - --- Checking 1000XECUSDT (Price: $0.0150) ---
2025-10-28 12:51:11,472 - INFO - [upgradebot.py:455] - Balance $9.0367 meets minimum value $7.4899 for 1000XECUSDT. Proceeding with analysis.
2025-10-28 12:51:11,473 - INFO - [upgradebot.py:262] - Fetching 90 days of 240-min data for 1000XECUSDT...
2025-10-28 12:51:14,592 - INFO - [upgradebot.py:348] - 1000XECUSDT model trained. Accuracy: 0.74
2025-10-28 12:51:14,611 - INFO - [upgradebot.py:473] - [PREDICTION] 1000XECUSDT: HOLD at $0.01997
2025-10-28 12:51:17,317 - INFO - [upgradebot.py:304] - No active position found for 1000XECUSDT.
2025-10-28 12:51:17,320 - INFO - [upgradebot.py:546] - ML predicts HOLD for 1000XECUSDT. No action taken.
2025-10-28 12:51:18,322 - INFO - [upgradebot.py:431] - --- Checking 1INCHUSDT (Price: $0.1806) ---
2025-10-28 12:51:21,024 - INFO - [upgradebot.py:455] - Balance $9.0367 meets minimum value $7.4949 for 1INCHUSDT. Proceeding with analysis.
2025-10-28 12:51:21,026 - INFO - [upgradebot.py:262] - Fetching 90 days of 240-min data for 1INCHUSDT...
2025-10-28 12:51:24,166 - INFO - [upgradebot.py:348] - 1INCHUSDT model trained. Accuracy: 0.69
2025-10-28 12:51:24,182 - INFO - [upgradebot.py:473] - [PREDICTION] 1INCHUSDT: HOLD at $0.2556
2025-10-28 12:51:26,861 - INFO - [upgradebot.py:304] - No active position found for 1INCHUSDT.
2025-10-28 12:51:26,865 - INFO - [upgradebot.py:546] - ML predicts HOLD for 1INCHUSDT. No action taken.
2025-10-28 12:51:27,866 - INFO - [upgradebot.py:431] - --- Checking 2ZUSDT (Price: $0.2266) ---
2025-10-28 12:51:30,339 - INFO - [upgradebot.py:455] - Balance $9.0367 meets minimum value $7.7044 for 2ZUSDT. Proceeding with analysis.
2025-10-28 12:51:30,340 - INFO - [upgradebot.py:262] - Fetching 90 days of 240-min data for 2ZUSDT...
2025-10-28 12:51:33,679 - INFO - [upgradebot.py:348] - 2ZUSDT model trained. Accuracy: 0.82
2025-10-28 12:51:33,700 - INFO - [upgradebot.py:473] - [PREDICTION] 2ZUSDT: BUY at $0.5673
2025-10-28 12:51:36,593 - INFO - [upgradebot.py:304] - No active position found for 2ZUSDT.
2025-10-28 12:51:36,596 - INFO - [upgradebot.py:501] - Calculated LONG Intent: Qty~14.336383, Entry~$0.5662, TP~$0.5945, SL~$0.5548
2025-10-28 12:51:36,597 - INFO - [upgradebot.py:503] - Placing LONG Bracket Order...
2025-10-28 12:51:36,598 - ERROR - [upgradebot.py:386] - Final qty 14.0 < minimum 34.0. Cannot place entry.
2025-10-28 12:51:36,599 - ERROR - [upgradebot.py:509] - LONG Entry order failed for 2ZUSDT. TP/SL not placed.
2025-10-28 12:51:37,600 - INFO - [upgradebot.py:431] - --- Checking 4USDT (Price: $0.1163) ---
2025-10-28 12:51:40,407 - INFO - [upgradebot.py:455] - Balance $9.0367 meets minimum value $7.5595 for 4USDT. Proceeding with analysis.
2025-10-28 12:51:40,407 - INFO - [upgradebot.py:262] - Fetching 90 days of 240-min data for 4USDT...
2025-10-28 12:51:43,362 - INFO - [upgradebot.py:348] - 4USDT model trained. Accuracy: 0.81
2025-10-28 12:51:43,376 - INFO - [upgradebot.py:473] - [PREDICTION] 4USDT: SELL at $0.2703
2025-10-28 12:51:46,129 - INFO - [upgradebot.py:304] - No active position found for 4USDT.
2025-10-28 12:51:46,132 - INFO - [upgradebot.py:523] - SELL signal for 4USDT. Considering SHORT entry.
2025-10-28 12:51:46,133 - INFO - [upgradebot.py:535] - Calculated SHORT Intent: Qty~30.088901, Entry~$0.2708, TP~$0.2573, SL~$0.2763
2025-10-28 12:51:46,133 - INFO - [upgradebot.py:537] - Placing SHORT Bracket Order...
2025-10-28 12:51:46,134 - ERROR - [upgradebot.py:386] - Final qty 30.0 < minimum 65.0. Cannot place entry.
2025-10-28 12:51:46,135 - ERROR - [upgradebot.py:543] - SHORT Entry order failed for 4USDT. TP/SL not placed.
2025-10-28 12:51:47,136 - INFO - [upgradebot.py:431] - --- Checking AUSDT (Price: $0.2953) ---
2025-10-28 12:51:49,895 - INFO - [upgradebot.py:455] - Balance $9.0367 meets minimum value $7.6778 for AUSDT. Proceeding with analysis.
2025-10-28 12:51:49,895 - INFO - [upgradebot.py:262] - Fetching 90 days of 240-min data for AUSDT...
2025-10-28 12:51:52,721 - INFO - [upgradebot.py:348] - AUSDT model trained. Accuracy: 0.69
2025-10-28 12:51:52,737 - INFO - [upgradebot.py:473] - [PREDICTION] AUSDT: HOLD at $0.4848
2025-10-28 12:51:55,284 - INFO - [upgradebot.py:304] - No active position found for AUSDT.
2025-10-28 12:51:55,287 - INFO - [upgradebot.py:546] - ML predicts HOLD for AUSDT. No action taken.
2025-10-28 12:51:56,288 - INFO - [upgradebot.py:431] - --- Checking A2ZUSDT (Price: $0.0039) ---
2025-10-28 12:51:58,765 - INFO - [upgradebot.py:455] - Balance $9.0367 meets minimum value $7.4980 for A2ZUSDT. Proceeding with analysis.
2025-10-28 12:51:58,766 - INFO - [upgradebot.py:262] - Fetching 90 days of 240-min data for A2ZUSDT...
2025-10-28 12:52:01,831 - INFO - [upgradebot.py:348] - A2ZUSDT model trained. Accuracy: 0.69
2025-10-28 12:52:01,847 - INFO - [upgradebot.py:473] - [PREDICTION] A2ZUSDT: BUY at $0.006145
2025-10-28 12:52:04,307 - INFO - [upgradebot.py:304] - No active position found for A2ZUSDT.
2025-10-28 12:52:04,311 - INFO - [upgradebot.py:501] - Calculated LONG Intent: Qty~1323.519935, Entry~$0.006133, TP~$0.006439, SL~$0.006010
2025-10-28 12:52:04,312 - INFO - [upgradebot.py:503] - Placing LONG Bracket Order...
2025-10-28 12:52:04,313 - ERROR - [upgradebot.py:386] - Final qty 1300.0 < minimum 1928.0. Cannot place entry.
2025-10-28 12:52:04,313 - ERROR - [upgradebot.py:509] - LONG Entry order failed for A2ZUSDT. TP/SL not placed.
2025-10-28 12:52:05,315 - INFO - [upgradebot.py:431] - --- Checking A8USDT (Price: $0.0595) ---
2025-10-28 12:52:07,866 - INFO - [upgradebot.py:455] - Balance $9.0367 meets minimum value $7.4995 for A8USDT. Proceeding with analysis.
2025-10-28 12:52:07,867 - INFO - [upgradebot.py:262] - Fetching 90 days of 240-min data for A8USDT...
2025-10-28 12:52:10,725 - INFO - [upgradebot.py:348] - A8USDT model trained. Accuracy: 0.86
2025-10-28 12:52:10,741 - INFO - [upgradebot.py:473] - [PREDICTION] A8USDT: HOLD at $0.10619
2025-10-28 12:52:13,387 - INFO - [upgradebot.py:304] - No active position found for A8USDT.
2025-10-28 12:52:13,390 - INFO - [upgradebot.py:546] - ML predicts HOLD for A8USDT. No action taken.
2025-10-28 12:52:14,392 - INFO - [upgradebot.py:431] - --- Checking AAVEUSDT (Price: $237.0200) ---
2025-10-28 12:52:16,852 - INFO - [upgradebot.py:451] - Skipping AAVEUSDT. Balance $9.0367 is less than minimum order value $9.4808.
2025-10-28 12:52:17,353 - INFO - [upgradebot.py:431] - --- Checking ACEUSDT (Price: $0.3056) ---
2025-10-28 12:52:19,917 - INFO - [upgradebot.py:455] - Balance $9.0367 meets minimum value $7.5178 for ACEUSDT. Proceeding with analysis.
2025-10-28 12:52:19,918 - INFO - [upgradebot.py:262] - Fetching 90 days of 240-min data for ACEUSDT...
2025-10-28 12:52:22,698 - INFO - [upgradebot.py:348] - ACEUSDT model trained. Accuracy: 0.79
2025-10-28 12:52:22,710 - INFO - [upgradebot.py:473] - [PREDICTION] ACEUSDT: HOLD at $0.6013
2025-10-28 12:52:25,524 - INFO - [upgradebot.py:304] - No active position found for ACEUSDT.
2025-10-28 12:52:25,528 - INFO - [upgradebot.py:546] - ML predicts HOLD for ACEUSDT. No action taken.
2025-10-28 12:52:26,529 - INFO - [upgradebot.py:431] - --- Checking ACHUSDT (Price: $0.0130) ---
2025-10-28 12:52:28,953 - INFO - [upgradebot.py:455] - Balance $9.0367 meets minimum value $7.4993 for ACHUSDT. Proceeding with analysis.
2025-10-28 12:52:28,954 - INFO - [upgradebot.py:262] - Fetching 90 days of 240-min data for ACHUSDT...
2025-10-28 12:52:31,780 - INFO - [upgradebot.py:348] - ACHUSDT model trained. Accuracy: 0.81
2025-10-28 12:52:31,798 - INFO - [upgradebot.py:473] - [PREDICTION] ACHUSDT: HOLD at $0.020600
2025-10-28 12:52:34,385 - INFO - [upgradebot.py:304] - No active position found for ACHUSDT.
2025-10-28 12:52:34,388 - INFO - [upgradebot.py:546] - ML predicts HOLD for ACHUSDT. No action taken.
2025-10-28 12:52:35,390 - INFO - [upgradebot.py:431] - --- Checking ACTUSDT (Price: $0.0230) ---
2025-10-28 12:52:37,934 - INFO - [upgradebot.py:455] - Balance $9.0367 meets minimum value $7.4947 for ACTUSDT. Proceeding with analysis.
2025-10-28 12:52:37,934 - INFO - [upgradebot.py:262] - Fetching 90 days of 240-min data for ACTUSDT...
2025-10-28 12:52:40,765 - INFO - [upgradebot.py:348] - ACTUSDT model trained. Accuracy: 0.76
2025-10-28 12:52:40,781 - INFO - [upgradebot.py:473] - [PREDICTION] ACTUSDT: SELL at $0.03729
2025-10-28 12:52:43,441 - INFO - [upgradebot.py:304] - No active position found for ACTUSDT.
2025-10-28 12:52:43,446 - INFO - [upgradebot.py:523] - SELL signal for ACTUSDT. Considering SHORT entry.
2025-10-28 12:52:43,447 - INFO - [upgradebot.py:535] - Calculated SHORT Intent: Qty~218.102172, Entry~$0.03736, TP~$0.03550, SL~$0.03811
2025-10-28 12:52:43,448 - INFO - [upgradebot.py:537] - Placing SHORT Bracket Order...
2025-10-28 12:52:43,449 - ERROR - [upgradebot.py:386] - Final qty 218.0 < minimum 326.0. Cannot place entry.
2025-10-28 12:52:43,449 - ERROR - [upgradebot.py:543] - SHORT Entry order failed for ACTUSDT. TP/SL not placed.
2025-10-28 12:52:44,451 - INFO - [upgradebot.py:431] - --- Checking ACXUSDT (Price: $0.0712) ---
2025-10-28 12:52:46,951 - INFO - [upgradebot.py:455] - Balance $9.0367 meets minimum value $7.4802 for ACXUSDT. Proceeding with analysis.
2025-10-28 12:52:46,951 - INFO - [upgradebot.py:262] - Fetching 90 days of 240-min data for ACXUSDT...
2025-10-28 12:52:49,842 - INFO - [upgradebot.py:348] - ACXUSDT model trained. Accuracy: 0.71
2025-10-28 12:52:49,857 - INFO - [upgradebot.py:473] - [PREDICTION] ACXUSDT: HOLD at $0.14880
2025-10-28 12:52:52,340 - INFO - [upgradebot.py:304] - No active position found for ACXUSDT.
2025-10-28 12:52:52,346 - INFO - [upgradebot.py:546] - ML predicts HOLD for ACXUSDT. No action taken.
2025-10-28 12:52:53,347 - INFO - [upgradebot.py:431] - --- Checking ADAUSDT (Price: $0.6651) ---
2025-10-28 12:52:55,948 - INFO - [upgradebot.py:455] - Balance $9.0367 meets minimum value $7.9812 for ADAUSDT. Proceeding with analysis.
2025-10-28 12:52:55,949 - INFO - [upgradebot.py:262] - Fetching 90 days of 240-min data for ADAUSDT...
2025-10-28 12:52:59,116 - INFO - [upgradebot.py:348] - ADAUSDT model trained. Accuracy: 0.88
2025-10-28 12:52:59,135 - INFO - [upgradebot.py:473] - [PREDICTION] ADAUSDT: SELL at $0.8628
2025-10-28 12:53:01,946 - INFO - [upgradebot.py:304] - No active position found for ADAUSDT.
2025-10-28 12:53:01,952 - INFO - [upgradebot.py:523] - SELL signal for ADAUSDT. Considering SHORT entry.
2025-10-28 12:53:01,953 - INFO - [upgradebot.py:535] - Calculated SHORT Intent: Qty~9.426321, Entry~$0.8645, TP~$0.8213, SL~$0.8818
2025-10-28 12:53:01,954 - INFO - [upgradebot.py:537] - Placing SHORT Bracket Order...
2025-10-28 12:53:01,956 - ERROR - [upgradebot.py:386] - Final qty 9.0 < minimum 12.0. Cannot place entry.
2025-10-28 12:53:01,957 - ERROR - [upgradebot.py:543] - SHORT Entry order failed for ADAUSDT. TP/SL not placed.
2025-10-28 12:53:02,959 - INFO - [upgradebot.py:431] - --- Checking AERGOUSDT (Price: $0.0785) ---
2025-10-28 12:53:05,560 - INFO - [upgradebot.py:455] - Balance $9.0367 meets minimum value $7.5322 for AERGOUSDT. Proceeding with analysis.
2025-10-28 12:53:05,560 - INFO - [upgradebot.py:262] - Fetching 90 days of 240-min data for AERGOUSDT...
2025-10-28 12:53:09,101 - INFO - [upgradebot.py:348] - AERGOUSDT model trained. Accuracy: 0.93
2025-10-28 12:53:09,118 - INFO - [upgradebot.py:473] - [PREDICTION] AERGOUSDT: HOLD at $0.10665
2025-10-28 12:53:12,220 - INFO - [upgradebot.py:304] - No active position found for AERGOUSDT.
2025-10-28 12:53:12,236 - INFO - [upgradebot.py:546] - ML predicts HOLD for AERGOUSDT. No action taken.
2025-10-28 12:53:13,238 - INFO - [upgradebot.py:431] - --- Checking AEROUSDT (Price: $0.9028) ---
2025-10-28 12:53:17,154 - INFO - [upgradebot.py:455] - Balance $9.0367 meets minimum value $8.1252 for AEROUSDT. Proceeding with analysis.
2025-10-28 12:53:17,155 - INFO - [upgradebot.py:262] - Fetching 90 days of 240-min data for AEROUSDT...
2025-10-28 12:53:21,320 - INFO - [upgradebot.py:348] - AEROUSDT model trained. Accuracy: 0.81
2025-10-28 12:53:21,338 - INFO - [upgradebot.py:473] - [PREDICTION] AEROUSDT: HOLD at $1.2356
2025-10-28 12:53:23,766 - INFO - [upgradebot.py:304] - No active position found for AEROUSDT.
2025-10-28 12:53:23,769 - INFO - [upgradebot.py:546] - ML predicts HOLD for AEROUSDT. No action taken.
2025-10-28 12:53:24,770 - INFO - [upgradebot.py:431] - --- Checking AEVOUSDT (Price: $0.0649) ---
2025-10-28 12:53:28,174 - INFO - [upgradebot.py:455] - Balance $9.0367 meets minimum value $7.4765 for AEVOUSDT. Proceeding with analysis.
2025-10-28 12:53:28,176 - INFO - [upgradebot.py:262] - Fetching 90 days of 240-min data for AEVOUSDT...
2025-10-28 12:53:31,634 - INFO - [upgradebot.py:348] - AEVOUSDT model trained. Accuracy: 0.81
2025-10-28 12:53:31,651 - INFO - [upgradebot.py:473] - [PREDICTION] AEVOUSDT: SELL at $0.09350
2025-10-28 12:53:34,649 - INFO - [upgradebot.py:304] - No active position found for AEVOUSDT.
2025-10-28 12:53:34,652 - INFO - [upgradebot.py:523] - SELL signal for AEVOUSDT. Considering SHORT entry.
2025-10-28 12:53:34,652 - INFO - [upgradebot.py:535] - Calculated SHORT Intent: Qty~86.984278, Entry~$0.09369, TP~$0.08900, SL~$0.09556
2025-10-28 12:53:34,653 - INFO - [upgradebot.py:537] - Placing SHORT Bracket Order...
2025-10-28 12:53:34,653 - ERROR - [upgradebot.py:386] - Final qty 86.9 < minimum 115.2. Cannot place entry.
2025-10-28 12:53:34,654 - ERROR - [upgradebot.py:543] - SHORT Entry order failed for AEVOUSDT. TP/SL not placed.
2025-10-28 12:53:35,655 - INFO - [upgradebot.py:431] - --- Checking AGIUSDT (Price: $0.0296) ---
2025-10-28 12:53:38,703 - INFO - [upgradebot.py:455] - Balance $9.0367 meets minimum value $7.4989 for AGIUSDT. Proceeding with analysis.
2025-10-28 12:53:38,705 - INFO - [upgradebot.py:262] - Fetching 90 days of 240-min data for AGIUSDT...
2025-10-28 12:53:41,974 - INFO - [upgradebot.py:348] - AGIUSDT model trained. Accuracy: 0.74
2025-10-28 12:53:41,993 - INFO - [upgradebot.py:473] - [PREDICTION] AGIUSDT: HOLD at $0.05243
2025-10-28 12:53:45,145 - INFO - [upgradebot.py:304] - No active position found for AGIUSDT.
2025-10-28 12:53:45,149 - INFO - [upgradebot.py:546] - ML predicts HOLD for AGIUSDT. No action taken.
2025-10-28 12:53:46,150 - INFO - [upgradebot.py:431] - --- Checking AGLDUSDT (Price: $0.4125) ---
2025-10-28 12:53:48,847 - INFO - [upgradebot.py:455] - Balance $9.0367 meets minimum value $7.5075 for AGLDUSDT. Proceeding with analysis.
2025-10-28 12:53:48,848 - INFO - [upgradebot.py:262] - Fetching 90 days of 240-min data for AGLDUSDT...
2025-10-28 12:53:52,621 - INFO - [upgradebot.py:348] - AGLDUSDT model trained. Accuracy: 0.71
2025-10-28 12:53:52,634 - INFO - [upgradebot.py:473] - [PREDICTION] AGLDUSDT: SELL at $0.6851
2025-10-28 12:53:56,325 - INFO - [upgradebot.py:304] - No active position found for AGLDUSDT.
2025-10-28 12:53:56,331 - INFO - [upgradebot.py:523] - SELL signal for AGLDUSDT. Considering SHORT entry.
2025-10-28 12:53:56,332 - INFO - [upgradebot.py:535] - Calculated SHORT Intent: Qty~11.871303, Entry~$0.6865, TP~$0.6521, SL~$0.7002
2025-10-28 12:53:56,332 - INFO - [upgradebot.py:537] - Placing SHORT Bracket Order...
2025-10-28 12:53:56,333 - ERROR - [upgradebot.py:386] - Final qty 11.8 < minimum 18.2. Cannot place entry.
2025-10-28 12:53:56,333 - ERROR - [upgradebot.py:543] - SHORT Entry order failed for AGLDUSDT. TP/SL not placed.
2025-10-28 12:53:57,335 - INFO - [upgradebot.py:431] - --- Checking AIUSDT (Price: $0.0768) ---
2025-10-28 12:54:00,748 - INFO - [upgradebot.py:455] - Balance $9.0367 meets minimum value $7.4726 for AIUSDT. Proceeding with analysis.
2025-10-28 12:54:00,750 - INFO - [upgradebot.py:262] - Fetching 90 days of 240-min data for AIUSDT...
2025-10-28 12:54:04,993 - INFO - [upgradebot.py:348] - AIUSDT model trained. Accuracy: 0.62
2025-10-28 12:54:05,004 - INFO - [upgradebot.py:473] - [PREDICTION] AIUSDT: SELL at $0.13530
2025-10-28 12:54:08,819 - INFO - [upgradebot.py:304] - No active position found for AIUSDT.
2025-10-28 12:54:08,829 - INFO - [upgradebot.py:523] - SELL signal for AIUSDT. Considering SHORT entry.
2025-10-28 12:54:08,830 - INFO - [upgradebot.py:535] - Calculated SHORT Intent: Qty~60.111086, Entry~$0.13557, TP~$0.12879, SL~$0.13828
2025-10-28 12:54:08,831 - INFO - [upgradebot.py:537] - Placing SHORT Bracket Order...
2025-10-28 12:54:08,833 - ERROR - [upgradebot.py:386] - Final qty 60.1 < minimum 97.3. Cannot place entry.
2025-10-28 12:54:08,834 - ERROR - [upgradebot.py:543] - SHORT Entry order failed for AIUSDT. TP/SL not placed.
2025-10-28 12:54:09,836 - INFO - [upgradebot.py:431] - --- Checking AI16ZUSDT (Price: $0.0640) ---
2025-10-28 12:54:13,525 - INFO - [upgradebot.py:455] - Balance $9.0367 meets minimum value $7.5496 for AI16ZUSDT. Proceeding with analysis.
2025-10-28 12:54:13,527 - INFO - [upgradebot.py:262] - Fetching 90 days of 240-min data for AI16ZUSDT...
2025-10-28 12:54:17,490 - INFO - [upgradebot.py:348] - AI16ZUSDT model trained. Accuracy: 0.74
2025-10-28 12:54:17,507 - INFO - [upgradebot.py:473] - [PREDICTION] AI16ZUSDT: SELL at $0.11710
2025-10-28 12:54:20,961 - INFO - [upgradebot.py:304] - No active position found for AI16ZUSDT.
2025-10-28 12:54:20,965 - INFO - [upgradebot.py:523] - SELL signal for AI16ZUSDT. Considering SHORT entry.
2025-10-28 12:54:20,966 - INFO - [upgradebot.py:535] - Calculated SHORT Intent: Qty~69.453715, Entry~$0.11733, TP~$0.11147, SL~$0.11968
2025-10-28 12:54:20,966 - INFO - [upgradebot.py:537] - Placing SHORT Bracket Order...
2025-10-28 12:54:20,967 - ERROR - [upgradebot.py:386] - Final qty 69.0 < minimum 118.0. Cannot place entry.
2025-10-28 12:54:20,968 - ERROR - [upgradebot.py:543] - SHORT Entry order failed for AI16ZUSDT. TP/SL not placed.
2025-10-28 12:54:21,969 - INFO - [upgradebot.py:431] - --- Checking AIAUSDT (Price: $1.1933) ---
2025-10-28 12:54:25,633 - INFO - [upgradebot.py:455] - Balance $9.0367 meets minimum value $8.3531 for AIAUSDT. Proceeding with analysis.
2025-10-28 12:54:25,633 - INFO - [upgradebot.py:262] - Fetching 90 days of 240-min data for AIAUSDT...
2025-10-28 12:54:28,922 - INFO - [upgradebot.py:348] - AIAUSDT model trained. Accuracy: 0.82
2025-10-28 12:54:28,935 - INFO - [upgradebot.py:473] - [PREDICTION] AIAUSDT: SELL at $0.4042
2025-10-28 12:54:31,244 - INFO - [upgradebot.py:304] - No active position found for AIAUSDT.
2025-10-28 12:54:31,247 - INFO - [upgradebot.py:523] - SELL signal for AIAUSDT. Considering SHORT entry.
2025-10-28 12:54:31,247 - WARNING - [upgradebot.py:528] - Skipping AIAUSDT SHORT. Investment $8.1330 < min value $8.3531.
2025-10-28 12:54:31,248 - INFO - [upgradebot.py:431] - --- Checking AINUSDT (Price: $0.1452) ---
2025-10-28 12:54:33,590 - INFO - [upgradebot.py:455] - Balance $9.0367 meets minimum value $7.4047 for AINUSDT. Proceeding with analysis.
2025-10-28 12:54:33,590 - INFO - [upgradebot.py:262] - Fetching 90 days of 240-min data for AINUSDT...
2025-10-28 12:54:37,063 - INFO - [upgradebot.py:348] - AINUSDT model trained. Accuracy: 0.64
2025-10-28 12:54:37,094 - INFO - [upgradebot.py:473] - [PREDICTION] AINUSDT: BUY at $0.12176
2025-10-28 12:54:40,304 - INFO - [upgradebot.py:304] - No active position found for AINUSDT.
2025-10-28 12:54:40,311 - INFO - [upgradebot.py:501] - Calculated LONG Intent: Qty~66.795581, Entry~$0.12152, TP~$0.12759, SL~$0.11909
2025-10-28 12:54:40,312 - INFO - [upgradebot.py:503] - Placing LONG Bracket Order...
2025-10-28 12:54:40,313 - INFO - [upgradebot.py:392] - [ACTION] Submitting LIMIT BUY for AINUSDT (Qty: 60.0) @ Price: 0.12152
2025-10-28 12:54:43,575 - ERROR - [upgradebot.py:124] - POST Attempt 1 failed: 500 Server Error: Internal Server Error for url: https://coinswitch.co/trade/api/v2/futures/order
2025-10-28 12:54:47,220 - ERROR - [upgradebot.py:124] - POST Attempt 2 failed: 500 Server Error: Internal Server Error for url: https://coinswitch.co/trade/api/v2/futures/order
2025-10-28 12:54:50,673 - ERROR - [upgradebot.py:124] - POST Attempt 3 failed: 500 Server Error: Internal Server Error for url: https://coinswitch.co/trade/api/v2/futures/order
2025-10-28 12:54:52,674 - ERROR - [upgradebot.py:131] - All retry attempts failed for POST: https://coinswitch.co/trade/api/v2/futures/order
2025-10-28 12:54:52,683 - ERROR - [upgradebot.py:402] - [TRADE] Order failed for AINUSDT.
2025-10-28 12:54:52,684 - ERROR - [upgradebot.py:509] - LONG Entry order failed for AINUSDT. TP/SL not placed.
2025-10-28 12:54:53,686 - INFO - [upgradebot.py:431] - --- Checking AIOUSDT (Price: $0.1495) ---
2025-10-28 12:54:56,756 - INFO - [upgradebot.py:455] - Balance $9.0367 meets minimum value $7.6270 for AIOUSDT. Proceeding with analysis.
2025-10-28 12:54:56,756 - INFO - [upgradebot.py:262] - Fetching 90 days of 240-min data for AIOUSDT...
2025-10-28 12:55:00,765 - INFO - [upgradebot.py:348] - AIOUSDT model trained. Accuracy: 0.71
2025-10-28 12:55:00,796 - INFO - [upgradebot.py:473] - [PREDICTION] AIOUSDT: SELL at $0.14883
2025-10-28 12:55:04,386 - INFO - [upgradebot.py:304] - No active position found for AIOUSDT.
2025-10-28 12:55:04,396 - INFO - [upgradebot.py:523] - SELL signal for AIOUSDT. Considering SHORT entry.
2025-10-28 12:55:04,397 - INFO - [upgradebot.py:535] - Calculated SHORT Intent: Qty~54.646442, Entry~$0.14913, TP~$0.14167, SL~$0.15211
2025-10-28 12:55:04,398 - INFO - [upgradebot.py:537] - Placing SHORT Bracket Order...
2025-10-28 12:55:04,400 - ERROR - [upgradebot.py:386] - Final qty 50.0 < minimum 51.0. Cannot place entry.
2025-10-28 12:55:04,401 - ERROR - [upgradebot.py:543] - SHORT Entry order failed for AIOUSDT. TP/SL not placed.
2025-10-28 12:55:05,402 - INFO - [upgradebot.py:431] - --- Checking AIOZUSDT (Price: $0.1968) ---
2025-10-28 12:55:08,925 - INFO - [upgradebot.py:455] - Balance $9.0367 meets minimum value $7.6752 for AIOZUSDT. Proceeding with analysis.
2025-10-28 12:55:08,926 - INFO - [upgradebot.py:262] - Fetching 90 days of 240-min data for AIOZUSDT...
2025-10-28 12:55:12,900 - INFO - [upgradebot.py:348] - AIOZUSDT model trained. Accuracy: 0.78
2025-10-28 12:55:12,919 - INFO - [upgradebot.py:473] - [PREDICTION] AIOZUSDT: HOLD at $0.3364
2025-10-28 12:55:15,897 - INFO - [upgradebot.py:304] - No active position found for AIOZUSDT.
2025-10-28 12:55:15,901 - INFO - [upgradebot.py:546] - ML predicts HOLD for AIOZUSDT. No action taken.
2025-10-28 12:55:16,902 - INFO - [upgradebot.py:431] - --- Checking AIXBTUSDT (Price: $0.0813) ---
2025-10-28 12:55:20,307 - INFO - [upgradebot.py:455] - Balance $9.0367 meets minimum value $7.5572 for AIXBTUSDT. Proceeding with analysis.
2025-10-28 12:55:20,309 - INFO - [upgradebot.py:262] - Fetching 90 days of 240-min data for AIXBTUSDT...
2025-10-28 12:55:24,260 - INFO - [upgradebot.py:348] - AIXBTUSDT model trained. Accuracy: 0.76
2025-10-28 12:55:24,287 - INFO - [upgradebot.py:473] - [PREDICTION] AIXBTUSDT: SELL at $0.12060
2025-10-28 12:55:27,392 - INFO - [upgradebot.py:304] - No active position found for AIXBTUSDT.
2025-10-28 12:55:27,396 - INFO - [upgradebot.py:523] - SELL signal for AIXBTUSDT. Considering SHORT entry.
2025-10-28 12:55:27,396 - INFO - [upgradebot.py:535] - Calculated SHORT Intent: Qty~67.438060, Entry~$0.12084, TP~$0.11480, SL~$0.12326
2025-10-28 12:55:27,397 - INFO - [upgradebot.py:537] - Placing SHORT Bracket Order...
2025-10-28 12:55:27,398 - ERROR - [upgradebot.py:386] - Final qty 60.0 < minimum 93.0. Cannot place entry.
2025-10-28 12:55:27,398 - ERROR - [upgradebot.py:543] - SHORT Entry order failed for AIXBTUSDT. TP/SL not placed.
2025-10-28 12:55:28,400 - INFO - [upgradebot.py:431] - --- Checking AKEUSDT (Price: $0.0016) ---
2025-10-28 12:55:31,778 - INFO - [upgradebot.py:455] - Balance $9.0367 meets minimum value $7.4964 for AKEUSDT. Proceeding with analysis.
2025-10-28 12:55:31,779 - INFO - [upgradebot.py:262] - Fetching 90 days of 240-min data for AKEUSDT...
2025-10-28 12:55:35,659 - INFO - [upgradebot.py:348] - AKEUSDT model trained. Accuracy: 0.63
2025-10-28 12:55:35,688 - INFO - [upgradebot.py:473] - [PREDICTION] AKEUSDT: SELL at $0.001375
2025-10-28 12:55:39,006 - INFO - [upgradebot.py:304] - No active position found for AKEUSDT.
2025-10-28 12:55:39,012 - INFO - [upgradebot.py:523] - SELL signal for AKEUSDT. Considering SHORT entry.
2025-10-28 12:55:39,013 - INFO - [upgradebot.py:535] - Calculated SHORT Intent: Qty~5914.930909, Entry~$0.001378, TP~$0.001309, SL~$0.001405
2025-10-28 12:55:39,015 - INFO - [upgradebot.py:537] - Placing SHORT Bracket Order...
2025-10-28 12:55:39,016 - INFO - [upgradebot.py:392] - [ACTION] Submitting LIMIT SELL for AKEUSDT (Qty: 5900.0) @ Price: 0.001378
2025-10-28 12:55:42,551 - ERROR - [upgradebot.py:124] - POST Attempt 1 failed: 400 Client Error: Bad Request for url: https://coinswitch.co/trade/api/v2/futures/order
2025-10-28 12:55:46,944 - ERROR - [upgradebot.py:124] - POST Attempt 2 failed: 400 Client Error: Bad Request for url: https://coinswitch.co/trade/api/v2/futures/order
2025-10-28 12:55:50,835 - ERROR - [upgradebot.py:124] - POST Attempt 3 failed: 400 Client Error: Bad Request for url: https://coinswitch.co/trade/api/v2/futures/order
2025-10-28 12:55:52,838 - ERROR - [upgradebot.py:131] - All retry attempts failed for POST: https://coinswitch.co/trade/api/v2/futures/order
2025-10-28 12:55:52,845 - ERROR - [upgradebot.py:402] - [TRADE] Order failed for AKEUSDT.
2025-10-28 12:55:52,848 - ERROR - [upgradebot.py:543] - SHORT Entry order failed for AKEUSDT. TP/SL not placed.
2025-10-28 12:55:53,849 - INFO - [upgradebot.py:431] - --- Checking AKTUSDT (Price: $0.8156) ---
2025-10-28 12:55:57,262 - INFO - [upgradebot.py:455] - Balance $9.0367 meets minimum value $7.5035 for AKTUSDT. Proceeding with analysis.
2025-10-28 12:55:57,264 - INFO - [upgradebot.py:262] - Fetching 90 days of 240-min data for AKTUSDT...
2025-10-28 12:56:01,658 - INFO - [upgradebot.py:348] - AKTUSDT model trained. Accuracy: 0.79
2025-10-28 12:56:01,678 - INFO - [upgradebot.py:473] - [PREDICTION] AKTUSDT: HOLD at $1.1490
2025-10-28 12:56:05,239 - INFO - [upgradebot.py:304] - No active position found for AKTUSDT.
2025-10-28 12:56:05,247 - INFO - [upgradebot.py:546] - ML predicts HOLD for AKTUSDT. No action taken.
2025-10-28 12:56:06,248 - INFO - [upgradebot.py:431] - --- Checking ALCHUSDT (Price: $0.0778) ---
2025-10-28 12:56:09,629 - INFO - [upgradebot.py:455] - Balance $9.0367 meets minimum value $7.4678 for ALCHUSDT. Proceeding with analysis.
2025-10-28 12:56:09,630 - INFO - [upgradebot.py:262] - Fetching 90 days of 240-min data for ALCHUSDT...
2025-10-28 12:56:13,523 - INFO - [upgradebot.py:348] - ALCHUSDT model trained. Accuracy: 0.69
2025-10-28 12:56:13,550 - INFO - [upgradebot.py:473] - [PREDICTION] ALCHUSDT: HOLD at $0.08692
2025-10-28 12:56:16,740 - INFO - [upgradebot.py:304] - No active position found for ALCHUSDT.
2025-10-28 12:56:16,746 - INFO - [upgradebot.py:546] - ML predicts HOLD for ALCHUSDT. No action taken.
2025-10-28 12:56:17,747 - INFO - [upgradebot.py:431] - --- Checking ALEOUSDT (Price: $0.2551) ---
2025-10-28 12:56:21,494 - INFO - [upgradebot.py:455] - Balance $9.0367 meets minimum value $7.6530 for ALEOUSDT. Proceeding with analysis.
2025-10-28 12:56:21,495 - INFO - [upgradebot.py:262] - Fetching 90 days of 240-min data for ALEOUSDT...
2025-10-28 12:56:25,560 - INFO - [upgradebot.py:348] - ALEOUSDT model trained. Accuracy: 0.81
2025-10-28 12:56:25,579 - INFO - [upgradebot.py:473] - [PREDICTION] ALEOUSDT: BUY at $0.2460
2025-10-28 12:56:29,067 - INFO - [upgradebot.py:304] - No active position found for ALEOUSDT.
2025-10-28 12:56:29,071 - INFO - [upgradebot.py:501] - Calculated LONG Intent: Qty~33.061098, Entry~$0.2455, TP~$0.2578, SL~$0.2406
2025-10-28 12:56:29,072 - INFO - [upgradebot.py:503] - Placing LONG Bracket Order...
2025-10-28 12:56:29,073 - INFO - [upgradebot.py:392] - [ACTION] Submitting LIMIT BUY for ALEOUSDT (Qty: 33.0) @ Price: 0.2455
2025-10-28 12:56:32,458 - ERROR - [upgradebot.py:124] - POST Attempt 1 failed: 500 Server Error: Internal Server Error for url: https://coinswitch.co/trade/api/v2/futures/order
2025-10-28 12:56:35,979 - ERROR - [upgradebot.py:124] - POST Attempt 2 failed: 500 Server Error: Internal Server Error for url: https://coinswitch.co/trade/api/v2/futures/order
2025-10-28 12:56:39,646 - ERROR - [upgradebot.py:124] - POST Attempt 3 failed: 500 Server Error: Internal Server Error for url: https://coinswitch.co/trade/api/v2/futures/order
2025-10-28 12:56:41,647 - ERROR - [upgradebot.py:131] - All retry attempts failed for POST: https://coinswitch.co/trade/api/v2/futures/order
2025-10-28 12:56:41,654 - ERROR - [upgradebot.py:402] - [TRADE] Order failed for ALEOUSDT.
2025-10-28 12:56:41,655 - ERROR - [upgradebot.py:509] - LONG Entry order failed for ALEOUSDT. TP/SL not placed.
2025-10-28 12:56:42,656 - INFO - [upgradebot.py:431] - --- Checking ALGOUSDT (Price: $0.1948) ---
2025-10-28 12:56:46,140 - INFO - [upgradebot.py:455] - Balance $9.0367 meets minimum value $7.4608 for ALGOUSDT. Proceeding with analysis.
2025-10-28 12:56:46,141 - INFO - [upgradebot.py:262] - Fetching 90 days of 240-min data for ALGOUSDT...
2025-10-28 12:56:50,156 - INFO - [upgradebot.py:348] - ALGOUSDT model trained. Accuracy: 0.71
2025-10-28 12:56:50,197 - INFO - [upgradebot.py:473] - [PREDICTION] ALGOUSDT: HOLD at $0.2410
2025-10-28 12:56:53,821 - INFO - [upgradebot.py:304] - No active position found for ALGOUSDT.
2025-10-28 12:56:53,825 - INFO - [upgradebot.py:546] - ML predicts HOLD for ALGOUSDT. No action taken.
2025-10-28 12:56:54,827 - INFO - [upgradebot.py:431] - --- Checking ALICEUSDT (Price: $0.3198) ---
2025-10-28 12:56:57,927 - INFO - [upgradebot.py:455] - Balance $9.0367 meets minimum value $7.4833 for ALICEUSDT. Proceeding with analysis.
2025-10-28 12:56:57,929 - INFO - [upgradebot.py:262] - Fetching 90 days of 240-min data for ALICEUSDT...
2025-10-28 12:57:01,855 - INFO - [upgradebot.py:348] - ALICEUSDT model trained. Accuracy: 0.80
2025-10-28 12:57:01,873 - INFO - [upgradebot.py:473] - [PREDICTION] ALICEUSDT: SELL at $0.3871
2025-10-28 12:57:05,130 - INFO - [upgradebot.py:304] - No active position found for ALICEUSDT.
2025-10-28 12:57:05,136 - INFO - [upgradebot.py:523] - SELL signal for ALICEUSDT. Considering SHORT entry.
2025-10-28 12:57:05,137 - INFO - [upgradebot.py:535] - Calculated SHORT Intent: Qty~21.010152, Entry~$0.3879, TP~$0.3685, SL~$0.3956
2025-10-28 12:57:05,138 - INFO - [upgradebot.py:537] - Placing SHORT Bracket Order...
2025-10-28 12:57:05,139 - ERROR - [upgradebot.py:386] - Final qty 21.0 < minimum 23.4. Cannot place entry.
2025-10-28 12:57:05,140 - ERROR - [upgradebot.py:543] - SHORT Entry order failed for ALICEUSDT. TP/SL not placed.
2025-10-28 12:57:06,142 - INFO - [upgradebot.py:431] - --- Checking ALPINEUSDT (Price: $0.8130) ---
2025-10-28 12:57:09,353 - INFO - [upgradebot.py:455] - Balance $9.0367 meets minimum value $7.5609 for ALPINEUSDT. Proceeding with analysis.
2025-10-28 12:57:09,353 - INFO - [upgradebot.py:262] - Fetching 90 days of 240-min data for ALPINEUSDT...
2025-10-28 12:57:13,393 - INFO - [upgradebot.py:348] - ALPINEUSDT model trained. Accuracy: 0.93
2025-10-28 12:57:13,412 - INFO - [upgradebot.py:473] - [PREDICTION] ALPINEUSDT: HOLD at $1.9960
2025-10-28 12:57:16,939 - INFO - [upgradebot.py:304] - No active position found for ALPINEUSDT.
2025-10-28 12:57:16,949 - INFO - [upgradebot.py:546] - ML predicts HOLD for ALPINEUSDT. No action taken.
2025-10-28 12:57:17,951 - INFO - [upgradebot.py:431] - --- Checking ALTUSDT (Price: $0.0197) ---
2025-10-28 12:57:21,061 - INFO - [upgradebot.py:455] - Balance $9.0367 meets minimum value $7.4860 for ALTUSDT. Proceeding with analysis.
2025-10-28 12:57:21,063 - INFO - [upgradebot.py:262] - Fetching 90 days of 240-min data for ALTUSDT...
2025-10-28 12:57:25,406 - INFO - [upgradebot.py:348] - ALTUSDT model trained. Accuracy: 0.79
2025-10-28 12:57:25,437 - INFO - [upgradebot.py:473] - [PREDICTION] ALTUSDT: HOLD at $0.03293
2025-10-28 12:57:28,880 - INFO - [upgradebot.py:304] - No active position found for ALTUSDT.
2025-10-28 12:57:28,884 - INFO - [upgradebot.py:546] - ML predicts HOLD for ALTUSDT. No action taken.
2025-10-28 12:57:29,905 - INFO - [upgradebot.py:431] - --- Checking ANIMEUSDT (Price: $0.0098) ---
2025-10-28 12:57:33,596 - INFO - [upgradebot.py:455] - Balance $9.0367 meets minimum value $7.4903 for ANIMEUSDT. Proceeding with analysis.
2025-10-28 12:57:33,597 - INFO - [upgradebot.py:262] - Fetching 90 days of 240-min data for ANIMEUSDT...
2025-10-28 12:57:37,045 - INFO - [upgradebot.py:348] - ANIMEUSDT model trained. Accuracy: 0.83
2025-10-28 12:57:37,058 - INFO - [upgradebot.py:473] - [PREDICTION] ANIMEUSDT: HOLD at $0.016080
2025-10-28 12:57:40,044 - INFO - [upgradebot.py:304] - No active position found for ANIMEUSDT.
2025-10-28 12:57:40,047 - INFO - [upgradebot.py:546] - ML predicts HOLD for ANIMEUSDT. No action taken.
2025-10-28 12:57:41,048 - INFO - [upgradebot.py:431] - --- Checking ANKRUSDT (Price: $0.0102) ---
2025-10-28 12:57:44,132 - INFO - [upgradebot.py:455] - Balance $9.0367 meets minimum value $7.5059 for ANKRUSDT. Proceeding with analysis.
2025-10-28 12:57:44,133 - INFO - [upgradebot.py:262] - Fetching 90 days of 240-min data for ANKRUSDT...
2025-10-28 12:57:47,905 - INFO - [upgradebot.py:348] - ANKRUSDT model trained. Accuracy: 0.90
2025-10-28 12:57:47,917 - INFO - [upgradebot.py:473] - [PREDICTION] ANKRUSDT: HOLD at $0.01547
2025-10-28 12:57:50,778 - INFO - [upgradebot.py:304] - No active position found for ANKRUSDT.
2025-10-28 12:57:50,796 - INFO - [upgradebot.py:546] - ML predicts HOLD for ANKRUSDT. No action taken.
2025-10-28 12:57:51,819 - INFO - [upgradebot.py:431] - --- Checking APEUSDT (Price: $0.4458) ---
2025-10-28 12:57:54,452 - INFO - [upgradebot.py:455] - Balance $9.0367 meets minimum value $7.4449 for APEUSDT. Proceeding with analysis.
2025-10-28 12:57:54,453 - INFO - [upgradebot.py:262] - Fetching 90 days of 240-min data for APEUSDT...
2025-10-28 12:57:57,770 - INFO - [upgradebot.py:348] - APEUSDT model trained. Accuracy: 0.78
2025-10-28 12:57:57,789 - INFO - [upgradebot.py:473] - [PREDICTION] APEUSDT: HOLD at $0.6036
2025-10-28 12:58:00,700 - INFO - [upgradebot.py:304] - No active position found for APEUSDT.
2025-10-28 12:58:00,703 - INFO - [upgradebot.py:546] - ML predicts HOLD for APEUSDT. No action taken.
2025-10-28 12:58:01,703 - INFO - [upgradebot.py:431] - --- Checking APEXUSDT (Price: $1.1562) ---
2025-10-28 12:58:04,161 - INFO - [upgradebot.py:455] - Balance $9.0367 meets minimum value $7.5153 for APEXUSDT. Proceeding with analysis.
2025-10-28 12:58:04,162 - INFO - [upgradebot.py:262] - Fetching 90 days of 240-min data for APEXUSDT...
2025-10-28 12:58:07,429 - INFO - [upgradebot.py:348] - APEXUSDT model trained. Accuracy: 0.81
2025-10-28 12:58:07,445 - INFO - [upgradebot.py:473] - [PREDICTION] APEXUSDT: SELL at $2.4060
2025-10-28 12:58:10,035 - INFO - [upgradebot.py:304] - No active position found for APEXUSDT.
2025-10-28 12:58:10,062 - INFO - [upgradebot.py:523] - SELL signal for APEXUSDT. Considering SHORT entry.
2025-10-28 12:58:10,082 - INFO - [upgradebot.py:535] - Calculated SHORT Intent: Qty~3.380312, Entry~$2.4108, TP~$2.2903, SL~$2.4590
2025-10-28 12:58:10,085 - INFO - [upgradebot.py:537] - Placing SHORT Bracket Order...
2025-10-28 12:58:10,088 - ERROR - [upgradebot.py:386] - Final qty 3.3 < minimum 6.5. Cannot place entry.
2025-10-28 12:58:10,098 - ERROR - [upgradebot.py:543] - SHORT Entry order failed for APEXUSDT. TP/SL not placed.
2025-10-28 12:58:11,101 - INFO - [upgradebot.py:431] - --- Checking API3USDT (Price: $0.6856) ---
2025-10-28 12:58:13,918 - INFO - [upgradebot.py:455] - Balance $9.0367 meets minimum value $7.4730 for API3USDT. Proceeding with analysis.
2025-10-28 12:58:13,918 - INFO - [upgradebot.py:262] - Fetching 90 days of 240-min data for API3USDT...
2025-10-28 12:58:17,456 - INFO - [upgradebot.py:348] - API3USDT model trained. Accuracy: 0.83
2025-10-28 12:58:17,472 - INFO - [upgradebot.py:473] - [PREDICTION] API3USDT: BUY at $0.9786
2025-10-28 12:58:20,043 - INFO - [upgradebot.py:304] - No active position found for API3USDT.
2025-10-28 12:58:20,050 - INFO - [upgradebot.py:501] - Calculated LONG Intent: Qty~8.310883, Entry~$0.9766, TP~$1.0255, SL~$0.9571
2025-10-28 12:58:20,053 - INFO - [upgradebot.py:503] - Placing LONG Bracket Order...
2025-10-28 12:58:20,054 - ERROR - [upgradebot.py:386] - Final qty 8.3 < minimum 10.9. Cannot place entry.
2025-10-28 12:58:20,055 - ERROR - [upgradebot.py:509] - LONG Entry order failed for API3USDT. TP/SL not placed.
2025-10-28 12:58:21,056 - INFO - [upgradebot.py:431] - --- Checking APRUSDT (Price: $0.3385) ---
2025-10-28 12:58:23,852 - INFO - [upgradebot.py:455] - Balance $9.0367 meets minimum value $7.4470 for APRUSDT. Proceeding with analysis.
2025-10-28 12:58:23,852 - INFO - [upgradebot.py:262] - Fetching 90 days of 240-min data for APRUSDT...
2025-10-28 12:58:26,625 - WARNING - [upgradebot.py:335] - Not enough hist data for APRUSDT (28<100). Skip train.
2025-10-28 12:58:26,626 - INFO - [upgradebot.py:473] - [PREDICTION] APRUSDT: HOLD at $0.3361
2025-10-28 12:58:29,459 - INFO - [upgradebot.py:304] - No active position found for APRUSDT.
2025-10-28 12:58:29,468 - INFO - [upgradebot.py:546] - ML predicts HOLD for APRUSDT. No action taken.
2025-10-28 12:58:30,496 - INFO - [upgradebot.py:431] - --- Checking APTUSDT (Price: $3.4690) ---
2025-10-28 12:58:33,539 - INFO - [upgradebot.py:455] - Balance $9.0367 meets minimum value $7.4930 for APTUSDT. Proceeding with analysis.
2025-10-28 12:58:33,561 - INFO - [upgradebot.py:262] - Fetching 90 days of 240-min data for APTUSDT...
2025-10-28 12:58:37,525 - INFO - [upgradebot.py:348] - APTUSDT model trained. Accuracy: 0.88
2025-10-28 12:58:37,538 - INFO - [upgradebot.py:473] - [PREDICTION] APTUSDT: HOLD at $4.5750
2025-10-28 12:58:40,557 - INFO - [upgradebot.py:304] - No active position found for APTUSDT.
2025-10-28 12:58:40,560 - INFO - [upgradebot.py:546] - ML predicts HOLD for APTUSDT. No action taken.
2025-10-28 12:58:41,561 - INFO - [upgradebot.py:431] - --- Checking ARUSDT (Price: $4.1430) ---
2025-10-28 12:58:44,539 - INFO - [upgradebot.py:455] - Balance $9.0367 meets minimum value $7.8717 for ARUSDT. Proceeding with analysis.
2025-10-28 12:58:44,540 - INFO - [upgradebot.py:262] - Fetching 90 days of 240-min data for ARUSDT...
2025-10-28 12:58:47,945 - INFO - [upgradebot.py:348] - ARUSDT model trained. Accuracy: 0.67
2025-10-28 12:58:47,961 - INFO - [upgradebot.py:473] - [PREDICTION] ARUSDT: SELL at $6.990
2025-10-28 12:58:51,153 - INFO - [upgradebot.py:304] - No active position found for ARUSDT.
2025-10-28 12:58:51,156 - INFO - [upgradebot.py:523] - SELL signal for ARUSDT. Considering SHORT entry.
2025-10-28 12:58:51,157 - INFO - [upgradebot.py:535] - Calculated SHORT Intent: Qty~1.163524, Entry~$7.004, TP~$6.654, SL~$7.144
2025-10-28 12:58:51,158 - INFO - [upgradebot.py:537] - Placing SHORT Bracket Order...
2025-10-28 12:58:51,159 - ERROR - [upgradebot.py:386] - Final qty 1.1 < minimum 1.9. Cannot place entry.
2025-10-28 12:58:51,160 - ERROR - [upgradebot.py:543] - SHORT Entry order failed for ARUSDT. TP/SL not placed.
2025-10-28 12:58:52,161 - INFO - [upgradebot.py:431] - --- Checking ARBUSDT (Price: $0.3305) ---
2025-10-28 12:58:55,572 - INFO - [upgradebot.py:455] - Balance $9.0367 meets minimum value $7.5023 for ARBUSDT. Proceeding with analysis.
2025-10-28 12:58:55,573 - INFO - [upgradebot.py:262] - Fetching 90 days of 240-min data for ARBUSDT...
2025-10-28 12:58:59,981 - INFO - [upgradebot.py:348] - ARBUSDT model trained. Accuracy: 0.76
2025-10-28 12:58:59,998 - INFO - [upgradebot.py:473] - [PREDICTION] ARBUSDT: SELL at $0.4918
2025-10-28 12:59:03,431 - INFO - [upgradebot.py:304] - No active position found for ARBUSDT.
2025-10-28 12:59:03,434 - INFO - [upgradebot.py:523] - SELL signal for ARBUSDT. Considering SHORT entry.
2025-10-28 12:59:03,435 - INFO - [upgradebot.py:535] - Calculated SHORT Intent: Qty~16.537271, Entry~$0.4928, TP~$0.4681, SL~$0.5026
2025-10-28 12:59:03,435 - INFO - [upgradebot.py:537] - Placing SHORT Bracket Order...
2025-10-28 12:59:03,436 - ERROR - [upgradebot.py:386] - Final qty 16.5 < minimum 22.7. Cannot place entry.
2025-10-28 12:59:03,436 - ERROR - [upgradebot.py:543] - SHORT Entry order failed for ARBUSDT. TP/SL not placed.
2025-10-28 12:59:04,438 - INFO - [upgradebot.py:431] - --- Checking ARCUSDT (Price: $0.0145) ---
2025-10-28 12:59:07,819 - INFO - [upgradebot.py:455] - Balance $9.0367 meets minimum value $7.4758 for ARCUSDT. Proceeding with analysis.
2025-10-28 12:59:07,820 - INFO - [upgradebot.py:262] - Fetching 90 days of 240-min data for ARCUSDT...
2025-10-28 12:59:12,122 - INFO - [upgradebot.py:348] - ARCUSDT model trained. Accuracy: 0.79
2025-10-28 12:59:12,149 - INFO - [upgradebot.py:473] - [PREDICTION] ARCUSDT: HOLD at $0.02010
2025-10-28 12:59:15,469 - INFO - [upgradebot.py:304] - No active position found for ARCUSDT.
2025-10-28 12:59:15,473 - INFO - [upgradebot.py:546] - ML predicts HOLD for ARCUSDT. No action taken.
2025-10-28 12:59:16,474 - INFO - [upgradebot.py:431] - --- Checking ARKUSDT (Price: $0.3303) ---
2025-10-28 12:59:20,092 - INFO - [upgradebot.py:455] - Balance $9.0367 meets minimum value $7.5969 for ARKUSDT. Proceeding with analysis.
2025-10-28 12:59:20,094 - INFO - [upgradebot.py:262] - Fetching 90 days of 240-min data for ARKUSDT...
2025-10-28 12:59:24,112 - INFO - [upgradebot.py:348] - ARKUSDT model trained. Accuracy: 0.76
2025-10-28 12:59:24,132 - INFO - [upgradebot.py:473] - [PREDICTION] ARKUSDT: HOLD at $0.47850
2025-10-28 12:59:27,362 - INFO - [upgradebot.py:304] - No active position found for ARKUSDT.
2025-10-28 12:59:27,369 - INFO - [upgradebot.py:546] - ML predicts HOLD for ARKUSDT. No action taken.
2025-10-28 12:59:28,371 - INFO - [upgradebot.py:431] - --- Checking ARKMUSDT (Price: $0.3665) ---
2025-10-28 12:59:32,026 - INFO - [upgradebot.py:455] - Balance $9.0367 meets minimum value $7.6965 for ARKMUSDT. Proceeding with analysis.
2025-10-28 12:59:32,027 - INFO - [upgradebot.py:262] - Fetching 90 days of 240-min data for ARKMUSDT...
2025-10-28 12:59:36,156 - INFO - [upgradebot.py:348] - ARKMUSDT model trained. Accuracy: 0.69
2025-10-28 12:59:36,178 - INFO - [upgradebot.py:473] - [PREDICTION] ARKMUSDT: HOLD at $0.63480
2025-10-28 12:59:39,353 - INFO - [upgradebot.py:304] - No active position found for ARKMUSDT.
2025-10-28 12:59:39,359 - INFO - [upgradebot.py:546] - ML predicts HOLD for ARKMUSDT. No action taken.
2025-10-28 12:59:40,363 - INFO - [upgradebot.py:431] - --- Checking ARPAUSDT (Price: $0.0196) ---
2025-10-28 12:59:43,755 - INFO - [upgradebot.py:455] - Balance $9.0367 meets minimum value $7.5072 for ARPAUSDT. Proceeding with analysis.
2025-10-28 12:59:43,756 - INFO - [upgradebot.py:262] - Fetching 90 days of 240-min data for ARPAUSDT...
2025-10-28 12:59:48,388 - INFO - [upgradebot.py:348] - ARPAUSDT model trained. Accuracy: 0.76
2025-10-28 12:59:48,414 - INFO - [upgradebot.py:473] - [PREDICTION] ARPAUSDT: SELL at $0.02195
2025-10-28 12:59:51,651 - INFO - [upgradebot.py:304] - No active position found for ARPAUSDT.
2025-10-28 12:59:51,654 - INFO - [upgradebot.py:523] - SELL signal for ARPAUSDT. Considering SHORT entry.
2025-10-28 12:59:51,654 - INFO - [upgradebot.py:535] - Calculated SHORT Intent: Qty~370.525285, Entry~$0.02199, TP~$0.02089, SL~$0.02243
2025-10-28 12:59:51,655 - INFO - [upgradebot.py:537] - Placing SHORT Bracket Order...
2025-10-28 12:59:51,655 - ERROR - [upgradebot.py:386] - Final qty 370.0 < minimum 384.0. Cannot place entry.
2025-10-28 12:59:51,656 - ERROR - [upgradebot.py:543] - SHORT Entry order failed for ARPAUSDT. TP/SL not placed.
2025-10-28 12:59:52,657 - INFO - [upgradebot.py:431] - --- Checking ASPUSDT (Price: $0.0746) ---
2025-10-28 12:59:55,654 - INFO - [upgradebot.py:455] - Balance $9.0367 meets minimum value $7.5366 for ASPUSDT. Proceeding with analysis.
2025-10-28 12:59:55,655 - INFO - [upgradebot.py:262] - Fetching 90 days of 240-min data for ASPUSDT...
2025-10-28 12:59:59,653 - INFO - [upgradebot.py:348] - ASPUSDT model trained. Accuracy: 0.79
2025-10-28 12:59:59,680 - INFO - [upgradebot.py:473] - [PREDICTION] ASPUSDT: BUY at $0.14070
2025-10-28 13:00:03,413 - INFO - [upgradebot.py:304] - No active position found for ASPUSDT.
2025-10-28 13:00:03,417 - INFO - [upgradebot.py:501] - Calculated LONG Intent: Qty~57.804051, Entry~$0.14042, TP~$0.14744, SL~$0.13761
2025-10-28 13:00:03,417 - INFO - [upgradebot.py:503] - Placing LONG Bracket Order...
2025-10-28 13:00:03,418 - ERROR - [upgradebot.py:386] - Final qty 57.0 < minimum 101.0. Cannot place entry.
2025-10-28 13:00:03,419 - ERROR - [upgradebot.py:509] - LONG Entry order failed for ASPUSDT. TP/SL not placed.
2025-10-28 13:00:04,420 - INFO - [upgradebot.py:431] - --- Checking ASRUSDT (Price: $1.4930) ---
2025-10-28 13:00:07,116 - INFO - [upgradebot.py:455] - Balance $9.0367 meets minimum value $7.6143 for ASRUSDT. Proceeding with analysis.
2025-10-28 13:00:07,139 - INFO - [upgradebot.py:262] - Fetching 90 days of 240-min data for ASRUSDT...
2025-10-28 13:00:10,135 - INFO - [upgradebot.py:348] - ASRUSDT model trained. Accuracy: 0.90
2025-10-28 13:00:10,148 - INFO - [upgradebot.py:473] - [PREDICTION] ASRUSDT: HOLD at $2.443
2025-10-28 13:00:12,437 - INFO - [upgradebot.py:304] - No active position found for ASRUSDT.
2025-10-28 13:00:12,453 - INFO - [upgradebot.py:546] - ML predicts HOLD for ASRUSDT. No action taken.
2025-10-28 13:00:13,460 - INFO - [upgradebot.py:431] - --- Checking ASTERUSDT (Price: $1.0653) ---
2025-10-28 13:00:15,448 - INFO - [upgradebot.py:455] - Balance $9.0367 meets minimum value $8.5224 for ASTERUSDT. Proceeding with analysis.
2025-10-28 13:00:15,449 - INFO - [upgradebot.py:262] - Fetching 90 days of 240-min data for ASTERUSDT...
2025-10-28 13:00:17,942 - INFO - [upgradebot.py:348] - ASTERUSDT model trained. Accuracy: 0.71
2025-10-28 13:00:17,959 - INFO - [upgradebot.py:473] - [PREDICTION] ASTERUSDT: BUY at $1.7175
2025-10-28 13:00:20,072 - INFO - [upgradebot.py:304] - No active position found for ASTERUSDT.
2025-10-28 13:00:20,075 - WARNING - [upgradebot.py:494] - Skipping ASTERUSDT BUY. Investment $8.1330 < min value $8.5224.
2025-10-28 13:00:20,075 - INFO - [upgradebot.py:431] - --- Checking ASTRUSDT (Price: $0.0179) ---
2025-10-28 13:00:22,542 - INFO - [upgradebot.py:455] - Balance $9.0367 meets minimum value $7.5043 for ASTRUSDT. Proceeding with analysis.
2025-10-28 13:00:22,543 - INFO - [upgradebot.py:262] - Fetching 90 days of 240-min data for ASTRUSDT...
2025-10-28 13:00:24,929 - INFO - [upgradebot.py:348] - ASTRUSDT model trained. Accuracy: 0.86
2025-10-28 13:00:24,940 - INFO - [upgradebot.py:473] - [PREDICTION] ASTRUSDT: SELL at $0.024470
2025-10-28 13:00:26,874 - INFO - [upgradebot.py:304] - No active position found for ASTRUSDT.
2025-10-28 13:00:26,879 - INFO - [upgradebot.py:523] - SELL signal for ASTRUSDT. Considering SHORT entry.
2025-10-28 13:00:26,880 - INFO - [upgradebot.py:535] - Calculated SHORT Intent: Qty~332.367389, Entry~$0.024519, TP~$0.023293, SL~$0.025009
2025-10-28 13:00:26,881 - INFO - [upgradebot.py:537] - Placing SHORT Bracket Order...
2025-10-28 13:00:26,883 - ERROR - [upgradebot.py:386] - Final qty 332.0 < minimum 419.0. Cannot place entry.
2025-10-28 13:00:26,884 - ERROR - [upgradebot.py:543] - SHORT Entry order failed for ASTRUSDT. TP/SL not placed.
2025-10-28 13:00:27,885 - INFO - [upgradebot.py:431] - --- Checking ATHUSDT (Price: $0.0297) ---
2025-10-28 13:00:30,262 - INFO - [upgradebot.py:455] - Balance $9.0367 meets minimum value $7.4572 for ATHUSDT. Proceeding with analysis.
2025-10-28 13:00:30,264 - INFO - [upgradebot.py:262] - Fetching 90 days of 240-min data for ATHUSDT...
2025-10-28 13:00:33,020 - INFO - [upgradebot.py:348] - ATHUSDT model trained. Accuracy: 0.64
2025-10-28 13:00:33,035 - INFO - [upgradebot.py:473] - [PREDICTION] ATHUSDT: HOLD at $0.05999
2025-10-28 13:00:35,417 - INFO - [upgradebot.py:304] - No active position found for ATHUSDT.
2025-10-28 13:00:35,425 - INFO - [upgradebot.py:546] - ML predicts HOLD for ATHUSDT. No action taken.
2025-10-28 13:00:36,427 - INFO - [upgradebot.py:431] - --- Checking ATOMUSDT (Price: $3.1830) ---
2025-10-28 13:00:38,546 - INFO - [upgradebot.py:455] - Balance $9.0367 meets minimum value $7.6392 for ATOMUSDT. Proceeding with analysis.
2025-10-28 13:00:38,547 - INFO - [upgradebot.py:262] - Fetching 90 days of 240-min data for ATOMUSDT...
2025-10-28 13:00:41,226 - INFO - [upgradebot.py:348] - ATOMUSDT model trained. Accuracy: 0.86
2025-10-28 13:00:41,241 - INFO - [upgradebot.py:473] - [PREDICTION] ATOMUSDT: HOLD at $4.556
2025-10-28 13:00:43,362 - INFO - [upgradebot.py:304] - No active position found for ATOMUSDT.
2025-10-28 13:00:43,368 - INFO - [upgradebot.py:546] - ML predicts HOLD for ATOMUSDT. No action taken.
2025-10-28 13:00:44,370 - INFO - [upgradebot.py:431] - --- Checking AUCTIONUSDT (Price: $7.1190) ---
2025-10-28 13:00:46,486 - INFO - [upgradebot.py:455] - Balance $9.0367 meets minimum value $7.8309 for AUCTIONUSDT. Proceeding with analysis.
2025-10-28 13:00:46,487 - INFO - [upgradebot.py:262] - Fetching 90 days of 240-min data for AUCTIONUSDT...
2025-10-28 13:00:49,641 - INFO - [upgradebot.py:348] - AUCTIONUSDT model trained. Accuracy: 0.79
2025-10-28 13:00:49,654 - INFO - [upgradebot.py:473] - [PREDICTION] AUCTIONUSDT: HOLD at $9.457
2025-10-28 13:00:52,192 - INFO - [upgradebot.py:304] - No active position found for AUCTIONUSDT.
2025-10-28 13:00:52,194 - INFO - [upgradebot.py:546] - ML predicts HOLD for AUCTIONUSDT. No action taken.
2025-10-28 13:00:53,196 - INFO - [upgradebot.py:431] - --- Checking AUDIOUSDT (Price: $0.0410) ---
2025-10-28 13:00:56,343 - INFO - [upgradebot.py:455] - Balance $9.0367 meets minimum value $7.4898 for AUDIOUSDT. Proceeding with analysis.
2025-10-28 13:00:56,344 - INFO - [upgradebot.py:262] - Fetching 90 days of 240-min data for AUDIOUSDT...
2025-10-28 13:00:58,793 - INFO - [upgradebot.py:348] - AUDIOUSDT model trained. Accuracy: 0.79
2025-10-28 13:00:58,808 - INFO - [upgradebot.py:473] - [PREDICTION] AUDIOUSDT: HOLD at $0.06118
2025-10-28 13:01:00,912 - INFO - [upgradebot.py:304] - No active position found for AUDIOUSDT.
2025-10-28 13:01:00,918 - INFO - [upgradebot.py:546] - ML predicts HOLD for AUDIOUSDT. No action taken.
2025-10-28 13:01:01,920 - INFO - [upgradebot.py:431] - --- Checking AVAUSDT (Price: $0.3864) ---
2025-10-28 13:01:04,450 - INFO - [upgradebot.py:455] - Balance $9.0367 meets minimum value $7.5348 for AVAUSDT. Proceeding with analysis.
2025-10-28 13:01:04,451 - INFO - [upgradebot.py:262] - Fetching 90 days of 240-min data for AVAUSDT...
2025-10-28 13:01:07,227 - INFO - [upgradebot.py:348] - AVAUSDT model trained. Accuracy: 0.74
2025-10-28 13:01:07,238 - INFO - [upgradebot.py:473] - [PREDICTION] AVAUSDT: SELL at $0.5394
2025-10-28 13:01:09,440 - INFO - [upgradebot.py:304] - No active position found for AVAUSDT.
2025-10-28 13:01:09,443 - INFO - [upgradebot.py:523] - SELL signal for AVAUSDT. Considering SHORT entry.
2025-10-28 13:01:09,444 - INFO - [upgradebot.py:535] - Calculated SHORT Intent: Qty~15.077920, Entry~$0.5405, TP~$0.5135, SL~$0.5513
2025-10-28 13:01:09,445 - INFO - [upgradebot.py:537] - Placing SHORT Bracket Order...
2025-10-28 13:01:09,445 - ERROR - [upgradebot.py:386] - Final qty 15.0 < minimum 19.5. Cannot place entry.
2025-10-28 13:01:09,446 - ERROR - [upgradebot.py:543] - SHORT Entry order failed for AVAUSDT. TP/SL not placed.
2025-10-28 13:01:10,447 - INFO - [upgradebot.py:431] - --- Checking AVAAIUSDT (Price: $0.0142) ---
2025-10-28 13:01:12,642 - INFO - [upgradebot.py:455] - Balance $9.0367 meets minimum value $7.4906 for AVAAIUSDT. Proceeding with analysis.
2025-10-28 13:01:12,643 - INFO - [upgradebot.py:262] - Fetching 90 days of 240-min data for AVAAIUSDT...
2025-10-28 13:01:15,311 - INFO - [upgradebot.py:348] - AVAAIUSDT model trained. Accuracy: 0.71
2025-10-28 13:01:15,321 - INFO - [upgradebot.py:473] - [PREDICTION] AVAAIUSDT: SELL at $0.02171
2025-10-28 13:01:17,399 - INFO - [upgradebot.py:304] - No active position found for AVAAIUSDT.
2025-10-28 13:01:17,402 - INFO - [upgradebot.py:523] - SELL signal for AVAAIUSDT. Considering SHORT entry.
2025-10-28 13:01:17,403 - INFO - [upgradebot.py:535] - Calculated SHORT Intent: Qty~374.621373, Entry~$0.02175, TP~$0.02067, SL~$0.02219
2025-10-28 13:01:17,403 - INFO - [upgradebot.py:537] - Placing SHORT Bracket Order...
2025-10-28 13:01:17,404 - ERROR - [upgradebot.py:386] - Final qty 374.0 < minimum 529.0. Cannot place entry.
2025-10-28 13:01:17,404 - ERROR - [upgradebot.py:543] - SHORT Entry order failed for AVAAIUSDT. TP/SL not placed.
2025-10-28 13:01:18,405 - INFO - [upgradebot.py:431] - --- Checking AVAXUSDT (Price: $20.3450) ---
2025-10-28 13:01:20,740 - INFO - [upgradebot.py:455] - Balance $9.0367 meets minimum value $8.1380 for AVAXUSDT. Proceeding with analysis.
2025-10-28 13:01:20,740 - INFO - [upgradebot.py:262] - Fetching 90 days of 240-min data for AVAXUSDT...
2025-10-28 13:01:23,468 - INFO - [upgradebot.py:348] - AVAXUSDT model trained. Accuracy: 0.69
2025-10-28 13:01:23,480 - INFO - [upgradebot.py:473] - [PREDICTION] AVAXUSDT: HOLD at $29.619
2025-10-28 13:01:25,588 - INFO - [upgradebot.py:304] - No active position found for AVAXUSDT.
2025-10-28 13:01:25,597 - INFO - [upgradebot.py:546] - ML predicts HOLD for AVAXUSDT. No action taken.
2025-10-28 13:01:26,598 - INFO - [upgradebot.py:431] - --- Checking AVLUSDT (Price: $0.1297) ---
2025-10-28 13:01:29,267 - INFO - [upgradebot.py:455] - Balance $9.0367 meets minimum value $7.5226 for AVLUSDT. Proceeding with analysis.
2025-10-28 13:01:29,269 - INFO - [upgradebot.py:262] - Fetching 90 days of 240-min data for AVLUSDT...
2025-10-28 13:01:32,031 - INFO - [upgradebot.py:348] - AVLUSDT model trained. Accuracy: 0.71
2025-10-28 13:01:32,041 - INFO - [upgradebot.py:473] - [PREDICTION] AVLUSDT: BUY at $0.2010
2025-10-28 13:01:34,151 - INFO - [upgradebot.py:304] - No active position found for AVLUSDT.
2025-10-28 13:01:34,156 - INFO - [upgradebot.py:501] - Calculated LONG Intent: Qty~40.462836, Entry~$0.2006, TP~$0.2106, SL~$0.1966
2025-10-28 13:01:34,157 - INFO - [upgradebot.py:503] - Placing LONG Bracket Order...
2025-10-28 13:01:34,158 - ERROR - [upgradebot.py:386] - Final qty 40.0 < minimum 58.0. Cannot place entry.
2025-10-28 13:01:34,160 - ERROR - [upgradebot.py:509] - LONG Entry order failed for AVLUSDT. TP/SL not placed.
2025-10-28 13:01:35,161 - INFO - [upgradebot.py:431] - --- Checking AVNTUSDT (Price: $0.6606) ---
2025-10-28 13:01:37,531 - INFO - [upgradebot.py:455] - Balance $9.0367 meets minimum value $7.9272 for AVNTUSDT. Proceeding with analysis.
2025-10-28 13:01:37,532 - INFO - [upgradebot.py:262] - Fetching 90 days of 240-min data for AVNTUSDT...
2025-10-28 13:01:39,910 - INFO - [upgradebot.py:348] - AVNTUSDT model trained. Accuracy: 0.81
2025-10-28 13:01:39,927 - INFO - [upgradebot.py:473] - [PREDICTION] AVNTUSDT: SELL at $1.0042
2025-10-28 13:01:42,043 - INFO - [upgradebot.py:304] - No active position found for AVNTUSDT.
2025-10-28 13:01:42,046 - INFO - [upgradebot.py:523] - SELL signal for AVNTUSDT. Considering SHORT entry.
2025-10-28 13:01:42,047 - INFO - [upgradebot.py:535] - Calculated SHORT Intent: Qty~8.099014, Entry~$1.0062, TP~$0.9559, SL~$1.0263
2025-10-28 13:01:42,047 - INFO - [upgradebot.py:537] - Placing SHORT Bracket Order...
2025-10-28 13:01:42,048 - ERROR - [upgradebot.py:386] - Final qty 8.0 < minimum 12.0. Cannot place entry.
2025-10-28 13:01:42,048 - ERROR - [upgradebot.py:543] - SHORT Entry order failed for AVNTUSDT. TP/SL not placed.
2025-10-28 13:01:43,049 - INFO - [upgradebot.py:431] - --- Checking AWEUSDT (Price: $0.0761) ---
2025-10-28 13:01:45,355 - INFO - [upgradebot.py:455] - Balance $9.0367 meets minimum value $7.5369 for AWEUSDT. Proceeding with analysis.
2025-10-28 13:01:45,357 - INFO - [upgradebot.py:262] - Fetching 90 days of 240-min data for AWEUSDT...
2025-10-28 13:01:47,812 - INFO - [upgradebot.py:348] - AWEUSDT model trained. Accuracy: 0.64
2025-10-28 13:01:47,825 - INFO - [upgradebot.py:473] - [PREDICTION] AWEUSDT: HOLD at $0.06925
2025-10-28 13:01:50,221 - INFO - [upgradebot.py:304] - No active position found for AWEUSDT.
2025-10-28 13:01:50,227 - INFO - [upgradebot.py:546] - ML predicts HOLD for AWEUSDT. No action taken.
2025-10-28 13:01:51,228 - INFO - [upgradebot.py:431] - --- Checking AXLUSDT (Price: $0.1874) ---
2025-10-28 13:01:53,452 - INFO - [upgradebot.py:455] - Balance $9.0367 meets minimum value $7.4960 for AXLUSDT. Proceeding with analysis.
2025-10-28 13:01:53,452 - INFO - [upgradebot.py:262] - Fetching 90 days of 240-min data for AXLUSDT...
2025-10-28 13:01:55,982 - INFO - [upgradebot.py:348] - AXLUSDT model trained. Accuracy: 0.83
2025-10-28 13:01:55,993 - INFO - [upgradebot.py:473] - [PREDICTION] AXLUSDT: BUY at $0.3132
2025-10-28 13:01:57,932 - INFO - [upgradebot.py:304] - No active position found for AXLUSDT.
2025-10-28 13:01:57,938 - INFO - [upgradebot.py:501] - Calculated LONG Intent: Qty~25.967529, Entry~$0.3126, TP~$0.3282, SL~$0.3063
2025-10-28 13:01:57,939 - INFO - [upgradebot.py:503] - Placing LONG Bracket Order...
2025-10-28 13:01:57,940 - ERROR - [upgradebot.py:386] - Final qty 25.0 < minimum 40.0. Cannot place entry.
2025-10-28 13:01:57,941 - ERROR - [upgradebot.py:509] - LONG Entry order failed for AXLUSDT. TP/SL not placed.
2025-10-28 13:01:58,943 - INFO - [upgradebot.py:431] - --- Checking AXSUSDT (Price: $1.5920) ---
2025-10-28 13:02:01,463 - INFO - [upgradebot.py:455] - Balance $9.0367 meets minimum value $7.6416 for AXSUSDT. Proceeding with analysis.
2025-10-28 13:02:01,465 - INFO - [upgradebot.py:262] - Fetching 90 days of 240-min data for AXSUSDT...
2025-10-28 13:02:04,374 - INFO - [upgradebot.py:348] - AXSUSDT model trained. Accuracy: 0.71
2025-10-28 13:02:04,404 - INFO - [upgradebot.py:473] - [PREDICTION] AXSUSDT: SELL at $2.411
2025-10-28 13:02:06,518 - INFO - [upgradebot.py:304] - No active position found for AXSUSDT.
2025-10-28 13:02:06,524 - INFO - [upgradebot.py:523] - SELL signal for AXSUSDT. Considering SHORT entry.
2025-10-28 13:02:06,525 - INFO - [upgradebot.py:535] - Calculated SHORT Intent: Qty~3.373302, Entry~$2.416, TP~$2.295, SL~$2.464
2025-10-28 13:02:06,526 - INFO - [upgradebot.py:537] - Placing SHORT Bracket Order...
2025-10-28 13:02:06,528 - ERROR - [upgradebot.py:386] - Final qty 3.3 < minimum 4.8. Cannot place entry.
2025-10-28 13:02:06,529 - ERROR - [upgradebot.py:543] - SHORT Entry order failed for AXSUSDT. TP/SL not placed.
2025-10-28 13:02:07,531 - INFO - [upgradebot.py:431] - --- Checking BUSDT (Price: $0.1939) ---
2025-10-28 13:02:09,847 - INFO - [upgradebot.py:455] - Balance $9.0367 meets minimum value $7.5629 for BUSDT. Proceeding with analysis.
2025-10-28 13:02:09,848 - INFO - [upgradebot.py:262] - Fetching 90 days of 240-min data for BUSDT...
2025-10-28 13:02:12,602 - INFO - [upgradebot.py:348] - BUSDT model trained. Accuracy: 0.83
2025-10-28 13:02:12,614 - INFO - [upgradebot.py:473] - [PREDICTION] BUSDT: HOLD at $0.54049
2025-10-28 13:02:14,788 - INFO - [upgradebot.py:304] - No active position found for BUSDT.
2025-10-28 13:02:14,794 - INFO - [upgradebot.py:546] - ML predicts HOLD for BUSDT. No action taken.
2025-10-28 13:02:15,796 - INFO - [upgradebot.py:431] - --- Checking B2USDT (Price: $0.9601) ---
2025-10-28 13:02:18,272 - INFO - [upgradebot.py:455] - Balance $9.0367 meets minimum value $7.6808 for B2USDT. Proceeding with analysis.
2025-10-28 13:02:18,273 - INFO - [upgradebot.py:262] - Fetching 90 days of 240-min data for B2USDT...
2025-10-28 13:02:20,840 - INFO - [upgradebot.py:348] - B2USDT model trained. Accuracy: 0.74
2025-10-28 13:02:20,851 - INFO - [upgradebot.py:473] - [PREDICTION] B2USDT: SELL at $0.5112
2025-10-28 13:02:23,199 - INFO - [upgradebot.py:304] - No active position found for B2USDT.
2025-10-28 13:02:23,205 - INFO - [upgradebot.py:523] - SELL signal for B2USDT. Considering SHORT entry.
2025-10-28 13:02:23,206 - INFO - [upgradebot.py:535] - Calculated SHORT Intent: Qty~15.909683, Entry~$0.5122, TP~$0.4866, SL~$0.5225
2025-10-28 13:02:23,207 - INFO - [upgradebot.py:537] - Placing SHORT Bracket Order...
2025-10-28 13:02:23,209 - INFO - [upgradebot.py:392] - [ACTION] Submitting LIMIT SELL for B2USDT (Qty: 15.0) @ Price: 0.5122
2025-10-28 13:05:15,587 - INFO - [upgradebot.py:85] - Logging initialized. Saving to bot_run_futures.log
2025-10-28 13:05:15,588 - CRITICAL - [upgradebot.py:557] - API_KEY/SECRET_KEY missing.
2025-10-28 13:05:47,111 - INFO - [upgradebot.py:85] - Logging initialized. Saving to bot_run_futures.log
2025-10-28 13:05:47,112 - INFO - [upgradebot.py:410] - [START] ML Futures Bot v2.10 Initialized.
2025-10-28 13:05:47,112 - INFO - [upgradebot.py:411] - TP: 5.0%%, SL: 2.0%% | DRY-RUN: True
2025-10-28 13:05:49,456 - INFO - [upgradebot.py:414] - [INFO] Initial FUTURES (USDT) Balance: $9.0367
2025-10-28 13:05:51,891 - INFO - [upgradebot.py:213] - Fetched 541 active USDT futures pairs.
2025-10-28 13:05:51,897 - INFO - [upgradebot.py:422] - Analyzing 541 symbols...
2025-10-28 13:05:51,898 - INFO - [upgradebot.py:431] - --- Checking 0GUSDT (Price: $1.5831) ---
2025-10-28 13:05:51,899 - INFO - [upgradebot.py:226] - Fetching ALL FUTURES instrument info...
2025-10-28 13:05:54,162 - INFO - [upgradebot.py:251] - Cached trade info for 541 instruments.
2025-10-28 13:05:56,624 - INFO - [upgradebot.py:455] - Balance $9.0367 meets minimum value $7.5989 for 0GUSDT. Proceeding with analysis.
2025-10-28 13:05:56,625 - INFO - [upgradebot.py:262] - Fetching 90 days of 240-min data for 0GUSDT...
2025-10-28 13:05:59,457 - INFO - [upgradebot.py:348] - 0GUSDT model trained. Accuracy: 0.71
2025-10-28 13:05:59,467 - INFO - [upgradebot.py:473] - [PREDICTION] 0GUSDT: BUY at $5.3630
2025-10-28 13:06:01,734 - INFO - [upgradebot.py:304] - No active position found for 0GUSDT.
2025-10-28 13:06:01,740 - INFO - [upgradebot.py:501] - Calculated LONG Intent: Qty~1.516508, Entry~$5.3523, TP~$5.6199, SL~$5.2452
2025-10-28 13:06:01,741 - INFO - [upgradebot.py:503] - Placing LONG Bracket Order...
2025-10-28 13:06:01,742 - ERROR - [upgradebot.py:386] - Final qty 1.5 < minimum 4.8. Cannot place entry.
2025-10-28 13:06:01,744 - ERROR - [upgradebot.py:509] - LONG Entry order failed for 0GUSDT. TP/SL not placed.
2025-10-28 13:06:02,745 - INFO - [upgradebot.py:431] - --- Checking 10000ELONUSDT (Price: $0.0008) ---
2025-10-28 13:06:04,877 - INFO - [upgradebot.py:455] - Balance $9.0367 meets minimum value $7.5053 for 10000ELONUSDT. Proceeding with analysis.
2025-10-28 13:06:04,877 - INFO - [upgradebot.py:262] - Fetching 90 days of 240-min data for 10000ELONUSDT...
2025-10-28 13:06:07,606 - INFO - [upgradebot.py:348] - 10000ELONUSDT model trained. Accuracy: 0.74
2025-10-28 13:06:07,624 - INFO - [upgradebot.py:473] - [PREDICTION] 10000ELONUSDT: SELL at $0.0010100
2025-10-28 13:06:09,839 - INFO - [upgradebot.py:304] - No active position found for 10000ELONUSDT.
2025-10-28 13:06:09,842 - INFO - [upgradebot.py:523] - SELL signal for 10000ELONUSDT. Considering SHORT entry.
2025-10-28 13:06:09,843 - INFO - [upgradebot.py:535] - Calculated SHORT Intent: Qty~8052.504950, Entry~$0.0010120, TP~$0.0009614, SL~$0.0010323
2025-10-28 13:06:09,843 - INFO - [upgradebot.py:537] - Placing SHORT Bracket Order...
2025-10-28 13:06:09,844 - ERROR - [upgradebot.py:386] - Final qty 8000.0 < minimum 9492.0. Cannot place entry.
2025-10-28 13:06:09,844 - ERROR - [upgradebot.py:543] - SHORT Entry order failed for 10000ELONUSDT. TP/SL not placed.
2025-10-28 13:06:10,845 - INFO - [upgradebot.py:431] - --- Checking 10000QUBICUSDT (Price: $0.0138) ---
2025-10-28 13:06:13,238 - INFO - [upgradebot.py:455] - Balance $9.0367 meets minimum value $7.4952 for 10000QUBICUSDT. Proceeding with analysis.
2025-10-28 13:06:13,239 - INFO - [upgradebot.py:262] - Fetching 90 days of 240-min data for 10000QUBICUSDT...
2025-10-28 13:06:15,733 - INFO - [upgradebot.py:348] - 10000QUBICUSDT model trained. Accuracy: 0.81
2025-10-28 13:06:15,745 - INFO - [upgradebot.py:473] - [PREDICTION] 10000QUBICUSDT: SELL at $0.020826
2025-10-28 13:06:17,781 - INFO - [upgradebot.py:304] - No active position found for 10000QUBICUSDT.
2025-10-28 13:06:17,786 - INFO - [upgradebot.py:523] - SELL signal for 10000QUBICUSDT. Considering SHORT entry.
2025-10-28 13:06:17,787 - INFO - [upgradebot.py:535] - Calculated SHORT Intent: Qty~390.522904, Entry~$0.020868, TP~$0.019824, SL~$0.021285
2025-10-28 13:06:17,789 - INFO - [upgradebot.py:537] - Placing SHORT Bracket Order...
2025-10-28 13:06:17,790 - ERROR - [upgradebot.py:386] - Final qty 390.0 < minimum 544.0. Cannot place entry.
2025-10-28 13:06:17,791 - ERROR - [upgradebot.py:543] - SHORT Entry order failed for 10000QUBICUSDT. TP/SL not placed.
2025-10-28 13:06:18,793 - INFO - [upgradebot.py:431] - --- Checking 10000SATSUSDT (Price: $0.0002) ---
2025-10-28 13:06:21,357 - INFO - [upgradebot.py:455] - Balance $9.0367 meets minimum value $7.4850 for 10000SATSUSDT. Proceeding with analysis.
2025-10-28 13:06:21,358 - INFO - [upgradebot.py:262] - Fetching 90 days of 240-min data for 10000SATSUSDT...
2025-10-28 13:06:23,840 - INFO - [upgradebot.py:348] - 10000SATSUSDT model trained. Accuracy: 0.86
2025-10-28 13:06:23,852 - INFO - [upgradebot.py:473] - [PREDICTION] 10000SATSUSDT: SELL at $0.0004198
2025-10-28 13:06:26,031 - INFO - [upgradebot.py:304] - No active position found for 10000SATSUSDT.
2025-10-28 13:06:26,036 - INFO - [upgradebot.py:523] - SELL signal for 10000SATSUSDT. Considering SHORT entry.
2025-10-28 13:06:26,037 - INFO - [upgradebot.py:535] - Calculated SHORT Intent: Qty~19373.582658, Entry~$0.0004206, TP~$0.0003996, SL~$0.0004291
2025-10-28 13:06:26,037 - INFO - [upgradebot.py:537] - Placing SHORT Bracket Order...
2025-10-28 13:06:26,038 - ERROR - [upgradebot.py:386] - Final qty 19300.0 < minimum 30526.0. Cannot place entry.
2025-10-28 13:06:26,039 - ERROR - [upgradebot.py:543] - SHORT Entry order failed for 10000SATSUSDT. TP/SL not placed.
2025-10-28 13:06:27,040 - INFO - [upgradebot.py:431] - --- Checking 1000BONKUSDT (Price: $0.0149) ---
2025-10-28 13:06:29,461 - INFO - [upgradebot.py:455] - Balance $9.0367 meets minimum value $7.4945 for 1000BONKUSDT. Proceeding with analysis.
2025-10-28 13:06:29,462 - INFO - [upgradebot.py:262] - Fetching 90 days of 240-min data for 1000BONKUSDT...
2025-10-28 13:06:32,523 - INFO - [upgradebot.py:348] - 1000BONKUSDT model trained. Accuracy: 0.86
2025-10-28 13:06:32,534 - INFO - [upgradebot.py:473] - [PREDICTION] 1000BONKUSDT: SELL at $0.0230380
2025-10-28 13:06:34,871 - INFO - [upgradebot.py:304] - No active position found for 1000BONKUSDT.
2025-10-28 13:06:34,877 - INFO - [upgradebot.py:523] - SELL signal for 1000BONKUSDT. Considering SHORT entry.
2025-10-28 13:06:34,878 - INFO - [upgradebot.py:535] - Calculated SHORT Intent: Qty~353.026738, Entry~$0.0230841, TP~$0.0219299, SL~$0.0235458
2025-10-28 13:06:34,879 - INFO - [upgradebot.py:537] - Placing SHORT Bracket Order...
2025-10-28 13:06:34,881 - ERROR - [upgradebot.py:386] - Final qty 300.0 < minimum 504.0. Cannot place entry.
2025-10-28 13:06:34,882 - ERROR - [upgradebot.py:543] - SHORT Entry order failed for 1000BONKUSDT. TP/SL not placed.
2025-10-28 13:06:35,884 - INFO - [upgradebot.py:431] - --- Checking 1000BTTUSDT (Price: $0.0005) ---
2025-10-28 13:06:38,504 - INFO - [upgradebot.py:455] - Balance $9.0367 meets minimum value $7.5003 for 1000BTTUSDT. Proceeding with analysis.
2025-10-28 13:06:38,506 - INFO - [upgradebot.py:262] - Fetching 90 days of 240-min data for 1000BTTUSDT...
2025-10-28 13:06:40,986 - INFO - [upgradebot.py:348] - 1000BTTUSDT model trained. Accuracy: 0.74
2025-10-28 13:06:41,003 - INFO - [upgradebot.py:473] - [PREDICTION] 1000BTTUSDT: HOLD at $0.0006351
2025-10-28 13:06:43,039 - INFO - [upgradebot.py:304] - No active position found for 1000BTTUSDT.
2025-10-28 13:06:43,042 - INFO - [upgradebot.py:546] - ML predicts HOLD for 1000BTTUSDT. No action taken.
2025-10-28 13:06:44,044 - INFO - [upgradebot.py:431] - --- Checking 1000CATUSDT (Price: $0.0055) ---
2025-10-28 13:06:46,404 - INFO - [upgradebot.py:455] - Balance $9.0367 meets minimum value $7.4939 for 1000CATUSDT. Proceeding with analysis.
2025-10-28 13:06:46,404 - INFO - [upgradebot.py:262] - Fetching 90 days of 240-min data for 1000CATUSDT...
2025-10-28 13:06:49,068 - INFO - [upgradebot.py:348] - 1000CATUSDT model trained. Accuracy: 0.76
2025-10-28 13:06:49,079 - INFO - [upgradebot.py:473] - [PREDICTION] 1000CATUSDT: SELL at $0.007833
2025-10-28 13:06:51,532 - INFO - [upgradebot.py:304] - No active position found for 1000CATUSDT.
2025-10-28 13:06:51,535 - INFO - [upgradebot.py:523] - SELL signal for 1000CATUSDT. Considering SHORT entry.
2025-10-28 13:06:51,536 - INFO - [upgradebot.py:535] - Calculated SHORT Intent: Qty~1038.303332, Entry~$0.007849, TP~$0.007456, SL~$0.008006
2025-10-28 13:06:51,536 - INFO - [upgradebot.py:537] - Placing SHORT Bracket Order...
2025-10-28 13:06:51,537 - ERROR - [upgradebot.py:386] - Final qty 1038.0 < minimum 1365.0. Cannot place entry.
2025-10-28 13:06:51,538 - ERROR - [upgradebot.py:543] - SHORT Entry order failed for 1000CATUSDT. TP/SL not placed.
2025-10-28 13:06:52,539 - INFO - [upgradebot.py:431] - --- Checking 1000FLOKIUSDT (Price: $0.0724) ---
2025-10-28 13:06:54,760 - INFO - [upgradebot.py:455] - Balance $9.0367 meets minimum value $7.5317 for 1000FLOKIUSDT. Proceeding with analysis.
2025-10-28 13:06:54,760 - INFO - [upgradebot.py:262] - Fetching 90 days of 240-min data for 1000FLOKIUSDT...
2025-10-28 13:06:57,845 - INFO - [upgradebot.py:348] - 1000FLOKIUSDT model trained. Accuracy: 0.79
2025-10-28 13:06:57,867 - INFO - [upgradebot.py:473] - [PREDICTION] 1000FLOKIUSDT: SELL at $0.09459
2025-10-28 13:07:01,668 - INFO - [upgradebot.py:304] - No active position found for 1000FLOKIUSDT.
2025-10-28 13:07:01,673 - INFO - [upgradebot.py:523] - SELL signal for 1000FLOKIUSDT. Considering SHORT entry.
2025-10-28 13:07:01,674 - INFO - [upgradebot.py:535] - Calculated SHORT Intent: Qty~85.981922, Entry~$0.09478, TP~$0.09004, SL~$0.09667
2025-10-28 13:07:01,675 - INFO - [upgradebot.py:537] - Placing SHORT Bracket Order...
2025-10-28 13:07:01,676 - ERROR - [upgradebot.py:386] - Final qty 85.0 < minimum 104.0. Cannot place entry.
2025-10-28 13:07:01,676 - ERROR - [upgradebot.py:543] - SHORT Entry order failed for 1000FLOKIUSDT. TP/SL not placed.
2025-10-28 13:07:02,677 - INFO - [upgradebot.py:431] - --- Checking 1000LUNCUSDT (Price: $0.0456) ---
2025-10-28 13:07:06,550 - INFO - [upgradebot.py:455] - Balance $9.0367 meets minimum value $7.5289 for 1000LUNCUSDT. Proceeding with analysis.
2025-10-28 13:07:06,551 - INFO - [upgradebot.py:262] - Fetching 90 days of 240-min data for 1000LUNCUSDT...
2025-10-28 13:07:10,543 - INFO - [upgradebot.py:348] - 1000LUNCUSDT model trained. Accuracy: 0.64
2025-10-28 13:07:10,557 - INFO - [upgradebot.py:473] - [PREDICTION] 1000LUNCUSDT: HOLD at $0.05920
2025-10-28 13:07:12,657 - INFO - [upgradebot.py:304] - No active position found for 1000LUNCUSDT.
2025-10-28 13:07:12,664 - INFO - [upgradebot.py:546] - ML predicts HOLD for 1000LUNCUSDT. No action taken.
2025-10-28 13:07:13,665 - INFO - [upgradebot.py:431] - --- Checking 1000NEIROCTOUSDT (Price: $0.1967) ---
2025-10-28 13:07:16,337 - INFO - [upgradebot.py:455] - Balance $9.0367 meets minimum value $7.6713 for 1000NEIROCTOUSDT. Proceeding with analysis.
2025-10-28 13:07:16,338 - INFO - [upgradebot.py:262] - Fetching 90 days of 240-min data for 1000NEIROCTOUSDT...
2025-10-28 13:07:19,172 - INFO - [upgradebot.py:348] - 1000NEIROCTOUSDT model trained. Accuracy: 0.86
2025-10-28 13:07:19,187 - INFO - [upgradebot.py:473] - [PREDICTION] 1000NEIROCTOUSDT: HOLD at $0.34620
2025-10-28 13:07:22,192 - INFO - [upgradebot.py:304] - No active position found for 1000NEIROCTOUSDT.
2025-10-28 13:07:22,199 - INFO - [upgradebot.py:546] - ML predicts HOLD for 1000NEIROCTOUSDT. No action taken.
2025-10-28 13:07:23,201 - INFO - [upgradebot.py:431] - --- Checking 1000PEPEUSDT (Price: $0.0072) ---
2025-10-28 13:07:25,676 - INFO - [upgradebot.py:455] - Balance $9.0367 meets minimum value $7.4846 for 1000PEPEUSDT. Proceeding with analysis.
2025-10-28 13:07:25,677 - INFO - [upgradebot.py:262] - Fetching 90 days of 240-min data for 1000PEPEUSDT...
2025-10-28 13:07:28,671 - INFO - [upgradebot.py:348] - 1000PEPEUSDT model trained. Accuracy: 0.86
2025-10-28 13:07:28,685 - INFO - [upgradebot.py:473] - [PREDICTION] 1000PEPEUSDT: SELL at $0.0107600
2025-10-28 13:07:31,097 - INFO - [upgradebot.py:304] - No active position found for 1000PEPEUSDT.
2025-10-28 13:07:31,102 - INFO - [upgradebot.py:523] - SELL signal for 1000PEPEUSDT. Considering SHORT entry.
2025-10-28 13:07:31,103 - INFO - [upgradebot.py:535] - Calculated SHORT Intent: Qty~755.857807, Entry~$0.0107815, TP~$0.0102424, SL~$0.0109972
2025-10-28 13:07:31,105 - INFO - [upgradebot.py:537] - Placing SHORT Bracket Order...
2025-10-28 13:07:31,106 - ERROR - [upgradebot.py:386] - Final qty 700.0 < minimum 1043.0. Cannot place entry.
2025-10-28 13:07:31,107 - ERROR - [upgradebot.py:543] - SHORT Entry order failed for 1000PEPEUSDT. TP/SL not placed.
2025-10-28 13:07:32,109 - INFO - [upgradebot.py:431] - --- Checking 1000RATSUSDT (Price: $0.0321) ---
2025-10-28 13:07:35,025 - INFO - [upgradebot.py:455] - Balance $9.0367 meets minimum value $7.5091 for 1000RATSUSDT. Proceeding with analysis.
2025-10-28 13:07:35,026 - INFO - [upgradebot.py:262] - Fetching 90 days of 240-min data for 1000RATSUSDT...
2025-10-28 13:07:37,943 - INFO - [upgradebot.py:348] - 1000RATSUSDT model trained. Accuracy: 0.69
2025-10-28 13:07:37,954 - INFO - [upgradebot.py:473] - [PREDICTION] 1000RATSUSDT: BUY at $0.02228
2025-10-28 13:07:40,571 - INFO - [upgradebot.py:304] - No active position found for 1000RATSUSDT.
2025-10-28 13:07:40,577 - INFO - [upgradebot.py:501] - Calculated LONG Intent: Qty~365.037253, Entry~$0.02224, TP~$0.02335, SL~$0.02179
2025-10-28 13:07:40,578 - INFO - [upgradebot.py:503] - Placing LONG Bracket Order...
2025-10-28 13:07:40,579 - INFO - [upgradebot.py:392] - [ACTION] Submitting LIMIT BUY for 1000RATSUSDT (Qty: 360.0) @ Price: 0.02224
2025-10-28 13:07:40,580 - INFO - [upgradebot.py:393] - [DRY-RUN] Would submit order: {"side": "BUY", "symbol": "1000RATSUSDT", "order_type": "LIMIT", "quantity": 360.0, "exchange": "EXCHANGE_2", "price": 0.02224}
2025-10-28 13:07:40,582 - INFO - [upgradebot.py:392] - [ACTION] Submitting TAKE_PROFIT_MARKET SELL for 1000RATSUSDT (Qty: 0) @ Trigger: 0.02335
2025-10-28 13:07:40,583 - INFO - [upgradebot.py:393] - [DRY-RUN] Would submit order: {"side": "SELL", "symbol": "1000RATSUSDT", "order_type": "TAKE_PROFIT_MARKET", "quantity": 0, "exchange": "EXCHANGE_2", "trigger_price": 0.02335, "reduce_only": true}
2025-10-28 13:07:40,585 - INFO - [upgradebot.py:392] - [ACTION] Submitting STOP_MARKET SELL for 1000RATSUSDT (Qty: 0) @ Trigger: 0.02179
2025-10-28 13:07:40,586 - INFO - [upgradebot.py:393] - [DRY-RUN] Would submit order: {"side": "SELL", "symbol": "1000RATSUSDT", "order_type": "STOP_MARKET", "quantity": 0, "exchange": "EXCHANGE_2", "trigger_price": 0.02179, "reduce_only": true}
2025-10-28 13:07:41,588 - INFO - [upgradebot.py:431] - --- Checking 1000TAGUSDT (Price: $0.4506) ---
2025-10-28 13:07:44,019 - INFO - [upgradebot.py:455] - Balance $9.0367 meets minimum value $7.6602 for 1000TAGUSDT. Proceeding with analysis.
2025-10-28 13:07:44,020 - INFO - [upgradebot.py:262] - Fetching 90 days of 240-min data for 1000TAGUSDT...
2025-10-28 13:07:46,680 - INFO - [upgradebot.py:348] - 1000TAGUSDT model trained. Accuracy: 0.79
2025-10-28 13:07:46,697 - INFO - [upgradebot.py:473] - [PREDICTION] 1000TAGUSDT: BUY at $0.6651
2025-10-28 13:07:49,164 - INFO - [upgradebot.py:304] - No active position found for 1000TAGUSDT.
2025-10-28 13:07:49,171 - INFO - [upgradebot.py:501] - Calculated LONG Intent: Qty~12.228281, Entry~$0.6638, TP~$0.6970, SL~$0.6505
2025-10-28 13:07:49,172 - INFO - [upgradebot.py:503] - Placing LONG Bracket Order...
2025-10-28 13:07:49,173 - ERROR - [upgradebot.py:386] - Final qty 12.0 < minimum 17.0. Cannot place entry.
2025-10-28 13:07:49,174 - ERROR - [upgradebot.py:509] - LONG Entry order failed for 1000TAGUSDT. TP/SL not placed.
2025-10-28 13:07:50,176 - INFO - [upgradebot.py:431] - --- Checking 1000TOSHIUSDT (Price: $0.7765) ---
2025-10-28 13:07:52,791 - INFO - [upgradebot.py:455] - Balance $9.0367 meets minimum value $7.7650 for 1000TOSHIUSDT. Proceeding with analysis.
2025-10-28 13:07:52,792 - INFO - [upgradebot.py:262] - Fetching 90 days of 240-min data for 1000TOSHIUSDT...
2025-10-28 13:07:55,852 - INFO - [upgradebot.py:348] - 1000TOSHIUSDT model trained. Accuracy: 0.74
2025-10-28 13:07:55,863 - INFO - [upgradebot.py:473] - [PREDICTION] 1000TOSHIUSDT: SELL at $0.5920
2025-10-28 13:07:58,545 - INFO - [upgradebot.py:304] - No active position found for 1000TOSHIUSDT.
2025-10-28 13:07:58,550 - INFO - [upgradebot.py:523] - SELL signal for 1000TOSHIUSDT. Considering SHORT entry.
2025-10-28 13:07:58,551 - INFO - [upgradebot.py:535] - Calculated SHORT Intent: Qty~13.738226, Entry~$0.5932, TP~$0.5635, SL~$0.6050
2025-10-28 13:07:58,552 - INFO - [upgradebot.py:537] - Placing SHORT Bracket Order...
2025-10-28 13:07:58,553 - INFO - [upgradebot.py:392] - [ACTION] Submitting LIMIT SELL for 1000TOSHIUSDT (Qty: 13.0) @ Price: 0.5932
2025-10-28 13:07:58,555 - INFO - [upgradebot.py:393] - [DRY-RUN] Would submit order: {"side": "SELL", "symbol": "1000TOSHIUSDT", "order_type": "LIMIT", "quantity": 13.0, "exchange": "EXCHANGE_2", "price": 0.5932}
2025-10-28 13:07:58,556 - INFO - [upgradebot.py:392] - [ACTION] Submitting TAKE_PROFIT_MARKET BUY for 1000TOSHIUSDT (Qty: 0) @ Trigger: 0.5635
2025-10-28 13:07:58,557 - INFO - [upgradebot.py:393] - [DRY-RUN] Would submit order: {"side": "BUY", "symbol": "1000TOSHIUSDT", "order_type": "TAKE_PROFIT_MARKET", "quantity": 0, "exchange": "EXCHANGE_2", "trigger_price": 0.5635, "reduce_only": true}
2025-10-28 13:07:58,559 - INFO - [upgradebot.py:392] - [ACTION] Submitting STOP_MARKET BUY for 1000TOSHIUSDT (Qty: 0) @ Trigger: 0.605
2025-10-28 13:07:58,560 - INFO - [upgradebot.py:393] - [DRY-RUN] Would submit order: {"side": "BUY", "symbol": "1000TOSHIUSDT", "order_type": "STOP_MARKET", "quantity": 0, "exchange": "EXCHANGE_2", "trigger_price": 0.605, "reduce_only": true}
2025-10-28 13:07:59,562 - INFO - [upgradebot.py:431] - --- Checking 1000TURBOUSDT (Price: $2.4747) ---
2025-10-28 13:08:02,427 - INFO - [upgradebot.py:451] - Skipping 1000TURBOUSDT. Balance $9.0367 is less than minimum order value $9.8988.
2025-10-28 13:08:02,928 - INFO - [upgradebot.py:431] - --- Checking 1000XUSDT (Price: $0.0337) ---
2025-10-28 13:08:05,381 - INFO - [upgradebot.py:455] - Balance $9.0367 meets minimum value $7.5129 for 1000XUSDT. Proceeding with analysis.
2025-10-28 13:08:05,382 - INFO - [upgradebot.py:262] - Fetching 90 days of 240-min data for 1000XUSDT...
2025-10-28 13:08:08,566 - INFO - [upgradebot.py:348] - 1000XUSDT model trained. Accuracy: 0.81
2025-10-28 13:08:08,578 - INFO - [upgradebot.py:473] - [PREDICTION] 1000XUSDT: BUY at $0.04914
2025-10-28 13:08:11,072 - INFO - [upgradebot.py:304] - No active position found for 1000XUSDT.
2025-10-28 13:08:11,079 - INFO - [upgradebot.py:501] - Calculated LONG Intent: Qty~165.507326, Entry~$0.04904, TP~$0.05149, SL~$0.04806
2025-10-28 13:08:11,080 - INFO - [upgradebot.py:503] - Placing LONG Bracket Order...
2025-10-28 13:08:11,081 - ERROR - [upgradebot.py:386] - Final qty 160.0 < minimum 223.0. Cannot place entry.
2025-10-28 13:08:11,083 - ERROR - [upgradebot.py:509] - LONG Entry order failed for 1000XUSDT. TP/SL not placed.
2025-10-28 13:08:12,084 - INFO - [upgradebot.py:431] - --- Checking 1000XECUSDT (Price: $0.0150) ---
2025-10-28 13:08:14,841 - INFO - [upgradebot.py:455] - Balance $9.0367 meets minimum value $7.5000 for 1000XECUSDT. Proceeding with analysis.
2025-10-28 13:08:14,842 - INFO - [upgradebot.py:262] - Fetching 90 days of 240-min data for 1000XECUSDT...
2025-10-28 13:08:17,800 - INFO - [upgradebot.py:348] - 1000XECUSDT model trained. Accuracy: 0.74
2025-10-28 13:08:17,815 - INFO - [upgradebot.py:473] - [PREDICTION] 1000XECUSDT: HOLD at $0.01997
2025-10-28 13:08:20,472 - INFO - [upgradebot.py:304] - No active position found for 1000XECUSDT.
2025-10-28 13:08:20,478 - INFO - [upgradebot.py:546] - ML predicts HOLD for 1000XECUSDT. No action taken.
2025-10-28 13:08:21,480 - INFO - [upgradebot.py:431] - --- Checking 1INCHUSDT (Price: $0.1802) ---
2025-10-28 13:08:24,686 - INFO - [upgradebot.py:455] - Balance $9.0367 meets minimum value $7.5143 for 1INCHUSDT. Proceeding with analysis.
2025-10-28 13:08:24,687 - INFO - [upgradebot.py:262] - Fetching 90 days of 240-min data for 1INCHUSDT...
2025-10-28 13:08:27,790 - INFO - [upgradebot.py:348] - 1INCHUSDT model trained. Accuracy: 0.69
2025-10-28 13:08:27,800 - INFO - [upgradebot.py:473] - [PREDICTION] 1INCHUSDT: HOLD at $0.2556
2025-10-28 13:08:30,934 - INFO - [upgradebot.py:304] - No active position found for 1INCHUSDT.
2025-10-28 13:08:30,939 - INFO - [upgradebot.py:546] - ML predicts HOLD for 1INCHUSDT. No action taken.
2025-10-28 13:08:31,940 - INFO - [upgradebot.py:431] - --- Checking 2ZUSDT (Price: $0.2261) ---
2025-10-28 13:08:34,758 - INFO - [upgradebot.py:455] - Balance $9.0367 meets minimum value $7.6874 for 2ZUSDT. Proceeding with analysis.
2025-10-28 13:08:34,760 - INFO - [upgradebot.py:262] - Fetching 90 days of 240-min data for 2ZUSDT...
2025-10-28 13:08:37,699 - INFO - [upgradebot.py:348] - 2ZUSDT model trained. Accuracy: 0.82
2025-10-28 13:08:37,712 - INFO - [upgradebot.py:473] - [PREDICTION] 2ZUSDT: BUY at $0.5673
2025-10-28 13:08:39,524 - INFO - [upgradebot.py:304] - No active position found for 2ZUSDT.
2025-10-28 13:08:39,525 - INFO - [upgradebot.py:501] - Calculated LONG Intent: Qty~14.336383, Entry~$0.5662, TP~$0.5945, SL~$0.5548
2025-10-28 13:08:39,526 - INFO - [upgradebot.py:503] - Placing LONG Bracket Order...
2025-10-28 13:08:39,526 - ERROR - [upgradebot.py:386] - Final qty 14.0 < minimum 34.0. Cannot place entry.
2025-10-28 13:08:39,526 - ERROR - [upgradebot.py:509] - LONG Entry order failed for 2ZUSDT. TP/SL not placed.
2025-10-28 13:08:40,527 - INFO - [upgradebot.py:431] - --- Checking 4USDT (Price: $0.1172) ---
2025-10-28 13:08:42,547 - INFO - [upgradebot.py:455] - Balance $9.0367 meets minimum value $7.5008 for 4USDT. Proceeding with analysis.
2025-10-28 13:08:42,548 - INFO - [upgradebot.py:262] - Fetching 90 days of 240-min data for 4USDT...
2025-10-28 13:08:44,930 - INFO - [upgradebot.py:348] - 4USDT model trained. Accuracy: 0.81
2025-10-28 13:08:44,939 - INFO - [upgradebot.py:473] - [PREDICTION] 4USDT: SELL at $0.2703
2025-10-28 13:08:46,807 - INFO - [upgradebot.py:304] - No active position found for 4USDT.
2025-10-28 13:08:46,808 - INFO - [upgradebot.py:523] - SELL signal for 4USDT. Considering SHORT entry.
2025-10-28 13:08:46,809 - INFO - [upgradebot.py:535] - Calculated SHORT Intent: Qty~30.088901, Entry~$0.2708, TP~$0.2573, SL~$0.2763
2025-10-28 13:08:46,809 - INFO - [upgradebot.py:537] - Placing SHORT Bracket Order...
2025-10-28 13:08:46,809 - ERROR - [upgradebot.py:386] - Final qty 30.0 < minimum 64.0. Cannot place entry.
2025-10-28 13:08:46,810 - ERROR - [upgradebot.py:543] - SHORT Entry order failed for 4USDT. TP/SL not placed.
2025-10-28 13:08:47,811 - INFO - [upgradebot.py:431] - --- Checking AUSDT (Price: $0.2946) ---
2025-10-28 13:08:49,582 - INFO - [upgradebot.py:455] - Balance $9.0367 meets minimum value $7.6596 for AUSDT. Proceeding with analysis.
2025-10-28 13:08:49,582 - INFO - [upgradebot.py:262] - Fetching 90 days of 240-min data for AUSDT...
2025-10-28 13:08:51,539 - INFO - [upgradebot.py:348] - AUSDT model trained. Accuracy: 0.69
2025-10-28 13:08:51,549 - INFO - [upgradebot.py:473] - [PREDICTION] AUSDT: HOLD at $0.4848
2025-10-28 13:08:53,149 - INFO - [upgradebot.py:304] - No active position found for AUSDT.
2025-10-28 13:08:53,151 - INFO - [upgradebot.py:546] - ML predicts HOLD for AUSDT. No action taken.
2025-10-28 13:08:54,152 - INFO - [upgradebot.py:431] - --- Checking A2ZUSDT (Price: $0.0039) ---
2025-10-28 13:08:55,815 - INFO - [upgradebot.py:455] - Balance $9.0367 meets minimum value $7.4904 for A2ZUSDT. Proceeding with analysis.
2025-10-28 13:08:55,816 - INFO - [upgradebot.py:262] - Fetching 90 days of 240-min data for A2ZUSDT...
2025-10-28 13:08:57,757 - INFO - [upgradebot.py:348] - A2ZUSDT model trained. Accuracy: 0.69
2025-10-28 13:08:57,767 - INFO - [upgradebot.py:473] - [PREDICTION] A2ZUSDT: BUY at $0.006145
2025-10-28 13:08:59,424 - INFO - [upgradebot.py:304] - No active position found for A2ZUSDT.
2025-10-28 13:08:59,426 - INFO - [upgradebot.py:501] - Calculated LONG Intent: Qty~1323.519935, Entry~$0.006133, TP~$0.006439, SL~$0.006010
2025-10-28 13:08:59,426 - INFO - [upgradebot.py:503] - Placing LONG Bracket Order...
2025-10-28 13:08:59,426 - ERROR - [upgradebot.py:386] - Final qty 1300.0 < minimum 1932.0. Cannot place entry.
2025-10-28 13:08:59,427 - ERROR - [upgradebot.py:509] - LONG Entry order failed for A2ZUSDT. TP/SL not placed.
2025-10-28 13:09:00,427 - INFO - [upgradebot.py:431] - --- Checking A8USDT (Price: $0.0592) ---
2025-10-28 13:09:02,146 - INFO - [upgradebot.py:455] - Balance $9.0367 meets minimum value $7.5209 for A8USDT. Proceeding with analysis.
2025-10-28 13:09:02,146 - INFO - [upgradebot.py:262] - Fetching 90 days of 240-min data for A8USDT...
2025-10-28 13:09:04,359 - INFO - [upgradebot.py:348] - A8USDT model trained. Accuracy: 0.86
2025-10-28 13:09:04,369 - INFO - [upgradebot.py:473] - [PREDICTION] A8USDT: HOLD at $0.10619
2025-10-28 13:09:05,979 - INFO - [upgradebot.py:304] - No active position found for A8USDT.
2025-10-28 13:09:05,981 - INFO - [upgradebot.py:546] - ML predicts HOLD for A8USDT. No action taken.
2025-10-28 13:09:06,981 - INFO - [upgradebot.py:431] - --- Checking AAVEUSDT (Price: $236.8900) ---
2025-10-28 13:09:08,560 - INFO - [upgradebot.py:451] - Skipping AAVEUSDT. Balance $9.0367 is less than minimum order value $9.4756.
2025-10-28 13:09:09,061 - INFO - [upgradebot.py:431] - --- Checking ACEUSDT (Price: $0.3056) ---
2025-10-28 13:09:10,824 - INFO - [upgradebot.py:455] - Balance $9.0367 meets minimum value $7.5178 for ACEUSDT. Proceeding with analysis.
2025-10-28 13:09:10,824 - INFO - [upgradebot.py:262] - Fetching 90 days of 240-min data for ACEUSDT...
2025-10-28 13:09:12,801 - INFO - [upgradebot.py:348] - ACEUSDT model trained. Accuracy: 0.79
2025-10-28 13:09:12,810 - INFO - [upgradebot.py:473] - [PREDICTION] ACEUSDT: HOLD at $0.6013
2025-10-28 13:09:14,526 - INFO - [upgradebot.py:304] - No active position found for ACEUSDT.
2025-10-28 13:09:14,529 - INFO - [upgradebot.py:546] - ML predicts HOLD for ACEUSDT. No action taken.
2025-10-28 13:09:15,529 - INFO - [upgradebot.py:431] - --- Checking ACHUSDT (Price: $0.0130) ---
2025-10-28 13:09:17,225 - INFO - [upgradebot.py:455] - Balance $9.0367 meets minimum value $7.4932 for ACHUSDT. Proceeding with analysis.
2025-10-28 13:09:17,226 - INFO - [upgradebot.py:262] - Fetching 90 days of 240-min data for ACHUSDT...
2025-10-28 13:09:18,912 - INFO - [upgradebot.py:348] - ACHUSDT model trained. Accuracy: 0.81
2025-10-28 13:09:18,920 - INFO - [upgradebot.py:473] - [PREDICTION] ACHUSDT: HOLD at $0.020600
2025-10-28 13:09:20,296 - INFO - [upgradebot.py:304] - No active position found for ACHUSDT.
2025-10-28 13:09:20,297 - INFO - [upgradebot.py:546] - ML predicts HOLD for ACHUSDT. No action taken.
2025-10-28 13:09:21,298 - INFO - [upgradebot.py:431] - --- Checking ACTUSDT (Price: $0.0229) ---
2025-10-28 13:09:22,694 - INFO - [upgradebot.py:455] - Balance $9.0367 meets minimum value $7.5210 for ACTUSDT. Proceeding with analysis.
2025-10-28 13:09:22,694 - INFO - [upgradebot.py:262] - Fetching 90 days of 240-min data for ACTUSDT...
2025-10-28 13:09:24,313 - INFO - [upgradebot.py:348] - ACTUSDT model trained. Accuracy: 0.76
2025-10-28 13:09:24,320 - INFO - [upgradebot.py:473] - [PREDICTION] ACTUSDT: SELL at $0.03729
2025-10-28 13:09:25,658 - INFO - [upgradebot.py:304] - No active position found for ACTUSDT.
2025-10-28 13:09:25,659 - INFO - [upgradebot.py:523] - SELL signal for ACTUSDT. Considering SHORT entry.
2025-10-28 13:09:25,660 - INFO - [upgradebot.py:535] - Calculated SHORT Intent: Qty~218.102172, Entry~$0.03736, TP~$0.03550, SL~$0.03811
2025-10-28 13:09:25,660 - INFO - [upgradebot.py:537] - Placing SHORT Bracket Order...
2025-10-28 13:09:25,660 - ERROR - [upgradebot.py:386] - Final qty 218.0 < minimum 328.0. Cannot place entry.
2025-10-28 13:09:25,660 - ERROR - [upgradebot.py:543] - SHORT Entry order failed for ACTUSDT. TP/SL not placed.
2025-10-28 13:09:26,661 - INFO - [upgradebot.py:431] - --- Checking ACXUSDT (Price: $0.0710) ---
2025-10-28 13:09:28,060 - INFO - [upgradebot.py:455] - Balance $9.0367 meets minimum value $7.5239 for ACXUSDT. Proceeding with analysis.
2025-10-28 13:09:28,061 - INFO - [upgradebot.py:262] - Fetching 90 days of 240-min data for ACXUSDT...
2025-10-28 13:09:29,775 - INFO - [upgradebot.py:348] - ACXUSDT model trained. Accuracy: 0.71
2025-10-28 13:09:29,783 - INFO - [upgradebot.py:473] - [PREDICTION] ACXUSDT: HOLD at $0.14880
2025-10-28 13:09:31,350 - INFO - [upgradebot.py:304] - No active position found for ACXUSDT.
2025-10-28 13:09:31,358 - INFO - [upgradebot.py:546] - ML predicts HOLD for ACXUSDT. No action taken.
2025-10-28 13:09:32,359 - INFO - [upgradebot.py:431] - --- Checking ADAUSDT (Price: $0.6647) ---
2025-10-28 13:09:34,147 - INFO - [upgradebot.py:455] - Balance $9.0367 meets minimum value $7.9764 for ADAUSDT. Proceeding with analysis.
2025-10-28 13:09:34,176 - INFO - [upgradebot.py:262] - Fetching 90 days of 240-min data for ADAUSDT...
2025-10-28 13:09:36,636 - INFO - [upgradebot.py:348] - ADAUSDT model trained. Accuracy: 0.88
2025-10-28 13:09:36,645 - INFO - [upgradebot.py:473] - [PREDICTION] ADAUSDT: SELL at $0.8628
2025-10-28 13:09:39,735 - INFO - [upgradebot.py:304] - No active position found for ADAUSDT.
2025-10-28 13:09:39,741 - INFO - [upgradebot.py:523] - SELL signal for ADAUSDT. Considering SHORT entry.
2025-10-28 13:09:39,744 - INFO - [upgradebot.py:535] - Calculated SHORT Intent: Qty~9.426321, Entry~$0.8645, TP~$0.8213, SL~$0.8818
2025-10-28 13:09:39,750 - INFO - [upgradebot.py:537] - Placing SHORT Bracket Order...
2025-10-28 13:09:39,753 - ERROR - [upgradebot.py:386] - Final qty 9.0 < minimum 12.0. Cannot place entry.
2025-10-28 13:09:39,754 - ERROR - [upgradebot.py:543] - SHORT Entry order failed for ADAUSDT. TP/SL not placed.
2025-10-28 13:09:40,756 - INFO - [upgradebot.py:431] - --- Checking AERGOUSDT (Price: $0.0792) ---
2025-10-28 13:09:44,003 - INFO - [upgradebot.py:455] - Balance $9.0367 meets minimum value $7.6070 for AERGOUSDT. Proceeding with analysis.
2025-10-28 13:09:44,004 - INFO - [upgradebot.py:262] - Fetching 90 days of 240-min data for AERGOUSDT...
2025-10-28 13:09:47,013 - INFO - [upgradebot.py:348] - AERGOUSDT model trained. Accuracy: 0.93
2025-10-28 13:09:47,027 - INFO - [upgradebot.py:473] - [PREDICTION] AERGOUSDT: HOLD at $0.10665
2025-10-28 13:09:49,189 - INFO - [upgradebot.py:304] - No active position found for AERGOUSDT.
2025-10-28 13:09:49,191 - INFO - [upgradebot.py:546] - ML predicts HOLD for AERGOUSDT. No action taken.
2025-10-28 13:09:50,192 - INFO - [upgradebot.py:431] - --- Checking AEROUSDT (Price: $0.9031) ---
2025-10-28 13:09:52,880 - INFO - [upgradebot.py:455] - Balance $9.0367 meets minimum value $8.1279 for AEROUSDT. Proceeding with analysis.
2025-10-28 13:09:52,881 - INFO - [upgradebot.py:262] - Fetching 90 days of 240-min data for AEROUSDT...
2025-10-28 13:09:55,156 - INFO - [upgradebot.py:348] - AEROUSDT model trained. Accuracy: 0.81
2025-10-28 13:09:55,164 - INFO - [upgradebot.py:473] - [PREDICTION] AEROUSDT: HOLD at $1.2356
2025-10-28 13:09:56,889 - INFO - [upgradebot.py:304] - No active position found for AEROUSDT.
2025-10-28 13:09:56,891 - INFO - [upgradebot.py:546] - ML predicts HOLD for AEROUSDT. No action taken.
2025-10-28 13:09:57,892 - INFO - [upgradebot.py:431] - --- Checking AEVOUSDT (Price: $0.0648) ---
2025-10-28 13:09:59,685 - INFO - [upgradebot.py:455] - Balance $9.0367 meets minimum value $7.5045 for AEVOUSDT. Proceeding with analysis.
2025-10-28 13:09:59,686 - INFO - [upgradebot.py:262] - Fetching 90 days of 240-min data for AEVOUSDT...
2025-10-28 13:10:01,839 - INFO - [upgradebot.py:348] - AEVOUSDT model trained. Accuracy: 0.81
2025-10-28 13:10:01,845 - INFO - [upgradebot.py:473] - [PREDICTION] AEVOUSDT: SELL at $0.09350
2025-10-28 13:10:03,697 - INFO - [upgradebot.py:304] - No active position found for AEVOUSDT.
2025-10-28 13:10:03,700 - INFO - [upgradebot.py:523] - SELL signal for AEVOUSDT. Considering SHORT entry.
2025-10-28 13:10:03,700 - INFO - [upgradebot.py:535] - Calculated SHORT Intent: Qty~86.984278, Entry~$0.09369, TP~$0.08900, SL~$0.09556
2025-10-28 13:10:03,701 - INFO - [upgradebot.py:537] - Placing SHORT Bracket Order...
2025-10-28 13:10:03,701 - ERROR - [upgradebot.py:386] - Final qty 86.9 < minimum 115.9. Cannot place entry.
2025-10-28 13:10:03,702 - ERROR - [upgradebot.py:543] - SHORT Entry order failed for AEVOUSDT. TP/SL not placed.
2025-10-28 13:10:04,702 - INFO - [upgradebot.py:431] - --- Checking AGIUSDT (Price: $0.0296) ---
2025-10-28 13:10:06,555 - INFO - [upgradebot.py:455] - Balance $9.0367 meets minimum value $7.5209 for AGIUSDT. Proceeding with analysis.
2025-10-28 13:10:06,555 - INFO - [upgradebot.py:262] - Fetching 90 days of 240-min data for AGIUSDT...
2025-10-28 13:10:08,845 - INFO - [upgradebot.py:348] - AGIUSDT model trained. Accuracy: 0.74
2025-10-28 13:10:08,853 - INFO - [upgradebot.py:473] - [PREDICTION] AGIUSDT: HOLD at $0.05243
2025-10-28 13:10:10,569 - INFO - [upgradebot.py:304] - No active position found for AGIUSDT.
2025-10-28 13:10:10,571 - INFO - [upgradebot.py:546] - ML predicts HOLD for AGIUSDT. No action taken.
2025-10-28 13:10:11,571 - INFO - [upgradebot.py:431] - --- Checking AGLDUSDT (Price: $0.4114) ---
2025-10-28 13:10:13,285 - INFO - [upgradebot.py:455] - Balance $9.0367 meets minimum value $7.5286 for AGLDUSDT. Proceeding with analysis.
2025-10-28 13:10:13,285 - INFO - [upgradebot.py:262] - Fetching 90 days of 240-min data for AGLDUSDT...
2025-10-28 13:10:15,293 - INFO - [upgradebot.py:348] - AGLDUSDT model trained. Accuracy: 0.71
2025-10-28 13:10:15,301 - INFO - [upgradebot.py:473] - [PREDICTION] AGLDUSDT: SELL at $0.6851
2025-10-28 13:10:16,927 - INFO - [upgradebot.py:304] - No active position found for AGLDUSDT.
2025-10-28 13:10:16,929 - INFO - [upgradebot.py:523] - SELL signal for AGLDUSDT. Considering SHORT entry.
2025-10-28 13:10:16,929 - INFO - [upgradebot.py:535] - Calculated SHORT Intent: Qty~11.871303, Entry~$0.6865, TP~$0.6521, SL~$0.7002
2025-10-28 13:10:16,929 - INFO - [upgradebot.py:537] - Placing SHORT Bracket Order...
2025-10-28 13:10:16,930 - ERROR - [upgradebot.py:386] - Final qty 11.8 < minimum 18.3. Cannot place entry.
2025-10-28 13:10:16,930 - ERROR - [upgradebot.py:543] - SHORT Entry order failed for AGLDUSDT. TP/SL not placed.
2025-10-28 13:10:17,931 - INFO - [upgradebot.py:431] - --- Checking AIUSDT (Price: $0.0769) ---
2025-10-28 13:10:19,661 - INFO - [upgradebot.py:455] - Balance $9.0367 meets minimum value $7.4948 for AIUSDT. Proceeding with analysis.
2025-10-28 13:10:19,662 - INFO - [upgradebot.py:262] - Fetching 90 days of 240-min data for AIUSDT...
2025-10-28 13:10:21,694 - INFO - [upgradebot.py:348] - AIUSDT model trained. Accuracy: 0.62
2025-10-28 13:10:21,701 - INFO - [upgradebot.py:473] - [PREDICTION] AIUSDT: SELL at $0.13530
2025-10-28 13:10:23,429 - INFO - [upgradebot.py:304] - No active position found for AIUSDT.
2025-10-28 13:10:23,431 - INFO - [upgradebot.py:523] - SELL signal for AIUSDT. Considering SHORT entry.
2025-10-28 13:10:23,431 - INFO - [upgradebot.py:535] - Calculated SHORT Intent: Qty~60.111086, Entry~$0.13557, TP~$0.12879, SL~$0.13828
2025-10-28 13:10:23,431 - INFO - [upgradebot.py:537] - Placing SHORT Bracket Order...
2025-10-28 13:10:23,432 - ERROR - [upgradebot.py:386] - Final qty 60.1 < minimum 97.5. Cannot place entry.
2025-10-28 13:10:23,432 - ERROR - [upgradebot.py:543] - SHORT Entry order failed for AIUSDT. TP/SL not placed.
2025-10-28 13:10:24,432 - INFO - [upgradebot.py:431] - --- Checking AI16ZUSDT (Price: $0.0641) ---
2025-10-28 13:10:26,147 - INFO - [upgradebot.py:455] - Balance $9.0367 meets minimum value $7.4985 for AI16ZUSDT. Proceeding with analysis.
2025-10-28 13:10:26,147 - INFO - [upgradebot.py:262] - Fetching 90 days of 240-min data for AI16ZUSDT...
2025-10-28 13:10:28,121 - INFO - [upgradebot.py:348] - AI16ZUSDT model trained. Accuracy: 0.74
2025-10-28 13:10:28,129 - INFO - [upgradebot.py:473] - [PREDICTION] AI16ZUSDT: SELL at $0.11710
2025-10-28 13:10:30,015 - INFO - [upgradebot.py:304] - No active position found for AI16ZUSDT.
2025-10-28 13:10:30,017 - INFO - [upgradebot.py:523] - SELL signal for AI16ZUSDT. Considering SHORT entry.
2025-10-28 13:10:30,017 - INFO - [upgradebot.py:535] - Calculated SHORT Intent: Qty~69.453715, Entry~$0.11733, TP~$0.11147, SL~$0.11968
2025-10-28 13:10:30,017 - INFO - [upgradebot.py:537] - Placing SHORT Bracket Order...
2025-10-28 13:10:30,018 - ERROR - [upgradebot.py:386] - Final qty 69.0 < minimum 117.0. Cannot place entry.
2025-10-28 13:10:30,018 - ERROR - [upgradebot.py:543] - SHORT Entry order failed for AI16ZUSDT. TP/SL not placed.
2025-10-28 13:10:31,019 - INFO - [upgradebot.py:431] - --- Checking AIAUSDT (Price: $1.1854) ---
2025-10-28 13:10:32,683 - INFO - [upgradebot.py:455] - Balance $9.0367 meets minimum value $8.2978 for AIAUSDT. Proceeding with analysis.
2025-10-28 13:10:32,684 - INFO - [upgradebot.py:262] - Fetching 90 days of 240-min data for AIAUSDT...
2025-10-28 13:10:34,610 - INFO - [upgradebot.py:348] - AIAUSDT model trained. Accuracy: 0.82
2025-10-28 13:10:34,616 - INFO - [upgradebot.py:473] - [PREDICTION] AIAUSDT: SELL at $0.4042
2025-10-28 13:10:36,343 - INFO - [upgradebot.py:304] - No active position found for AIAUSDT.
2025-10-28 13:10:36,344 - INFO - [upgradebot.py:523] - SELL signal for AIAUSDT. Considering SHORT entry.
2025-10-28 13:10:36,345 - WARNING - [upgradebot.py:528] - Skipping AIAUSDT SHORT. Investment $8.1330 < min value $8.2978.
2025-10-28 13:10:36,345 - INFO - [upgradebot.py:431] - --- Checking AINUSDT (Price: $0.1453) ---
2025-10-28 13:10:38,153 - INFO - [upgradebot.py:455] - Balance $9.0367 meets minimum value $7.5556 for AINUSDT. Proceeding with analysis.
2025-10-28 13:10:38,153 - INFO - [upgradebot.py:262] - Fetching 90 days of 240-min data for AINUSDT...
2025-10-28 13:10:40,054 - INFO - [upgradebot.py:348] - AINUSDT model trained. Accuracy: 0.64
2025-10-28 13:10:40,060 - INFO - [upgradebot.py:473] - [PREDICTION] AINUSDT: BUY at $0.12176
2025-10-28 13:10:41,675 - INFO - [upgradebot.py:304] - No active position found for AINUSDT.
2025-10-28 13:10:41,677 - INFO - [upgradebot.py:501] - Calculated LONG Intent: Qty~66.795581, Entry~$0.12152, TP~$0.12759, SL~$0.11909
2025-10-28 13:10:41,677 - INFO - [upgradebot.py:503] - Placing LONG Bracket Order...
2025-10-28 13:10:41,678 - INFO - [upgradebot.py:392] - [ACTION] Submitting LIMIT BUY for AINUSDT (Qty: 60.0) @ Price: 0.12152
2025-10-28 13:10:41,678 - INFO - [upgradebot.py:393] - [DRY-RUN] Would submit order: {"side": "BUY", "symbol": "AINUSDT", "order_type": "LIMIT", "quantity": 60.0, "exchange": "EXCHANGE_2", "price": 0.12152}
2025-10-28 13:10:41,678 - INFO - [upgradebot.py:392] - [ACTION] Submitting TAKE_PROFIT_MARKET SELL for AINUSDT (Qty: 0) @ Trigger: 0.12759
2025-10-28 13:10:41,678 - INFO - [upgradebot.py:393] - [DRY-RUN] Would submit order: {"side": "SELL", "symbol": "AINUSDT", "order_type": "TAKE_PROFIT_MARKET", "quantity": 0, "exchange": "EXCHANGE_2", "trigger_price": 0.12759, "reduce_only": true}
2025-10-28 13:10:41,679 - INFO - [upgradebot.py:392] - [ACTION] Submitting STOP_MARKET SELL for AINUSDT (Qty: 0) @ Trigger: 0.11909
2025-10-28 13:10:41,679 - INFO - [upgradebot.py:393] - [DRY-RUN] Would submit order: {"side": "SELL", "symbol": "AINUSDT", "order_type": "STOP_MARKET", "quantity": 0, "exchange": "EXCHANGE_2", "trigger_price": 0.11909, "reduce_only": true}
2025-10-28 13:10:42,680 - INFO - [upgradebot.py:431] - --- Checking AIOUSDT (Price: $0.1507) ---
2025-10-28 13:10:44,361 - INFO - [upgradebot.py:455] - Balance $9.0367 meets minimum value $7.5325 for AIOUSDT. Proceeding with analysis.
2025-10-28 13:10:44,361 - INFO - [upgradebot.py:262] - Fetching 90 days of 240-min data for AIOUSDT...
2025-10-28 13:10:46,316 - INFO - [upgradebot.py:348] - AIOUSDT model trained. Accuracy: 0.71
2025-10-28 13:10:46,323 - INFO - [upgradebot.py:473] - [PREDICTION] AIOUSDT: SELL at $0.14883
2025-10-28 13:10:48,013 - INFO - [upgradebot.py:304] - No active position found for AIOUSDT.
2025-10-28 13:10:48,018 - INFO - [upgradebot.py:523] - SELL signal for AIOUSDT. Considering SHORT entry.
2025-10-28 13:10:48,019 - INFO - [upgradebot.py:535] - Calculated SHORT Intent: Qty~54.646442, Entry~$0.14913, TP~$0.14167, SL~$0.15211
2025-10-28 13:10:48,020 - INFO - [upgradebot.py:537] - Placing SHORT Bracket Order...
2025-10-28 13:10:48,021 - INFO - [upgradebot.py:392] - [ACTION] Submitting LIMIT SELL for AIOUSDT (Qty: 50.0) @ Price: 0.14913
2025-10-28 13:10:48,022 - INFO - [upgradebot.py:393] - [DRY-RUN] Would submit order: {"side": "SELL", "symbol": "AIOUSDT", "order_type": "LIMIT", "quantity": 50.0, "exchange": "EXCHANGE_2", "price": 0.14913}
2025-10-28 13:10:48,023 - INFO - [upgradebot.py:392] - [ACTION] Submitting TAKE_PROFIT_MARKET BUY for AIOUSDT (Qty: 0) @ Trigger: 0.14167
2025-10-28 13:10:48,024 - INFO - [upgradebot.py:393] - [DRY-RUN] Would submit order: {"side": "BUY", "symbol": "AIOUSDT", "order_type": "TAKE_PROFIT_MARKET", "quantity": 0, "exchange": "EXCHANGE_2", "trigger_price": 0.14167, "reduce_only": true}
2025-10-28 13:10:48,026 - INFO - [upgradebot.py:392] - [ACTION] Submitting STOP_MARKET BUY for AIOUSDT (Qty: 0) @ Trigger: 0.15211
2025-10-28 13:10:48,026 - INFO - [upgradebot.py:393] - [DRY-RUN] Would submit order: {"side": "BUY", "symbol": "AIOUSDT", "order_type": "STOP_MARKET", "quantity": 0, "exchange": "EXCHANGE_2", "trigger_price": 0.15211, "reduce_only": true}
2025-10-28 13:10:49,027 - INFO - [upgradebot.py:431] - --- Checking AIOZUSDT (Price: $0.1965) ---
2025-10-28 13:10:50,832 - INFO - [upgradebot.py:455] - Balance $9.0367 meets minimum value $7.6635 for AIOZUSDT. Proceeding with analysis.
2025-10-28 13:10:50,832 - INFO - [upgradebot.py:262] - Fetching 90 days of 240-min data for AIOZUSDT...
2025-10-28 13:10:52,779 - INFO - [upgradebot.py:348] - AIOZUSDT model trained. Accuracy: 0.78
2025-10-28 13:10:52,786 - INFO - [upgradebot.py:473] - [PREDICTION] AIOZUSDT: HOLD at $0.3364
2025-10-28 13:10:54,466 - INFO - [upgradebot.py:304] - No active position found for AIOZUSDT.
2025-10-28 13:10:54,468 - INFO - [upgradebot.py:546] - ML predicts HOLD for AIOZUSDT. No action taken.
2025-10-28 13:10:55,469 - INFO - [upgradebot.py:431] - --- Checking AIXBTUSDT (Price: $0.0812) ---
2025-10-28 13:10:57,184 - INFO - [upgradebot.py:455] - Balance $9.0367 meets minimum value $7.5525 for AIXBTUSDT. Proceeding with analysis.
2025-10-28 13:10:57,184 - INFO - [upgradebot.py:262] - Fetching 90 days of 240-min data for AIXBTUSDT...
2025-10-28 13:10:59,117 - INFO - [upgradebot.py:348] - AIXBTUSDT model trained. Accuracy: 0.76
2025-10-28 13:10:59,125 - INFO - [upgradebot.py:473] - [PREDICTION] AIXBTUSDT: SELL at $0.12060
2025-10-28 13:11:00,758 - INFO - [upgradebot.py:304] - No active position found for AIXBTUSDT.
2025-10-28 13:11:00,761 - INFO - [upgradebot.py:523] - SELL signal for AIXBTUSDT. Considering SHORT entry.
2025-10-28 13:11:00,761 - INFO - [upgradebot.py:535] - Calculated SHORT Intent: Qty~67.438060, Entry~$0.12084, TP~$0.11480, SL~$0.12326
2025-10-28 13:11:00,762 - INFO - [upgradebot.py:537] - Placing SHORT Bracket Order...
2025-10-28 13:11:00,762 - ERROR - [upgradebot.py:386] - Final qty 60.0 < minimum 93.0. Cannot place entry.
2025-10-28 13:11:00,763 - ERROR - [upgradebot.py:543] - SHORT Entry order failed for AIXBTUSDT. TP/SL not placed.
2025-10-28 13:11:01,763 - INFO - [upgradebot.py:431] - --- Checking AKEUSDT (Price: $0.0016) ---
2025-10-28 13:11:03,530 - INFO - [upgradebot.py:455] - Balance $9.0367 meets minimum value $7.5052 for AKEUSDT. Proceeding with analysis.
2025-10-28 13:11:03,531 - INFO - [upgradebot.py:262] - Fetching 90 days of 240-min data for AKEUSDT...
2025-10-28 13:11:05,470 - INFO - [upgradebot.py:348] - AKEUSDT model trained. Accuracy: 0.63
2025-10-28 13:11:05,477 - INFO - [upgradebot.py:473] - [PREDICTION] AKEUSDT: SELL at $0.001375
2025-10-28 13:11:07,160 - INFO - [upgradebot.py:304] - No active position found for AKEUSDT.
2025-10-28 13:11:07,162 - INFO - [upgradebot.py:523] - SELL signal for AKEUSDT. Considering SHORT entry.
2025-10-28 13:11:07,162 - INFO - [upgradebot.py:535] - Calculated SHORT Intent: Qty~5914.930909, Entry~$0.001378, TP~$0.001309, SL~$0.001405
2025-10-28 13:11:07,162 - INFO - [upgradebot.py:537] - Placing SHORT Bracket Order...
2025-10-28 13:11:07,163 - INFO - [upgradebot.py:392] - [ACTION] Submitting LIMIT SELL for AKEUSDT (Qty: 5900.0) @ Price: 0.001378
2025-10-28 13:11:07,163 - INFO - [upgradebot.py:393] - [DRY-RUN] Would submit order: {"side": "SELL", "symbol": "AKEUSDT", "order_type": "LIMIT", "quantity": 5900.0, "exchange": "EXCHANGE_2", "price": 0.001378}
2025-10-28 13:11:07,164 - INFO - [upgradebot.py:392] - [ACTION] Submitting TAKE_PROFIT_MARKET BUY for AKEUSDT (Qty: 0) @ Trigger: 0.001309
2025-10-28 13:11:07,164 - INFO - [upgradebot.py:393] - [DRY-RUN] Would submit order: {"side": "BUY", "symbol": "AKEUSDT", "order_type": "TAKE_PROFIT_MARKET", "quantity": 0, "exchange": "EXCHANGE_2", "trigger_price": 0.001309, "reduce_only": true}
2025-10-28 13:11:07,164 - INFO - [upgradebot.py:392] - [ACTION] Submitting STOP_MARKET BUY for AKEUSDT (Qty: 0) @ Trigger: 0.001405
2025-10-28 13:11:07,165 - INFO - [upgradebot.py:393] - [DRY-RUN] Would submit order: {"side": "BUY", "symbol": "AKEUSDT", "order_type": "STOP_MARKET", "quantity": 0, "exchange": "EXCHANGE_2", "trigger_price": 0.001405, "reduce_only": true}
2025-10-28 13:11:08,165 - INFO - [upgradebot.py:431] - --- Checking AKTUSDT (Price: $0.8092) ---
2025-10-28 13:11:09,983 - INFO - [upgradebot.py:455] - Balance $9.0367 meets minimum value $7.5256 for AKTUSDT. Proceeding with analysis.
2025-10-28 13:11:09,984 - INFO - [upgradebot.py:262] - Fetching 90 days of 240-min data for AKTUSDT...
2025-10-28 13:11:11,917 - INFO - [upgradebot.py:348] - AKTUSDT model trained. Accuracy: 0.79
2025-10-28 13:11:11,924 - INFO - [upgradebot.py:473] - [PREDICTION] AKTUSDT: HOLD at $1.1490
2025-10-28 13:11:13,524 - INFO - [upgradebot.py:304] - No active position found for AKTUSDT.
2025-10-28 13:11:13,526 - INFO - [upgradebot.py:546] - ML predicts HOLD for AKTUSDT. No action taken.
2025-10-28 13:11:14,527 - INFO - [upgradebot.py:431] - --- Checking ALCHUSDT (Price: $0.0781) ---
2025-10-28 13:11:16,239 - INFO - [upgradebot.py:455] - Balance $9.0367 meets minimum value $7.5738 for ALCHUSDT. Proceeding with analysis.
2025-10-28 13:11:16,239 - INFO - [upgradebot.py:262] - Fetching 90 days of 240-min data for ALCHUSDT...
2025-10-28 13:11:18,176 - INFO - [upgradebot.py:348] - ALCHUSDT model trained. Accuracy: 0.69
2025-10-28 13:11:18,185 - INFO - [upgradebot.py:473] - [PREDICTION] ALCHUSDT: HOLD at $0.08692
2025-10-28 13:11:19,953 - INFO - [upgradebot.py:304] - No active position found for ALCHUSDT.
2025-10-28 13:11:19,955 - INFO - [upgradebot.py:546] - ML predicts HOLD for ALCHUSDT. No action taken.
2025-10-28 13:11:20,956 - INFO - [upgradebot.py:431] - --- Checking ALEOUSDT (Price: $0.2556) ---
2025-10-28 13:11:22,705 - INFO - [upgradebot.py:455] - Balance $9.0367 meets minimum value $7.6680 for ALEOUSDT. Proceeding with analysis.
2025-10-28 13:11:22,706 - INFO - [upgradebot.py:262] - Fetching 90 days of 240-min data for ALEOUSDT...
2025-10-28 13:11:24,575 - INFO - [upgradebot.py:348] - ALEOUSDT model trained. Accuracy: 0.81
2025-10-28 13:11:24,583 - INFO - [upgradebot.py:473] - [PREDICTION] ALEOUSDT: BUY at $0.2460
2025-10-28 13:11:26,393 - INFO - [upgradebot.py:304] - No active position found for ALEOUSDT.
2025-10-28 13:11:26,395 - INFO - [upgradebot.py:501] - Calculated LONG Intent: Qty~33.061098, Entry~$0.2455, TP~$0.2578, SL~$0.2406
2025-10-28 13:11:26,395 - INFO - [upgradebot.py:503] - Placing LONG Bracket Order...
2025-10-28 13:11:26,396 - INFO - [upgradebot.py:392] - [ACTION] Submitting LIMIT BUY for ALEOUSDT (Qty: 33.0) @ Price: 0.2455
2025-10-28 13:11:26,396 - INFO - [upgradebot.py:393] - [DRY-RUN] Would submit order: {"side": "BUY", "symbol": "ALEOUSDT", "order_type": "LIMIT", "quantity": 33.0, "exchange": "EXCHANGE_2", "price": 0.2455}
2025-10-28 13:11:26,396 - INFO - [upgradebot.py:392] - [ACTION] Submitting TAKE_PROFIT_MARKET SELL for ALEOUSDT (Qty: 0) @ Trigger: 0.2578
2025-10-28 13:11:26,397 - INFO - [upgradebot.py:393] - [DRY-RUN] Would submit order: {"side": "SELL", "symbol": "ALEOUSDT", "order_type": "TAKE_PROFIT_MARKET", "quantity": 0, "exchange": "EXCHANGE_2", "trigger_price": 0.2578, "reduce_only": true}
2025-10-28 13:11:26,397 - INFO - [upgradebot.py:392] - [ACTION] Submitting STOP_MARKET SELL for ALEOUSDT (Qty: 0) @ Trigger: 0.2406
2025-10-28 13:11:26,397 - INFO - [upgradebot.py:393] - [DRY-RUN] Would submit order: {"side": "SELL", "symbol": "ALEOUSDT", "order_type": "STOP_MARKET", "quantity": 0, "exchange": "EXCHANGE_2", "trigger_price": 0.2406, "reduce_only": true}
2025-10-28 13:11:27,398 - INFO - [upgradebot.py:431] - --- Checking ALGOUSDT (Price: $0.1941) ---
2025-10-28 13:11:29,192 - INFO - [upgradebot.py:455] - Balance $9.0367 meets minimum value $7.5117 for ALGOUSDT. Proceeding with analysis.
2025-10-28 13:11:29,193 - INFO - [upgradebot.py:262] - Fetching 90 days of 240-min data for ALGOUSDT...
2025-10-28 13:11:31,219 - INFO - [upgradebot.py:348] - ALGOUSDT model trained. Accuracy: 0.71
2025-10-28 13:11:31,226 - INFO - [upgradebot.py:473] - [PREDICTION] ALGOUSDT: HOLD at $0.2410
2025-10-28 13:11:33,011 - INFO - [upgradebot.py:304] - No active position found for ALGOUSDT.
2025-10-28 13:11:33,013 - INFO - [upgradebot.py:546] - ML predicts HOLD for ALGOUSDT. No action taken.
2025-10-28 13:11:34,014 - INFO - [upgradebot.py:431] - --- Checking ALICEUSDT (Price: $0.3200) ---
2025-10-28 13:11:35,842 - INFO - [upgradebot.py:455] - Balance $9.0367 meets minimum value $7.5200 for ALICEUSDT. Proceeding with analysis.
2025-10-28 13:11:35,842 - INFO - [upgradebot.py:262] - Fetching 90 days of 240-min data for ALICEUSDT...
2025-10-28 13:11:37,827 - INFO - [upgradebot.py:348] - ALICEUSDT model trained. Accuracy: 0.80
2025-10-28 13:11:37,837 - INFO - [upgradebot.py:473] - [PREDICTION] ALICEUSDT: SELL at $0.3871
2025-10-28 13:11:39,728 - INFO - [upgradebot.py:304] - No active position found for ALICEUSDT.
2025-10-28 13:11:39,730 - INFO - [upgradebot.py:523] - SELL signal for ALICEUSDT. Considering SHORT entry.
2025-10-28 13:11:39,731 - INFO - [upgradebot.py:535] - Calculated SHORT Intent: Qty~21.010152, Entry~$0.3879, TP~$0.3685, SL~$0.3956
2025-10-28 13:11:39,731 - INFO - [upgradebot.py:537] - Placing SHORT Bracket Order...
2025-10-28 13:11:39,731 - ERROR - [upgradebot.py:386] - Final qty 21.0 < minimum 23.5. Cannot place entry.
2025-10-28 13:11:39,731 - ERROR - [upgradebot.py:543] - SHORT Entry order failed for ALICEUSDT. TP/SL not placed.
2025-10-28 13:11:40,732 - INFO - [upgradebot.py:431] - --- Checking ALPINEUSDT (Price: $0.8134) ---
2025-10-28 13:11:42,768 - INFO - [upgradebot.py:455] - Balance $9.0367 meets minimum value $7.5646 for ALPINEUSDT. Proceeding with analysis.
2025-10-28 13:11:42,768 - INFO - [upgradebot.py:262] - Fetching 90 days of 240-min data for ALPINEUSDT...
2025-10-28 13:11:44,902 - INFO - [upgradebot.py:348] - ALPINEUSDT model trained. Accuracy: 0.93
2025-10-28 13:11:44,911 - INFO - [upgradebot.py:473] - [PREDICTION] ALPINEUSDT: HOLD at $1.9960
2025-10-28 13:11:46,820 - INFO - [upgradebot.py:304] - No active position found for ALPINEUSDT.
2025-10-28 13:11:46,823 - INFO - [upgradebot.py:546] - ML predicts HOLD for ALPINEUSDT. No action taken.
2025-10-28 13:11:47,824 - INFO - [upgradebot.py:431] - --- Checking ALTUSDT (Price: $0.0196) ---
2025-10-28 13:11:49,733 - INFO - [upgradebot.py:455] - Balance $9.0367 meets minimum value $7.5030 for ALTUSDT. Proceeding with analysis.
2025-10-28 13:11:49,733 - INFO - [upgradebot.py:262] - Fetching 90 days of 240-min data for ALTUSDT...
2025-10-28 13:11:51,946 - INFO - [upgradebot.py:348] - ALTUSDT model trained. Accuracy: 0.79
2025-10-28 13:11:51,962 - INFO - [upgradebot.py:473] - [PREDICTION] ALTUSDT: HOLD at $0.03293
2025-10-28 13:11:54,143 - INFO - [upgradebot.py:304] - No active position found for ALTUSDT.
2025-10-28 13:11:54,145 - INFO - [upgradebot.py:546] - ML predicts HOLD for ALTUSDT. No action taken.
2025-10-28 13:11:55,145 - INFO - [upgradebot.py:431] - --- Checking ANIMEUSDT (Price: $0.0098) ---
2025-10-28 13:11:57,024 - INFO - [upgradebot.py:455] - Balance $9.0367 meets minimum value $7.4953 for ANIMEUSDT. Proceeding with analysis.
2025-10-28 13:11:57,025 - INFO - [upgradebot.py:262] - Fetching 90 days of 240-min data for ANIMEUSDT...
2025-10-28 13:11:59,288 - INFO - [upgradebot.py:348] - ANIMEUSDT model trained. Accuracy: 0.83
2025-10-28 13:11:59,297 - INFO - [upgradebot.py:473] - [PREDICTION] ANIMEUSDT: HOLD at $0.016080
2025-10-28 13:12:01,535 - INFO - [upgradebot.py:304] - No active position found for ANIMEUSDT.
2025-10-28 13:12:01,537 - INFO - [upgradebot.py:546] - ML predicts HOLD for ANIMEUSDT. No action taken.
2025-10-28 13:12:02,538 - INFO - [upgradebot.py:431] - --- Checking ANKRUSDT (Price: $0.0102) ---
2025-10-28 13:12:04,564 - INFO - [upgradebot.py:455] - Balance $9.0367 meets minimum value $7.4941 for ANKRUSDT. Proceeding with analysis.
2025-10-28 13:12:04,565 - INFO - [upgradebot.py:262] - Fetching 90 days of 240-min data for ANKRUSDT...
2025-10-28 13:12:06,708 - INFO - [upgradebot.py:348] - ANKRUSDT model trained. Accuracy: 0.90
2025-10-28 13:12:06,715 - INFO - [upgradebot.py:473] - [PREDICTION] ANKRUSDT: HOLD at $0.01547
2025-10-28 13:12:08,475 - INFO - [upgradebot.py:304] - No active position found for ANKRUSDT.
2025-10-28 13:12:08,478 - INFO - [upgradebot.py:546] - ML predicts HOLD for ANKRUSDT. No action taken.
2025-10-28 13:12:09,478 - INFO - [upgradebot.py:431] - --- Checking APEUSDT (Price: $0.4420) ---
2025-10-28 13:12:11,385 - INFO - [upgradebot.py:455] - Balance $9.0367 meets minimum value $7.4698 for APEUSDT. Proceeding with analysis.
2025-10-28 13:12:11,386 - INFO - [upgradebot.py:262] - Fetching 90 days of 240-min data for APEUSDT...
2025-10-28 13:12:13,644 - INFO - [upgradebot.py:348] - APEUSDT model trained. Accuracy: 0.78
2025-10-28 13:12:13,653 - INFO - [upgradebot.py:473] - [PREDICTION] APEUSDT: HOLD at $0.6036
2025-10-28 13:12:15,763 - INFO - [upgradebot.py:304] - No active position found for APEUSDT.
2025-10-28 13:12:15,765 - INFO - [upgradebot.py:546] - ML predicts HOLD for APEUSDT. No action taken.
2025-10-28 13:12:16,765 - INFO - [upgradebot.py:431] - --- Checking APEXUSDT (Price: $1.1708) ---
2025-10-28 13:12:18,489 - INFO - [upgradebot.py:455] - Balance $9.0367 meets minimum value $7.4931 for APEXUSDT. Proceeding with analysis.
2025-10-28 13:12:18,489 - INFO - [upgradebot.py:262] - Fetching 90 days of 240-min data for APEXUSDT...
2025-10-28 13:12:20,485 - INFO - [upgradebot.py:348] - APEXUSDT model trained. Accuracy: 0.81
2025-10-28 13:12:20,493 - INFO - [upgradebot.py:473] - [PREDICTION] APEXUSDT: SELL at $2.4060
2025-10-28 13:12:22,306 - INFO - [upgradebot.py:304] - No active position found for APEXUSDT.
2025-10-28 13:12:22,307 - INFO - [upgradebot.py:523] - SELL signal for APEXUSDT. Considering SHORT entry.
2025-10-28 13:12:22,308 - INFO - [upgradebot.py:535] - Calculated SHORT Intent: Qty~3.380312, Entry~$2.4108, TP~$2.2903, SL~$2.4590
2025-10-28 13:12:22,308 - INFO - [upgradebot.py:537] - Placing SHORT Bracket Order...
2025-10-28 13:12:22,308 - ERROR - [upgradebot.py:386] - Final qty 3.3 < minimum 6.4. Cannot place entry.
2025-10-28 13:12:22,309 - ERROR - [upgradebot.py:543] - SHORT Entry order failed for APEXUSDT. TP/SL not placed.
2025-10-28 13:12:23,309 - INFO - [upgradebot.py:431] - --- Checking API3USDT (Price: $0.6854) ---
2025-10-28 13:12:25,099 - INFO - [upgradebot.py:455] - Balance $9.0367 meets minimum value $7.5394 for API3USDT. Proceeding with analysis.
2025-10-28 13:12:25,100 - INFO - [upgradebot.py:262] - Fetching 90 days of 240-min data for API3USDT...
2025-10-28 13:12:27,175 - INFO - [upgradebot.py:348] - API3USDT model trained. Accuracy: 0.83
2025-10-28 13:12:27,182 - INFO - [upgradebot.py:473] - [PREDICTION] API3USDT: BUY at $0.9786
2025-10-28 13:12:28,990 - INFO - [upgradebot.py:304] - No active position found for API3USDT.
2025-10-28 13:12:28,992 - INFO - [upgradebot.py:501] - Calculated LONG Intent: Qty~8.310883, Entry~$0.9766, TP~$1.0255, SL~$0.9571
2025-10-28 13:12:28,992 - INFO - [upgradebot.py:503] - Placing LONG Bracket Order...
2025-10-28 13:12:28,993 - ERROR - [upgradebot.py:386] - Final qty 8.3 < minimum 11.0. Cannot place entry.
2025-10-28 13:12:28,993 - ERROR - [upgradebot.py:509] - LONG Entry order failed for API3USDT. TP/SL not placed.
2025-10-28 13:12:29,994 - INFO - [upgradebot.py:431] - --- Checking APRUSDT (Price: $0.3413) ---
2025-10-28 13:12:31,751 - INFO - [upgradebot.py:455] - Balance $9.0367 meets minimum value $7.5086 for APRUSDT. Proceeding with analysis.
2025-10-28 13:12:31,751 - INFO - [upgradebot.py:262] - Fetching 90 days of 240-min data for APRUSDT...
2025-10-28 13:12:33,558 - WARNING - [upgradebot.py:335] - Not enough hist data for APRUSDT (28<100). Skip train.
2025-10-28 13:12:33,559 - INFO - [upgradebot.py:473] - [PREDICTION] APRUSDT: HOLD at $0.3361
2025-10-28 13:12:35,439 - INFO - [upgradebot.py:304] - No active position found for APRUSDT.
2025-10-28 13:12:35,442 - INFO - [upgradebot.py:546] - ML predicts HOLD for APRUSDT. No action taken.
2025-10-28 13:12:36,443 - INFO - [upgradebot.py:431] - --- Checking APTUSDT (Price: $3.4650) ---
2025-10-28 13:12:38,186 - INFO - [upgradebot.py:455] - Balance $9.0367 meets minimum value $7.4844 for APTUSDT. Proceeding with analysis.
2025-10-28 13:12:38,187 - INFO - [upgradebot.py:262] - Fetching 90 days of 240-min data for APTUSDT...
2025-10-28 13:12:40,212 - INFO - [upgradebot.py:348] - APTUSDT model trained. Accuracy: 0.88
2025-10-28 13:12:40,221 - INFO - [upgradebot.py:473] - [PREDICTION] APTUSDT: HOLD at $4.5750
2025-10-28 13:12:42,012 - INFO - [upgradebot.py:304] - No active position found for APTUSDT.
2025-10-28 13:12:42,016 - INFO - [upgradebot.py:546] - ML predicts HOLD for APTUSDT. No action taken.
2025-10-28 13:12:43,017 - INFO - [upgradebot.py:431] - --- Checking ARUSDT (Price: $4.1240) ---
2025-10-28 13:12:44,886 - INFO - [upgradebot.py:455] - Balance $9.0367 meets minimum value $7.8356 for ARUSDT. Proceeding with analysis.
2025-10-28 13:12:44,886 - INFO - [upgradebot.py:262] - Fetching 90 days of 240-min data for ARUSDT...
2025-10-28 13:12:46,883 - INFO - [upgradebot.py:348] - ARUSDT model trained. Accuracy: 0.67
2025-10-28 13:12:46,891 - INFO - [upgradebot.py:473] - [PREDICTION] ARUSDT: SELL at $6.990
2025-10-28 13:12:48,676 - INFO - [upgradebot.py:304] - No active position found for ARUSDT.
2025-10-28 13:12:48,678 - INFO - [upgradebot.py:523] - SELL signal for ARUSDT. Considering SHORT entry.
2025-10-28 13:12:48,678 - INFO - [upgradebot.py:535] - Calculated SHORT Intent: Qty~1.163524, Entry~$7.004, TP~$6.654, SL~$7.144
2025-10-28 13:12:48,678 - INFO - [upgradebot.py:537] - Placing SHORT Bracket Order...
2025-10-28 13:12:48,679 - ERROR - [upgradebot.py:386] - Final qty 1.1 < minimum 1.9. Cannot place entry.
2025-10-28 13:12:48,679 - ERROR - [upgradebot.py:543] - SHORT Entry order failed for ARUSDT. TP/SL not placed.
2025-10-28 13:12:49,679 - INFO - [upgradebot.py:431] - --- Checking ARBUSDT (Price: $0.3303) ---
2025-10-28 13:12:51,637 - INFO - [upgradebot.py:455] - Balance $9.0367 meets minimum value $7.4978 for ARBUSDT. Proceeding with analysis.
2025-10-28 13:12:51,637 - INFO - [upgradebot.py:262] - Fetching 90 days of 240-min data for ARBUSDT...
2025-10-28 13:12:53,684 - INFO - [upgradebot.py:348] - ARBUSDT model trained. Accuracy: 0.76
2025-10-28 13:12:53,694 - INFO - [upgradebot.py:473] - [PREDICTION] ARBUSDT: SELL at $0.4918
2025-10-28 13:12:55,538 - INFO - [upgradebot.py:304] - No active position found for ARBUSDT.
2025-10-28 13:12:55,540 - INFO - [upgradebot.py:523] - SELL signal for ARBUSDT. Considering SHORT entry.
2025-10-28 13:12:55,540 - INFO - [upgradebot.py:535] - Calculated SHORT Intent: Qty~16.537271, Entry~$0.4928, TP~$0.4681, SL~$0.5026
2025-10-28 13:12:55,541 - INFO - [upgradebot.py:537] - Placing SHORT Bracket Order...
2025-10-28 13:12:55,541 - ERROR - [upgradebot.py:386] - Final qty 16.5 < minimum 22.7. Cannot place entry.
2025-10-28 13:12:55,541 - ERROR - [upgradebot.py:543] - SHORT Entry order failed for ARBUSDT. TP/SL not placed.
2025-10-28 13:12:56,542 - INFO - [upgradebot.py:431] - --- Checking ARCUSDT (Price: $0.0145) ---
2025-10-28 13:12:58,434 - INFO - [upgradebot.py:455] - Balance $9.0367 meets minimum value $7.5172 for ARCUSDT. Proceeding with analysis.
2025-10-28 13:12:58,435 - INFO - [upgradebot.py:262] - Fetching 90 days of 240-min data for ARCUSDT...
2025-10-28 13:13:00,372 - INFO - [upgradebot.py:348] - ARCUSDT model trained. Accuracy: 0.79
2025-10-28 13:13:00,378 - INFO - [upgradebot.py:473] - [PREDICTION] ARCUSDT: HOLD at $0.02010
2025-10-28 13:13:02,100 - INFO - [upgradebot.py:304] - No active position found for ARCUSDT.
2025-10-28 13:13:02,102 - INFO - [upgradebot.py:546] - ML predicts HOLD for ARCUSDT. No action taken.
2025-10-28 13:13:03,103 - INFO - [upgradebot.py:431] - --- Checking ARKUSDT (Price: $0.3298) ---
2025-10-28 13:13:04,900 - INFO - [upgradebot.py:455] - Balance $9.0367 meets minimum value $7.5854 for ARKUSDT. Proceeding with analysis.
2025-10-28 13:13:04,900 - INFO - [upgradebot.py:262] - Fetching 90 days of 240-min data for ARKUSDT...
2025-10-28 13:13:06,781 - INFO - [upgradebot.py:348] - ARKUSDT model trained. Accuracy: 0.76
2025-10-28 13:13:06,789 - INFO - [upgradebot.py:473] - [PREDICTION] ARKUSDT: HOLD at $0.47850
2025-10-28 13:13:08,525 - INFO - [upgradebot.py:304] - No active position found for ARKUSDT.
2025-10-28 13:13:08,526 - INFO - [upgradebot.py:546] - ML predicts HOLD for ARKUSDT. No action taken.
2025-10-28 13:13:09,527 - INFO - [upgradebot.py:431] - --- Checking ARKMUSDT (Price: $0.3658) ---
2025-10-28 13:13:11,461 - INFO - [upgradebot.py:455] - Balance $9.0367 meets minimum value $7.6818 for ARKMUSDT. Proceeding with analysis.
2025-10-28 13:13:11,462 - INFO - [upgradebot.py:262] - Fetching 90 days of 240-min data for ARKMUSDT...
2025-10-28 13:13:13,630 - INFO - [upgradebot.py:348] - ARKMUSDT model trained. Accuracy: 0.69
2025-10-28 13:13:13,637 - INFO - [upgradebot.py:473] - [PREDICTION] ARKMUSDT: HOLD at $0.63480
2025-10-28 13:13:15,644 - INFO - [upgradebot.py:304] - No active position found for ARKMUSDT.
2025-10-28 13:13:15,647 - INFO - [upgradebot.py:546] - ML predicts HOLD for ARKMUSDT. No action taken.
2025-10-28 13:13:16,647 - INFO - [upgradebot.py:431] - --- Checking ARPAUSDT (Price: $0.0195) ---
2025-10-28 13:13:18,637 - INFO - [upgradebot.py:455] - Balance $9.0367 meets minimum value $7.5152 for ARPAUSDT. Proceeding with analysis.
2025-10-28 13:13:18,637 - INFO - [upgradebot.py:262] - Fetching 90 days of 240-min data for ARPAUSDT...
2025-10-28 13:13:21,060 - INFO - [upgradebot.py:348] - ARPAUSDT model trained. Accuracy: 0.76
2025-10-28 13:13:21,071 - INFO - [upgradebot.py:473] - [PREDICTION] ARPAUSDT: SELL at $0.02195
2025-10-28 13:13:22,981 - INFO - [upgradebot.py:304] - No active position found for ARPAUSDT.
2025-10-28 13:13:22,986 - INFO - [upgradebot.py:523] - SELL signal for ARPAUSDT. Considering SHORT entry.
2025-10-28 13:13:22,987 - INFO - [upgradebot.py:535] - Calculated SHORT Intent: Qty~370.525285, Entry~$0.02199, TP~$0.02089, SL~$0.02243
2025-10-28 13:13:22,988 - INFO - [upgradebot.py:537] - Placing SHORT Bracket Order...
2025-10-28 13:13:22,989 - ERROR - [upgradebot.py:386] - Final qty 370.0 < minimum 385.0. Cannot place entry.
2025-10-28 13:13:22,989 - ERROR - [upgradebot.py:543] - SHORT Entry order failed for ARPAUSDT. TP/SL not placed.
2025-10-28 13:13:23,990 - INFO - [upgradebot.py:431] - --- Checking ASPUSDT (Price: $0.0749) ---
2025-10-28 13:13:25,794 - INFO - [upgradebot.py:455] - Balance $9.0367 meets minimum value $7.5679 for ASPUSDT. Proceeding with analysis.
2025-10-28 13:13:25,795 - INFO - [upgradebot.py:262] - Fetching 90 days of 240-min data for ASPUSDT...
2025-10-28 13:13:28,166 - INFO - [upgradebot.py:348] - ASPUSDT model trained. Accuracy: 0.79
2025-10-28 13:13:28,176 - INFO - [upgradebot.py:473] - [PREDICTION] ASPUSDT: BUY at $0.14070
2025-10-28 13:13:30,236 - INFO - [upgradebot.py:304] - No active position found for ASPUSDT.
2025-10-28 13:13:30,238 - INFO - [upgradebot.py:501] - Calculated LONG Intent: Qty~57.804051, Entry~$0.14042, TP~$0.14744, SL~$0.13761
2025-10-28 13:13:30,238 - INFO - [upgradebot.py:503] - Placing LONG Bracket Order...
2025-10-28 13:13:30,239 - ERROR - [upgradebot.py:386] - Final qty 57.0 < minimum 101.0. Cannot place entry.
2025-10-28 13:13:30,239 - ERROR - [upgradebot.py:509] - LONG Entry order failed for ASPUSDT. TP/SL not placed.
2025-10-28 13:13:31,240 - INFO - [upgradebot.py:431] - --- Checking ASRUSDT (Price: $1.4880) ---
2025-10-28 13:13:33,273 - INFO - [upgradebot.py:455] - Balance $9.0367 meets minimum value $7.5888 for ASRUSDT. Proceeding with analysis.
2025-10-28 13:13:33,273 - INFO - [upgradebot.py:262] - Fetching 90 days of 240-min data for ASRUSDT...
2025-10-28 13:13:35,474 - INFO - [upgradebot.py:348] - ASRUSDT model trained. Accuracy: 0.90
2025-10-28 13:13:35,485 - INFO - [upgradebot.py:473] - [PREDICTION] ASRUSDT: HOLD at $2.443
2025-10-28 13:13:37,926 - INFO - [upgradebot.py:304] - No active position found for ASRUSDT.
2025-10-28 13:13:37,929 - INFO - [upgradebot.py:546] - ML predicts HOLD for ASRUSDT. No action taken.
2025-10-28 13:13:38,930 - INFO - [upgradebot.py:431] - --- Checking ASTERUSDT (Price: $1.0640) ---
2025-10-28 13:13:41,421 - INFO - [upgradebot.py:455] - Balance $9.0367 meets minimum value $8.5120 for ASTERUSDT. Proceeding with analysis.
2025-10-28 13:13:41,421 - INFO - [upgradebot.py:262] - Fetching 90 days of 240-min data for ASTERUSDT...
2025-10-28 13:13:44,531 - INFO - [upgradebot.py:348] - ASTERUSDT model trained. Accuracy: 0.71
2025-10-28 13:13:44,541 - INFO - [upgradebot.py:473] - [PREDICTION] ASTERUSDT: BUY at $1.7175
2025-10-28 13:13:46,709 - INFO - [upgradebot.py:304] - No active position found for ASTERUSDT.
2025-10-28 13:13:46,712 - WARNING - [upgradebot.py:494] - Skipping ASTERUSDT BUY. Investment $8.1330 < min value $8.5120.
2025-10-28 13:13:46,712 - INFO - [upgradebot.py:431] - --- Checking ASTRUSDT (Price: $0.0179) ---
2025-10-28 13:13:48,965 - INFO - [upgradebot.py:455] - Balance $9.0367 meets minimum value $7.5096 for ASTRUSDT. Proceeding with analysis.
2025-10-28 13:13:48,966 - INFO - [upgradebot.py:262] - Fetching 90 days of 240-min data for ASTRUSDT...
2025-10-28 13:13:51,456 - INFO - [upgradebot.py:348] - ASTRUSDT model trained. Accuracy: 0.86
2025-10-28 13:13:51,465 - INFO - [upgradebot.py:473] - [PREDICTION] ASTRUSDT: SELL at $0.024470
2025-10-28 13:13:53,724 - INFO - [upgradebot.py:304] - No active position found for ASTRUSDT.
2025-10-28 13:13:53,726 - INFO - [upgradebot.py:523] - SELL signal for ASTRUSDT. Considering SHORT entry.
2025-10-28 13:13:53,726 - INFO - [upgradebot.py:535] - Calculated SHORT Intent: Qty~332.367389, Entry~$0.024519, TP~$0.023293, SL~$0.025009
2025-10-28 13:13:53,726 - INFO - [upgradebot.py:537] - Placing SHORT Bracket Order...
2025-10-28 13:13:53,727 - ERROR - [upgradebot.py:386] - Final qty 332.0 < minimum 420.0. Cannot place entry.
2025-10-28 13:13:53,727 - ERROR - [upgradebot.py:543] - SHORT Entry order failed for ASTRUSDT. TP/SL not placed.
2025-10-28 13:13:54,728 - INFO - [upgradebot.py:431] - --- Checking ATHUSDT (Price: $0.0297) ---
2025-10-28 13:13:56,573 - INFO - [upgradebot.py:455] - Balance $9.0367 meets minimum value $7.5217 for ATHUSDT. Proceeding with analysis.
2025-10-28 13:13:56,573 - INFO - [upgradebot.py:262] - Fetching 90 days of 240-min data for ATHUSDT...
2025-10-28 13:13:58,750 - INFO - [upgradebot.py:348] - ATHUSDT model trained. Accuracy: 0.64
2025-10-28 13:13:58,757 - INFO - [upgradebot.py:473] - [PREDICTION] ATHUSDT: HOLD at $0.05999
2025-10-28 13:14:00,888 - INFO - [upgradebot.py:304] - No active position found for ATHUSDT.
2025-10-28 13:14:00,891 - INFO - [upgradebot.py:546] - ML predicts HOLD for ATHUSDT. No action taken.
2025-10-28 13:14:01,891 - INFO - [upgradebot.py:431] - --- Checking ATOMUSDT (Price: $3.1840) ---
2025-10-28 13:14:03,852 - INFO - [upgradebot.py:455] - Balance $9.0367 meets minimum value $7.6416 for ATOMUSDT. Proceeding with analysis.
2025-10-28 13:14:03,853 - INFO - [upgradebot.py:262] - Fetching 90 days of 240-min data for ATOMUSDT...
2025-10-28 13:14:05,917 - INFO - [upgradebot.py:348] - ATOMUSDT model trained. Accuracy: 0.86
2025-10-28 13:14:05,926 - INFO - [upgradebot.py:473] - [PREDICTION] ATOMUSDT: HOLD at $4.556
2025-10-28 13:14:07,644 - INFO - [upgradebot.py:304] - No active position found for ATOMUSDT.
2025-10-28 13:14:07,646 - INFO - [upgradebot.py:546] - ML predicts HOLD for ATOMUSDT. No action taken.
2025-10-28 13:14:08,647 - INFO - [upgradebot.py:431] - --- Checking AUCTIONUSDT (Price: $7.0920) ---
2025-10-28 13:14:10,441 - INFO - [upgradebot.py:455] - Balance $9.0367 meets minimum value $7.8012 for AUCTIONUSDT. Proceeding with analysis.
2025-10-28 13:14:10,442 - INFO - [upgradebot.py:262] - Fetching 90 days of 240-min data for AUCTIONUSDT...
2025-10-28 13:14:12,506 - INFO - [upgradebot.py:348] - AUCTIONUSDT model trained. Accuracy: 0.79
2025-10-28 13:14:12,514 - INFO - [upgradebot.py:473] - [PREDICTION] AUCTIONUSDT: HOLD at $9.457
2025-10-28 13:14:14,379 - INFO - [upgradebot.py:304] - No active position found for AUCTIONUSDT.
2025-10-28 13:14:14,380 - INFO - [upgradebot.py:546] - ML predicts HOLD for AUCTIONUSDT. No action taken.
2025-10-28 13:14:15,381 - INFO - [upgradebot.py:431] - --- Checking AUDIOUSDT (Price: $0.0410) ---
2025-10-28 13:14:17,285 - INFO - [upgradebot.py:455] - Balance $9.0367 meets minimum value $7.5067 for AUDIOUSDT. Proceeding with analysis.
2025-10-28 13:14:17,285 - INFO - [upgradebot.py:262] - Fetching 90 days of 240-min data for AUDIOUSDT...
2025-10-28 13:14:19,221 - INFO - [upgradebot.py:348] - AUDIOUSDT model trained. Accuracy: 0.79
2025-10-28 13:14:19,227 - INFO - [upgradebot.py:473] - [PREDICTION] AUDIOUSDT: HOLD at $0.06118
2025-10-28 13:14:21,032 - INFO - [upgradebot.py:304] - No active position found for AUDIOUSDT.
2025-10-28 13:14:21,035 - INFO - [upgradebot.py:546] - ML predicts HOLD for AUDIOUSDT. No action taken.
2025-10-28 13:14:22,036 - INFO - [upgradebot.py:431] - --- Checking AVAUSDT (Price: $0.3856) ---
2025-10-28 13:14:23,780 - INFO - [upgradebot.py:455] - Balance $9.0367 meets minimum value $7.5192 for AVAUSDT. Proceeding with analysis.
2025-10-28 13:14:23,780 - INFO - [upgradebot.py:262] - Fetching 90 days of 240-min data for AVAUSDT...
2025-10-28 13:14:25,687 - INFO - [upgradebot.py:348] - AVAUSDT model trained. Accuracy: 0.74
2025-10-28 13:14:25,693 - INFO - [upgradebot.py:473] - [PREDICTION] AVAUSDT: SELL at $0.5394
2025-10-28 13:14:27,490 - INFO - [upgradebot.py:304] - No active position found for AVAUSDT.
2025-10-28 13:14:27,492 - INFO - [upgradebot.py:523] - SELL signal for AVAUSDT. Considering SHORT entry.
2025-10-28 13:14:27,492 - INFO - [upgradebot.py:535] - Calculated SHORT Intent: Qty~15.077920, Entry~$0.5405, TP~$0.5135, SL~$0.5513
2025-10-28 13:14:27,492 - INFO - [upgradebot.py:537] - Placing SHORT Bracket Order...
2025-10-28 13:14:27,493 - ERROR - [upgradebot.py:386] - Final qty 15.0 < minimum 19.5. Cannot place entry.
2025-10-28 13:14:27,493 - ERROR - [upgradebot.py:543] - SHORT Entry order failed for AVAUSDT. TP/SL not placed.
2025-10-28 13:14:28,494 - INFO - [upgradebot.py:431] - --- Checking AVAAIUSDT (Price: $0.0141) ---
2025-10-28 13:14:30,360 - INFO - [upgradebot.py:455] - Balance $9.0367 meets minimum value $7.4924 for AVAAIUSDT. Proceeding with analysis.
2025-10-28 13:14:30,360 - INFO - [upgradebot.py:262] - Fetching 90 days of 240-min data for AVAAIUSDT...
2025-10-28 13:14:32,244 - INFO - [upgradebot.py:348] - AVAAIUSDT model trained. Accuracy: 0.71
2025-10-28 13:14:32,251 - INFO - [upgradebot.py:473] - [PREDICTION] AVAAIUSDT: SELL at $0.02171
2025-10-28 13:14:34,104 - INFO - [upgradebot.py:304] - No active position found for AVAAIUSDT.
2025-10-28 13:14:34,105 - INFO - [upgradebot.py:523] - SELL signal for AVAAIUSDT. Considering SHORT entry.
2025-10-28 13:14:34,106 - INFO - [upgradebot.py:535] - Calculated SHORT Intent: Qty~374.621373, Entry~$0.02175, TP~$0.02067, SL~$0.02219
2025-10-28 13:14:34,106 - INFO - [upgradebot.py:537] - Placing SHORT Bracket Order...
2025-10-28 13:14:34,106 - ERROR - [upgradebot.py:386] - Final qty 374.0 < minimum 531.0. Cannot place entry.
2025-10-28 13:14:34,106 - ERROR - [upgradebot.py:543] - SHORT Entry order failed for AVAAIUSDT. TP/SL not placed.
2025-10-28 13:14:35,107 - INFO - [upgradebot.py:431] - --- Checking AVAXUSDT (Price: $20.3690) ---
2025-10-28 13:14:37,045 - INFO - [upgradebot.py:455] - Balance $9.0367 meets minimum value $8.1476 for AVAXUSDT. Proceeding with analysis.
2025-10-28 13:14:37,045 - INFO - [upgradebot.py:262] - Fetching 90 days of 240-min data for AVAXUSDT...
2025-10-28 13:14:39,153 - INFO - [upgradebot.py:348] - AVAXUSDT model trained. Accuracy: 0.69
2025-10-28 13:14:39,160 - INFO - [upgradebot.py:473] - [PREDICTION] AVAXUSDT: HOLD at $29.619
2025-10-28 13:14:41,005 - INFO - [upgradebot.py:304] - No active position found for AVAXUSDT.
2025-10-28 13:14:41,007 - INFO - [upgradebot.py:546] - ML predicts HOLD for AVAXUSDT. No action taken.
2025-10-28 13:14:42,008 - INFO - [upgradebot.py:431] - --- Checking AVLUSDT (Price: $0.1300) ---
2025-10-28 13:14:44,621 - INFO - [upgradebot.py:455] - Balance $9.0367 meets minimum value $7.5400 for AVLUSDT. Proceeding with analysis.
2025-10-28 13:14:44,622 - INFO - [upgradebot.py:262] - Fetching 90 days of 240-min data for AVLUSDT...
2025-10-28 13:14:46,634 - INFO - [upgradebot.py:348] - AVLUSDT model trained. Accuracy: 0.71
2025-10-28 13:14:46,641 - INFO - [upgradebot.py:473] - [PREDICTION] AVLUSDT: BUY at $0.2010
2025-10-28 13:14:48,832 - INFO - [upgradebot.py:304] - No active position found for AVLUSDT.
2025-10-28 13:14:48,834 - INFO - [upgradebot.py:501] - Calculated LONG Intent: Qty~40.462836, Entry~$0.2006, TP~$0.2106, SL~$0.1966
2025-10-28 13:14:48,834 - INFO - [upgradebot.py:503] - Placing LONG Bracket Order...
2025-10-28 13:14:48,834 - ERROR - [upgradebot.py:386] - Final qty 40.0 < minimum 58.0. Cannot place entry.
2025-10-28 13:14:48,834 - ERROR - [upgradebot.py:509] - LONG Entry order failed for AVLUSDT. TP/SL not placed.
2025-10-28 13:14:49,835 - INFO - [upgradebot.py:431] - --- Checking AVNTUSDT (Price: $0.6614) ---
2025-10-28 13:14:51,597 - INFO - [upgradebot.py:455] - Balance $9.0367 meets minimum value $7.9368 for AVNTUSDT. Proceeding with analysis.
2025-10-28 13:14:51,597 - INFO - [upgradebot.py:262] - Fetching 90 days of 240-min data for AVNTUSDT...
2025-10-28 13:14:53,868 - INFO - [upgradebot.py:348] - AVNTUSDT model trained. Accuracy: 0.81
2025-10-28 13:14:53,875 - INFO - [upgradebot.py:473] - [PREDICTION] AVNTUSDT: SELL at $1.0042
2025-10-28 13:14:55,600 - INFO - [upgradebot.py:304] - No active position found for AVNTUSDT.
2025-10-28 13:14:55,604 - INFO - [upgradebot.py:523] - SELL signal for AVNTUSDT. Considering SHORT entry.
2025-10-28 13:14:55,604 - INFO - [upgradebot.py:535] - Calculated SHORT Intent: Qty~8.099014, Entry~$1.0062, TP~$0.9559, SL~$1.0263
2025-10-28 13:14:55,605 - INFO - [upgradebot.py:537] - Placing SHORT Bracket Order...
2025-10-28 13:14:55,605 - ERROR - [upgradebot.py:386] - Final qty 8.0 < minimum 12.0. Cannot place entry.
2025-10-28 13:14:55,606 - ERROR - [upgradebot.py:543] - SHORT Entry order failed for AVNTUSDT. TP/SL not placed.
2025-10-28 13:14:56,607 - INFO - [upgradebot.py:431] - --- Checking AWEUSDT (Price: $0.0758) ---
2025-10-28 13:14:58,047 - INFO - [upgradebot.py:455] - Balance $9.0367 meets minimum value $7.5002 for AWEUSDT. Proceeding with analysis.
2025-10-28 13:14:58,047 - INFO - [upgradebot.py:262] - Fetching 90 days of 240-min data for AWEUSDT...
2025-10-28 13:14:59,967 - INFO - [upgradebot.py:348] - AWEUSDT model trained. Accuracy: 0.64
2025-10-28 13:14:59,976 - INFO - [upgradebot.py:473] - [PREDICTION] AWEUSDT: HOLD at $0.06925
2025-10-28 13:15:01,780 - INFO - [upgradebot.py:304] - No active position found for AWEUSDT.
2025-10-28 13:15:01,781 - INFO - [upgradebot.py:546] - ML predicts HOLD for AWEUSDT. No action taken.
2025-10-28 13:15:02,782 - INFO - [upgradebot.py:431] - --- Checking AXLUSDT (Price: $0.1867) ---
2025-10-28 13:15:04,449 - INFO - [upgradebot.py:455] - Balance $9.0367 meets minimum value $7.6547 for AXLUSDT. Proceeding with analysis.
2025-10-28 13:15:04,449 - INFO - [upgradebot.py:262] - Fetching 90 days of 240-min data for AXLUSDT...
2025-10-28 13:15:06,378 - INFO - [upgradebot.py:348] - AXLUSDT model trained. Accuracy: 0.83
2025-10-28 13:15:06,386 - INFO - [upgradebot.py:473] - [PREDICTION] AXLUSDT: BUY at $0.3132
2025-10-28 13:15:08,077 - INFO - [upgradebot.py:304] - No active position found for AXLUSDT.
2025-10-28 13:15:08,080 - INFO - [upgradebot.py:501] - Calculated LONG Intent: Qty~25.967529, Entry~$0.3126, TP~$0.3282, SL~$0.3063
2025-10-28 13:15:08,081 - INFO - [upgradebot.py:503] - Placing LONG Bracket Order...
2025-10-28 13:15:08,082 - ERROR - [upgradebot.py:386] - Final qty 25.0 < minimum 41.0. Cannot place entry.
2025-10-28 13:15:08,082 - ERROR - [upgradebot.py:509] - LONG Entry order failed for AXLUSDT. TP/SL not placed.
2025-10-28 13:15:09,083 - INFO - [upgradebot.py:431] - --- Checking AXSUSDT (Price: $1.5920) ---
2025-10-28 13:15:10,627 - INFO - [upgradebot.py:455] - Balance $9.0367 meets minimum value $7.6416 for AXSUSDT. Proceeding with analysis.
2025-10-28 13:15:10,628 - INFO - [upgradebot.py:262] - Fetching 90 days of 240-min data for AXSUSDT...
2025-10-28 13:15:12,548 - INFO - [upgradebot.py:348] - AXSUSDT model trained. Accuracy: 0.71
2025-10-28 13:15:12,556 - INFO - [upgradebot.py:473] - [PREDICTION] AXSUSDT: SELL at $2.411
2025-10-28 13:15:14,085 - INFO - [upgradebot.py:304] - No active position found for AXSUSDT.
2025-10-28 13:15:14,087 - INFO - [upgradebot.py:523] - SELL signal for AXSUSDT. Considering SHORT entry.
2025-10-28 13:15:14,087 - INFO - [upgradebot.py:535] - Calculated SHORT Intent: Qty~3.373302, Entry~$2.416, TP~$2.295, SL~$2.464
2025-10-28 13:15:14,087 - INFO - [upgradebot.py:537] - Placing SHORT Bracket Order...
2025-10-28 13:15:14,088 - ERROR - [upgradebot.py:386] - Final qty 3.3 < minimum 4.8. Cannot place entry.
2025-10-28 13:15:14,088 - ERROR - [upgradebot.py:543] - SHORT Entry order failed for AXSUSDT. TP/SL not placed.
2025-10-28 13:15:15,089 - INFO - [upgradebot.py:431] - --- Checking BUSDT (Price: $0.1939) ---
2025-10-28 13:15:16,737 - INFO - [upgradebot.py:455] - Balance $9.0367 meets minimum value $7.5629 for BUSDT. Proceeding with analysis.
2025-10-28 13:15:16,737 - INFO - [upgradebot.py:262] - Fetching 90 days of 240-min data for BUSDT...
2025-10-28 13:15:18,822 - INFO - [upgradebot.py:348] - BUSDT model trained. Accuracy: 0.83
2025-10-28 13:15:18,831 - INFO - [upgradebot.py:473] - [PREDICTION] BUSDT: HOLD at $0.54049
2025-10-28 13:15:20,599 - INFO - [upgradebot.py:304] - No active position found for BUSDT.
2025-10-28 13:15:20,602 - INFO - [upgradebot.py:546] - ML predicts HOLD for BUSDT. No action taken.
2025-10-28 13:15:21,602 - INFO - [upgradebot.py:431] - --- Checking B2USDT (Price: $0.9743) ---
2025-10-28 13:15:23,397 - INFO - [upgradebot.py:455] - Balance $9.0367 meets minimum value $7.7944 for B2USDT. Proceeding with analysis.
2025-10-28 13:15:23,397 - INFO - [upgradebot.py:262] - Fetching 90 days of 240-min data for B2USDT...
2025-10-28 13:15:25,323 - INFO - [upgradebot.py:348] - B2USDT model trained. Accuracy: 0.74
2025-10-28 13:15:25,332 - INFO - [upgradebot.py:473] - [PREDICTION] B2USDT: SELL at $0.5112
2025-10-28 13:15:27,098 - INFO - [upgradebot.py:304] - No active position found for B2USDT.
2025-10-28 13:15:27,100 - INFO - [upgradebot.py:523] - SELL signal for B2USDT. Considering SHORT entry.
2025-10-28 13:15:27,101 - INFO - [upgradebot.py:535] - Calculated SHORT Intent: Qty~15.909683, Entry~$0.5122, TP~$0.4866, SL~$0.5225
2025-10-28 13:15:27,101 - INFO - [upgradebot.py:537] - Placing SHORT Bracket Order...
2025-10-28 13:15:27,102 - INFO - [upgradebot.py:392] - [ACTION] Submitting LIMIT SELL for B2USDT (Qty: 15.0) @ Price: 0.5122
2025-10-28 13:15:27,102 - INFO - [upgradebot.py:393] - [DRY-RUN] Would submit order: {"side": "SELL", "symbol": "B2USDT", "order_type": "LIMIT", "quantity": 15.0, "exchange": "EXCHANGE_2", "price": 0.5122}
2025-10-28 13:15:27,102 - INFO - [upgradebot.py:392] - [ACTION] Submitting TAKE_PROFIT_MARKET BUY for B2USDT (Qty: 0) @ Trigger: 0.4866
2025-10-28 13:15:27,103 - INFO - [upgradebot.py:393] - [DRY-RUN] Would submit order: {"side": "BUY", "symbol": "B2USDT", "order_type": "TAKE_PROFIT_MARKET", "quantity": 0, "exchange": "EXCHANGE_2", "trigger_price": 0.4866, "reduce_only": true}
2025-10-28 13:15:27,103 - INFO - [upgradebot.py:392] - [ACTION] Submitting STOP_MARKET BUY for B2USDT (Qty: 0) @ Trigger: 0.5225
2025-10-28 13:15:27,104 - INFO - [upgradebot.py:393] - [DRY-RUN] Would submit order: {"side": "BUY", "symbol": "B2USDT", "order_type": "STOP_MARKET", "quantity": 0, "exchange": "EXCHANGE_2", "trigger_price": 0.5225, "reduce_only": true}
2025-10-28 13:15:28,105 - INFO - [upgradebot.py:431] - --- Checking B3USDT (Price: $0.0023) ---
2025-10-28 13:15:29,885 - INFO - [upgradebot.py:455] - Balance $9.0367 meets minimum value $7.5088 for B3USDT. Proceeding with analysis.
2025-10-28 13:15:29,886 - INFO - [upgradebot.py:262] - Fetching 90 days of 240-min data for B3USDT...
2025-10-28 13:15:32,074 - INFO - [upgradebot.py:348] - B3USDT model trained. Accuracy: 0.60
2025-10-28 13:15:32,082 - INFO - [upgradebot.py:473] - [PREDICTION] B3USDT: SELL at $0.003060
2025-10-28 13:15:34,343 - INFO - [upgradebot.py:304] - No active position found for B3USDT.
2025-10-28 13:15:34,345 - INFO - [upgradebot.py:523] - SELL signal for B3USDT. Considering SHORT entry.
2025-10-28 13:15:34,346 - INFO - [upgradebot.py:535] - Calculated SHORT Intent: Qty~2657.852941, Entry~$0.003066, TP~$0.002913, SL~$0.003127
2025-10-28 13:15:34,346 - INFO - [upgradebot.py:537] - Placing SHORT Bracket Order...
2025-10-28 13:15:34,347 - ERROR - [upgradebot.py:386] - Final qty 2600.0 < minimum 3289.0. Cannot place entry.
2025-10-28 13:15:34,347 - ERROR - [upgradebot.py:543] - SHORT Entry order failed for B3USDT. TP/SL not placed.
2025-10-28 13:15:35,348 - INFO - [upgradebot.py:431] - --- Checking BABYUSDT (Price: $0.0318) ---
2025-10-28 13:15:37,185 - INFO - [upgradebot.py:455] - Balance $9.0367 meets minimum value $7.5095 for BABYUSDT. Proceeding with analysis.
2025-10-28 13:15:37,186 - INFO - [upgradebot.py:262] - Fetching 90 days of 240-min data for BABYUSDT...
2025-10-28 13:15:39,367 - INFO - [upgradebot.py:348] - BABYUSDT model trained. Accuracy: 0.88
2025-10-28 13:15:39,377 - INFO - [upgradebot.py:473] - [PREDICTION] BABYUSDT: HOLD at $0.04938
2025-10-28 13:15:41,226 - INFO - [upgradebot.py:304] - No active position found for BABYUSDT.
2025-10-28 13:15:41,230 - INFO - [upgradebot.py:546] - ML predicts HOLD for BABYUSDT. No action taken.
2025-10-28 13:15:42,231 - INFO - [upgradebot.py:431] - --- Checking BANUSDT (Price: $0.0703) ---
2025-10-28 13:15:44,026 - INFO - [upgradebot.py:455] - Balance $9.0367 meets minimum value $7.5221 for BANUSDT. Proceeding with analysis.
2025-10-28 13:15:44,027 - INFO - [upgradebot.py:262] - Fetching 90 days of 240-min data for BANUSDT...
2025-10-28 13:15:46,425 - INFO - [upgradebot.py:348] - BANUSDT model trained. Accuracy: 0.81
2025-10-28 13:15:46,439 - INFO - [upgradebot.py:473] - [PREDICTION] BANUSDT: SELL at $0.07786
2025-10-28 13:15:49,045 - INFO - [upgradebot.py:304] - No active position found for BANUSDT.
2025-10-28 13:15:49,048 - INFO - [upgradebot.py:523] - SELL signal for BANUSDT. Considering SHORT entry.
2025-10-28 13:15:49,048 - INFO - [upgradebot.py:535] - Calculated SHORT Intent: Qty~104.457102, Entry~$0.07802, TP~$0.07411, SL~$0.07958
2025-10-28 13:15:49,049 - INFO - [upgradebot.py:537] - Placing SHORT Bracket Order...
2025-10-28 13:15:49,049 - ERROR - [upgradebot.py:386] - Final qty 104.0 < minimum 107.0. Cannot place entry.
2025-10-28 13:15:49,050 - ERROR - [upgradebot.py:543] - SHORT Entry order failed for BANUSDT. TP/SL not placed.
2025-10-28 13:15:50,050 - INFO - [upgradebot.py:431] - --- Checking BANANAUSDT (Price: $13.6540) ---
2025-10-28 13:15:52,249 - INFO - [upgradebot.py:455] - Balance $9.0367 meets minimum value $7.5097 for BANANAUSDT. Proceeding with analysis.
2025-10-28 13:15:52,249 - INFO - [upgradebot.py:262] - Fetching 90 days of 240-min data for BANANAUSDT...
2025-10-28 13:15:54,608 - INFO - [upgradebot.py:348] - BANANAUSDT model trained. Accuracy: 0.76
2025-10-28 13:15:54,619 - INFO - [upgradebot.py:473] - [PREDICTION] BANANAUSDT: BUY at $21.818
2025-10-28 13:15:56,641 - INFO - [upgradebot.py:304] - No active position found for BANANAUSDT.
2025-10-28 13:15:56,643 - INFO - [upgradebot.py:501] - Calculated LONG Intent: Qty~0.372767, Entry~$21.774, TP~$22.863, SL~$21.339
2025-10-28 13:15:56,643 - INFO - [upgradebot.py:503] - Placing LONG Bracket Order...
2025-10-28 13:15:56,644 - ERROR - [upgradebot.py:386] - Final qty 0.37 < minimum 0.55. Cannot place entry.
2025-10-28 13:15:56,644 - ERROR - [upgradebot.py:509] - LONG Entry order failed for BANANAUSDT. TP/SL not placed.
2025-10-28 13:15:57,645 - INFO - [upgradebot.py:431] - --- Checking BANANAS31USDT (Price: $0.0031) ---
2025-10-28 13:15:59,602 - INFO - [upgradebot.py:455] - Balance $9.0367 meets minimum value $7.4971 for BANANAS31USDT. Proceeding with analysis.
2025-10-28 13:15:59,602 - INFO - [upgradebot.py:262] - Fetching 90 days of 240-min data for BANANAS31USDT...
2025-10-28 13:16:01,676 - INFO - [upgradebot.py:348] - BANANAS31USDT model trained. Accuracy: 0.71
2025-10-28 13:16:01,686 - INFO - [upgradebot.py:473] - [PREDICTION] BANANAS31USDT: SELL at $0.005777
2025-10-28 13:16:03,478 - INFO - [upgradebot.py:304] - No active position found for BANANAS31USDT.
2025-10-28 13:16:03,480 - INFO - [upgradebot.py:523] - SELL signal for BANANAS31USDT. Considering SHORT entry.
2025-10-28 13:16:03,480 - INFO - [upgradebot.py:535] - Calculated SHORT Intent: Qty~1407.829323, Entry~$0.005789, TP~$0.005499, SL~$0.005904
2025-10-28 13:16:03,480 - INFO - [upgradebot.py:537] - Placing SHORT Bracket Order...
2025-10-28 13:16:03,481 - ERROR - [upgradebot.py:386] - Final qty 1400.0 < minimum 2396.0. Cannot place entry.
2025-10-28 13:16:03,481 - ERROR - [upgradebot.py:543] - SHORT Entry order failed for BANANAS31USDT. TP/SL not placed.
2025-10-28 13:16:04,482 - INFO - [upgradebot.py:431] - --- Checking BANDUSDT (Price: $0.5393) ---
2025-10-28 13:16:06,253 - INFO - [upgradebot.py:455] - Balance $9.0367 meets minimum value $7.4963 for BANDUSDT. Proceeding with analysis.
2025-10-28 13:16:06,253 - INFO - [upgradebot.py:262] - Fetching 90 days of 240-min data for BANDUSDT...
2025-10-28 13:16:08,078 - INFO - [upgradebot.py:348] - BANDUSDT model trained. Accuracy: 0.81
2025-10-28 13:16:08,086 - INFO - [upgradebot.py:473] - [PREDICTION] BANDUSDT: HOLD at $0.7490
2025-10-28 13:16:09,836 - INFO - [upgradebot.py:304] - No active position found for BANDUSDT.
2025-10-28 13:16:09,837 - INFO - [upgradebot.py:546] - ML predicts HOLD for BANDUSDT. No action taken.
2025-10-28 13:16:10,838 - INFO - [upgradebot.py:431] - --- Checking BANKUSDT (Price: $0.0877) ---
2025-10-28 13:16:12,475 - INFO - [upgradebot.py:455] - Balance $9.0367 meets minimum value $7.5431 for BANKUSDT. Proceeding with analysis.
2025-10-28 13:16:12,476 - INFO - [upgradebot.py:262] - Fetching 90 days of 240-min data for BANKUSDT...
2025-10-28 13:16:14,313 - INFO - [upgradebot.py:348] - BANKUSDT model trained. Accuracy: 0.76
2025-10-28 13:16:14,321 - INFO - [upgradebot.py:473] - [PREDICTION] BANKUSDT: SELL at $0.08284
2025-10-28 13:16:15,923 - INFO - [upgradebot.py:304] - No active position found for BANKUSDT.
2025-10-28 13:16:15,926 - INFO - [upgradebot.py:523] - SELL signal for BANKUSDT. Considering SHORT entry.
2025-10-28 13:16:15,926 - INFO - [upgradebot.py:535] - Calculated SHORT Intent: Qty~98.177571, Entry~$0.08301, TP~$0.07886, SL~$0.08467
2025-10-28 13:16:15,927 - INFO - [upgradebot.py:537] - Placing SHORT Bracket Order...
2025-10-28 13:16:15,927 - INFO - [upgradebot.py:392] - [ACTION] Submitting LIMIT SELL for BANKUSDT (Qty: 90.0) @ Price: 0.08301
2025-10-28 13:16:15,927 - INFO - [upgradebot.py:393] - [DRY-RUN] Would submit order: {"side": "SELL", "symbol": "BANKUSDT", "order_type": "LIMIT", "quantity": 90.0, "exchange": "EXCHANGE_2", "price": 0.08301}
2025-10-28 13:16:15,928 - INFO - [upgradebot.py:392] - [ACTION] Submitting TAKE_PROFIT_MARKET BUY for BANKUSDT (Qty: 0) @ Trigger: 0.07886
2025-10-28 13:16:15,928 - INFO - [upgradebot.py:393] - [DRY-RUN] Would submit order: {"side": "BUY", "symbol": "BANKUSDT", "order_type": "TAKE_PROFIT_MARKET", "quantity": 0, "exchange": "EXCHANGE_2", "trigger_price": 0.07886, "reduce_only": true}
2025-10-28 13:16:15,929 - INFO - [upgradebot.py:392] - [ACTION] Submitting STOP_MARKET BUY for BANKUSDT (Qty: 0) @ Trigger: 0.08467
2025-10-28 13:16:15,929 - INFO - [upgradebot.py:393] - [DRY-RUN] Would submit order: {"side": "BUY", "symbol": "BANKUSDT", "order_type": "STOP_MARKET", "quantity": 0, "exchange": "EXCHANGE_2", "trigger_price": 0.08467, "reduce_only": true}
2025-10-28 13:16:16,930 - INFO - [upgradebot.py:431] - --- Checking BARDUSDT (Price: $0.6452) ---
2025-10-28 13:16:18,515 - INFO - [upgradebot.py:455] - Balance $9.0367 meets minimum value $7.5486 for BARDUSDT. Proceeding with analysis.
2025-10-28 13:16:18,515 - INFO - [upgradebot.py:262] - Fetching 90 days of 240-min data for BARDUSDT...
2025-10-28 13:16:20,498 - INFO - [upgradebot.py:348] - BARDUSDT model trained. Accuracy: 0.88
2025-10-28 13:16:20,506 - INFO - [upgradebot.py:473] - [PREDICTION] BARDUSDT: BUY at $1.05436
2025-10-28 13:16:22,227 - INFO - [upgradebot.py:304] - No active position found for BARDUSDT.
2025-10-28 13:16:22,230 - INFO - [upgradebot.py:501] - Calculated LONG Intent: Qty~7.713713, Entry~$1.05225, TP~$1.10486, SL~$1.03121
2025-10-28 13:16:22,231 - INFO - [upgradebot.py:503] - Placing LONG Bracket Order...
2025-10-28 13:16:22,231 - ERROR - [upgradebot.py:386] - Final qty 7.7 < minimum 11.7. Cannot place entry.
2025-10-28 13:16:22,232 - ERROR - [upgradebot.py:509] - LONG Entry order failed for BARDUSDT. TP/SL not placed.
2025-10-28 13:16:23,232 - INFO - [upgradebot.py:431] - --- Checking BATUSDT (Price: $0.1676) ---
2025-10-28 13:16:24,828 - INFO - [upgradebot.py:455] - Balance $9.0367 meets minimum value $7.5252 for BATUSDT. Proceeding with analysis.
2025-10-28 13:16:24,829 - INFO - [upgradebot.py:262] - Fetching 90 days of 240-min data for BATUSDT...
2025-10-28 13:16:26,598 - INFO - [upgradebot.py:348] - BATUSDT model trained. Accuracy: 0.79
2025-10-28 13:16:26,607 - INFO - [upgradebot.py:473] - [PREDICTION] BATUSDT: HOLD at $0.1559
2025-10-28 13:16:28,329 - INFO - [upgradebot.py:304] - No active position found for BATUSDT.
2025-10-28 13:16:28,331 - INFO - [upgradebot.py:546] - ML predicts HOLD for BATUSDT. No action taken.
2025-10-28 13:16:29,332 - INFO - [upgradebot.py:431] - --- Checking BBUSDT (Price: $0.1211) ---
2025-10-28 13:16:31,046 - INFO - [upgradebot.py:455] - Balance $9.0367 meets minimum value $7.5082 for BBUSDT. Proceeding with analysis.
2025-10-28 13:16:31,047 - INFO - [upgradebot.py:262] - Fetching 90 days of 240-min data for BBUSDT...
2025-10-28 13:16:33,167 - INFO - [upgradebot.py:348] - BBUSDT model trained. Accuracy: 0.67
2025-10-28 13:16:33,174 - INFO - [upgradebot.py:473] - [PREDICTION] BBUSDT: BUY at $0.1524
2025-10-28 13:16:35,660 - INFO - [upgradebot.py:304] - No active position found for BBUSDT.
2025-10-28 13:16:35,661 - INFO - [upgradebot.py:501] - Calculated LONG Intent: Qty~53.366339, Entry~$0.1521, TP~$0.1597, SL~$0.1491
2025-10-28 13:16:35,662 - INFO - [upgradebot.py:503] - Placing LONG Bracket Order...
2025-10-28 13:16:35,662 - ERROR - [upgradebot.py:386] - Final qty 53.0 < minimum 62.0. Cannot place entry.
2025-10-28 13:16:35,662 - ERROR - [upgradebot.py:509] - LONG Entry order failed for BBUSDT. TP/SL not placed.
2025-10-28 13:16:36,663 - INFO - [upgradebot.py:431] - --- Checking BCHUSDT (Price: $555.1000) ---
2025-10-28 13:16:38,265 - INFO - [upgradebot.py:451] - Skipping BCHUSDT. Balance $9.0367 is less than minimum order value $11.1020.
2025-10-28 13:16:38,766 - INFO - [upgradebot.py:431] - --- Checking BEAMUSDT (Price: $0.0052) ---
2025-10-28 13:16:40,510 - INFO - [upgradebot.py:455] - Balance $9.0367 meets minimum value $7.4884 for BEAMUSDT. Proceeding with analysis.
2025-10-28 13:16:40,510 - INFO - [upgradebot.py:262] - Fetching 90 days of 240-min data for BEAMUSDT...
2025-10-28 13:16:42,283 - INFO - [upgradebot.py:348] - BEAMUSDT model trained. Accuracy: 0.79
2025-10-28 13:16:42,290 - INFO - [upgradebot.py:473] - [PREDICTION] BEAMUSDT: SELL at $0.007599
2025-10-28 13:16:43,999 - INFO - [upgradebot.py:304] - No active position found for BEAMUSDT.
2025-10-28 13:16:44,001 - INFO - [upgradebot.py:523] - SELL signal for BEAMUSDT. Considering SHORT entry.
2025-10-28 13:16:44,001 - INFO - [upgradebot.py:535] - Calculated SHORT Intent: Qty~1070.276352, Entry~$0.007614, TP~$0.007233, SL~$0.007766
2025-10-28 13:16:44,002 - INFO - [upgradebot.py:537] - Placing SHORT Bracket Order...
2025-10-28 13:16:44,002 - ERROR - [upgradebot.py:386] - Final qty 1000.0 < minimum 1428.0. Cannot place entry.
2025-10-28 13:16:44,002 - ERROR - [upgradebot.py:543] - SHORT Entry order failed for BEAMUSDT. TP/SL not placed.
2025-10-28 13:16:45,003 - INFO - [upgradebot.py:431] - --- Checking BELUSDT (Price: $0.2263) ---
2025-10-28 13:16:46,622 - INFO - [upgradebot.py:455] - Balance $9.0367 meets minimum value $7.6942 for BELUSDT. Proceeding with analysis.
2025-10-28 13:16:46,623 - INFO - [upgradebot.py:262] - Fetching 90 days of 240-min data for BELUSDT...
2025-10-28 13:16:48,737 - INFO - [upgradebot.py:348] - BELUSDT model trained. Accuracy: 0.76
2025-10-28 13:16:48,751 - INFO - [upgradebot.py:473] - [PREDICTION] BELUSDT: SELL at $0.2468
2025-10-28 13:16:50,453 - INFO - [upgradebot.py:304] - No active position found for BELUSDT.
2025-10-28 13:16:50,456 - INFO - [upgradebot.py:523] - SELL signal for BELUSDT. Considering SHORT entry.
2025-10-28 13:16:50,456 - INFO - [upgradebot.py:535] - Calculated SHORT Intent: Qty~32.953930, Entry~$0.2473, TP~$0.2349, SL~$0.2522
2025-10-28 13:16:50,456 - INFO - [upgradebot.py:537] - Placing SHORT Bracket Order...
2025-10-28 13:16:50,457 - ERROR - [upgradebot.py:386] - Final qty 32.0 < minimum 34.0. Cannot place entry.
2025-10-28 13:16:50,457 - ERROR - [upgradebot.py:543] - SHORT Entry order failed for BELUSDT. TP/SL not placed.
2025-10-28 13:16:51,458 - INFO - [upgradebot.py:431] - --- Checking BERAUSDT (Price: $1.6940) ---
2025-10-28 13:16:53,053 - INFO - [upgradebot.py:455] - Balance $9.0367 meets minimum value $8.4700 for BERAUSDT. Proceeding with analysis.
2025-10-28 13:16:53,054 - INFO - [upgradebot.py:262] - Fetching 90 days of 240-min data for BERAUSDT...
2025-10-28 13:16:54,854 - INFO - [upgradebot.py:348] - BERAUSDT model trained. Accuracy: 0.69
2025-10-28 13:16:54,861 - INFO - [upgradebot.py:473] - [PREDICTION] BERAUSDT: HOLD at $2.427
2025-10-28 13:16:56,589 - INFO - [upgradebot.py:304] - No active position found for BERAUSDT.
2025-10-28 13:16:56,590 - INFO - [upgradebot.py:546] - ML predicts HOLD for BERAUSDT. No action taken.
2025-10-28 13:16:57,591 - INFO - [upgradebot.py:431] - --- Checking BICOUSDT (Price: $0.0644) ---
2025-10-28 13:16:59,656 - INFO - [upgradebot.py:455] - Balance $9.0367 meets minimum value $7.5067 for BICOUSDT. Proceeding with analysis.
2025-10-28 13:16:59,656 - INFO - [upgradebot.py:262] - Fetching 90 days of 240-min data for BICOUSDT...
2025-10-28 13:17:01,676 - INFO - [upgradebot.py:348] - BICOUSDT model trained. Accuracy: 0.74
2025-10-28 13:17:01,683 - INFO - [upgradebot.py:473] - [PREDICTION] BICOUSDT: SELL at $0.09770
2025-10-28 13:17:03,404 - INFO - [upgradebot.py:304] - No active position found for BICOUSDT.
2025-10-28 13:17:03,406 - INFO - [upgradebot.py:523] - SELL signal for BICOUSDT. Considering SHORT entry.
2025-10-28 13:17:03,407 - INFO - [upgradebot.py:535] - Calculated SHORT Intent: Qty~83.244933, Entry~$0.09790, TP~$0.09300, SL~$0.09985
2025-10-28 13:17:03,407 - INFO - [upgradebot.py:537] - Placing SHORT Bracket Order...
2025-10-28 13:17:03,407 - ERROR - [upgradebot.py:386] - Final qty 83.2 < minimum 116.6. Cannot place entry.
2025-10-28 13:17:03,408 - ERROR - [upgradebot.py:543] - SHORT Entry order failed for BICOUSDT. TP/SL not placed.
2025-10-28 13:17:04,408 - INFO - [upgradebot.py:431] - --- Checking BIGTIMEUSDT (Price: $0.0348) ---
2025-10-28 13:17:06,476 - INFO - [upgradebot.py:455] - Balance $9.0367 meets minimum value $7.5125 for BIGTIMEUSDT. Proceeding with analysis.
2025-10-28 13:17:06,476 - INFO - [upgradebot.py:262] - Fetching 90 days of 240-min data for BIGTIMEUSDT...
2025-10-28 13:17:08,735 - INFO - [upgradebot.py:348] - BIGTIMEUSDT model trained. Accuracy: 0.79
2025-10-28 13:17:08,744 - INFO - [upgradebot.py:473] - [PREDICTION] BIGTIMEUSDT: BUY at $0.05496
2025-10-28 13:17:10,952 - INFO - [upgradebot.py:304] - No active position found for BIGTIMEUSDT.
2025-10-28 13:17:10,958 - INFO - [upgradebot.py:501] - Calculated LONG Intent: Qty~147.980895, Entry~$0.05485, TP~$0.05759, SL~$0.05375
2025-10-28 13:17:10,958 - INFO - [upgradebot.py:503] - Placing LONG Bracket Order...
2025-10-28 13:17:10,959 - ERROR - [upgradebot.py:386] - Final qty 147.0 < minimum 216.0. Cannot place entry.
2025-10-28 13:17:10,959 - ERROR - [upgradebot.py:509] - LONG Entry order failed for BIGTIMEUSDT. TP/SL not placed.
2025-10-28 13:17:11,960 - INFO - [upgradebot.py:431] - --- Checking BIOUSDT (Price: $0.0904) ---
2025-10-28 13:17:14,150 - INFO - [upgradebot.py:455] - Balance $9.0367 meets minimum value $7.5065 for BIOUSDT. Proceeding with analysis.
2025-10-28 13:17:14,150 - INFO - [upgradebot.py:262] - Fetching 90 days of 240-min data for BIOUSDT...
2025-10-28 13:17:16,278 - INFO - [upgradebot.py:348] - BIOUSDT model trained. Accuracy: 0.76
2025-10-28 13:17:16,286 - INFO - [upgradebot.py:473] - [PREDICTION] BIOUSDT: SELL at $0.16576
2025-10-28 13:17:18,322 - INFO - [upgradebot.py:304] - No active position found for BIOUSDT.
2025-10-28 13:17:18,323 - INFO - [upgradebot.py:523] - SELL signal for BIOUSDT. Considering SHORT entry.
2025-10-28 13:17:18,324 - INFO - [upgradebot.py:535] - Calculated SHORT Intent: Qty~49.065094, Entry~$0.16609, TP~$0.15779, SL~$0.16941
2025-10-28 13:17:18,324 - INFO - [upgradebot.py:537] - Placing SHORT Bracket Order...
2025-10-28 13:17:18,324 - ERROR - [upgradebot.py:386] - Final qty 49.0 < minimum 83.0. Cannot place entry.
2025-10-28 13:17:18,325 - ERROR - [upgradebot.py:543] - SHORT Entry order failed for BIOUSDT. TP/SL not placed.
2025-10-28 13:17:19,326 - INFO - [upgradebot.py:431] - --- Checking BLASTUSDT (Price: $0.0015) ---
2025-10-28 13:17:21,404 - INFO - [upgradebot.py:455] - Balance $9.0367 meets minimum value $7.4760 for BLASTUSDT. Proceeding with analysis.
2025-10-28 13:17:21,405 - INFO - [upgradebot.py:262] - Fetching 90 days of 240-min data for BLASTUSDT...
2025-10-28 13:17:23,787 - INFO - [upgradebot.py:348] - BLASTUSDT model trained. Accuracy: 0.71
2025-10-28 13:17:23,796 - INFO - [upgradebot.py:473] - [PREDICTION] BLASTUSDT: HOLD at $0.002427
2025-10-28 13:17:25,715 - INFO - [upgradebot.py:304] - No active position found for BLASTUSDT.
2025-10-28 13:17:25,718 - INFO - [upgradebot.py:546] - ML predicts HOLD for BLASTUSDT. No action taken.
2025-10-28 13:17:26,719 - INFO - [upgradebot.py:431] - --- Checking BLESSUSDT (Price: $0.0458) ---
2025-10-28 13:17:29,208 - INFO - [upgradebot.py:455] - Balance $9.0367 meets minimum value $7.6536 for BLESSUSDT. Proceeding with analysis.
2025-10-28 13:17:29,208 - INFO - [upgradebot.py:262] - Fetching 90 days of 240-min data for BLESSUSDT...
2025-10-28 13:17:31,763 - INFO - [upgradebot.py:348] - BLESSUSDT model trained. Accuracy: 0.79
2025-10-28 13:17:31,783 - INFO - [upgradebot.py:473] - [PREDICTION] BLESSUSDT: BUY at $0.06941
2025-10-28 13:17:34,093 - INFO - [upgradebot.py:304] - No active position found for BLESSUSDT.
2025-10-28 13:17:34,095 - INFO - [upgradebot.py:501] - Calculated LONG Intent: Qty~117.173750, Entry~$0.06927, TP~$0.07273, SL~$0.06789
2025-10-28 13:17:34,095 - INFO - [upgradebot.py:503] - Placing LONG Bracket Order...
2025-10-28 13:17:34,096 - ERROR - [upgradebot.py:386] - Final qty 110.0 < minimum 167.0. Cannot place entry.
2025-10-28 13:17:34,096 - ERROR - [upgradebot.py:509] - LONG Entry order failed for BLESSUSDT. TP/SL not placed.
2025-10-28 13:17:35,097 - INFO - [upgradebot.py:431] - --- Checking BLUAIUSDT (Price: $0.0198) ---
2025-10-28 13:17:37,208 - INFO - [upgradebot.py:455] - Balance $9.0367 meets minimum value $7.4693 for BLUAIUSDT. Proceeding with analysis.
2025-10-28 13:17:37,209 - INFO - [upgradebot.py:262] - Fetching 90 days of 240-min data for BLUAIUSDT...
2025-10-28 13:17:39,668 - WARNING - [upgradebot.py:335] - Not enough hist data for BLUAIUSDT (20<100). Skip train.
2025-10-28 13:17:39,669 - INFO - [upgradebot.py:473] - [PREDICTION] BLUAIUSDT: HOLD at $0.02399
2025-10-28 13:17:41,771 - INFO - [upgradebot.py:304] - No active position found for BLUAIUSDT.
2025-10-28 13:17:41,774 - INFO - [upgradebot.py:546] - ML predicts HOLD for BLUAIUSDT. No action taken.
2025-10-28 13:17:42,774 - INFO - [upgradebot.py:431] - --- Checking BLURUSDT (Price: $0.0514) ---
2025-10-28 13:17:44,944 - INFO - [upgradebot.py:455] - Balance $9.0367 meets minimum value $7.5015 for BLURUSDT. Proceeding with analysis.
2025-10-28 13:17:44,944 - INFO - [upgradebot.py:262] - Fetching 90 days of 240-min data for BLURUSDT...
2025-10-28 13:17:48,189 - INFO - [upgradebot.py:348] - BLURUSDT model trained. Accuracy: 0.79
2025-10-28 13:17:48,209 - INFO - [upgradebot.py:473] - [PREDICTION] BLURUSDT: SELL at $0.08592
2025-10-28 13:17:50,615 - INFO - [upgradebot.py:304] - No active position found for BLURUSDT.
2025-10-28 13:17:50,618 - INFO - [upgradebot.py:523] - SELL signal for BLURUSDT. Considering SHORT entry.
2025-10-28 13:17:50,618 - INFO - [upgradebot.py:535] - Calculated SHORT Intent: Qty~94.658170, Entry~$0.08609, TP~$0.08179, SL~$0.08781
2025-10-28 13:17:50,619 - INFO - [upgradebot.py:537] - Placing SHORT Bracket Order...
2025-10-28 13:17:50,619 - ERROR - [upgradebot.py:386] - Final qty 94.0 < minimum 146.0. Cannot place entry.
2025-10-28 13:17:50,620 - ERROR - [upgradebot.py:543] - SHORT Entry order failed for BLURUSDT. TP/SL not placed.
2025-10-28 13:17:51,620 - INFO - [upgradebot.py:431] - --- Checking BMTUSDT (Price: $0.0432) ---
2025-10-28 13:17:54,105 - INFO - [upgradebot.py:455] - Balance $9.0367 meets minimum value $7.5151 for BMTUSDT. Proceeding with analysis.
2025-10-28 13:17:54,105 - INFO - [upgradebot.py:262] - Fetching 90 days of 240-min data for BMTUSDT...
2025-10-28 13:17:57,397 - INFO - [upgradebot.py:348] - BMTUSDT model trained. Accuracy: 0.86
2025-10-28 13:17:57,417 - INFO - [upgradebot.py:473] - [PREDICTION] BMTUSDT: SELL at $0.07279
2025-10-28 13:18:00,879 - INFO - [upgradebot.py:304] - No active position found for BMTUSDT.
2025-10-28 13:18:00,884 - INFO - [upgradebot.py:523] - SELL signal for BMTUSDT. Considering SHORT entry.
2025-10-28 13:18:00,884 - INFO - [upgradebot.py:535] - Calculated SHORT Intent: Qty~111.732793, Entry~$0.07294, TP~$0.06929, SL~$0.07439
2025-10-28 13:18:00,885 - INFO - [upgradebot.py:537] - Placing SHORT Bracket Order...
2025-10-28 13:18:00,886 - ERROR - [upgradebot.py:386] - Final qty 111.0 < minimum 174.0. Cannot place entry.
2025-10-28 13:18:00,887 - ERROR - [upgradebot.py:543] - SHORT Entry order failed for BMTUSDT. TP/SL not placed.
2025-10-28 13:18:01,888 - INFO - [upgradebot.py:431] - --- Checking BNBUSDT (Price: $1132.8000) ---
2025-10-28 13:18:05,057 - INFO - [upgradebot.py:451] - Skipping BNBUSDT. Balance $9.0367 is less than minimum order value $11.3280.
2025-10-28 13:18:05,558 - INFO - [upgradebot.py:431] - --- Checking BNTUSDT (Price: $0.6151) ---
2025-10-28 13:18:07,864 - INFO - [upgradebot.py:455] - Balance $9.0367 meets minimum value $7.9963 for BNTUSDT. Proceeding with analysis.
2025-10-28 13:18:07,865 - INFO - [upgradebot.py:262] - Fetching 90 days of 240-min data for BNTUSDT...
2025-10-28 13:18:10,726 - INFO - [upgradebot.py:348] - BNTUSDT model trained. Accuracy: 0.86
2025-10-28 13:18:10,741 - INFO - [upgradebot.py:473] - [PREDICTION] BNTUSDT: HOLD at $0.72640
2025-10-28 13:18:13,046 - INFO - [upgradebot.py:304] - No active position found for BNTUSDT.
2025-10-28 13:18:13,049 - INFO - [upgradebot.py:546] - ML predicts HOLD for BNTUSDT. No action taken.
2025-10-28 13:18:14,050 - INFO - [upgradebot.py:431] - --- Checking BOBAUSDT (Price: $0.0660) ---
2025-10-28 13:18:16,231 - INFO - [upgradebot.py:455] - Balance $9.0367 meets minimum value $7.5220 for BOBAUSDT. Proceeding with analysis.
2025-10-28 13:18:16,232 - INFO - [upgradebot.py:262] - Fetching 90 days of 240-min data for BOBAUSDT...
2025-10-28 13:18:18,645 - INFO - [upgradebot.py:348] - BOBAUSDT model trained. Accuracy: 0.76
2025-10-28 13:18:18,653 - INFO - [upgradebot.py:473] - [PREDICTION] BOBAUSDT: HOLD at $0.09584
2025-10-28 13:18:20,645 - INFO - [upgradebot.py:304] - No active position found for BOBAUSDT.
2025-10-28 13:18:20,647 - INFO - [upgradebot.py:546] - ML predicts HOLD for BOBAUSDT. No action taken.
2025-10-28 13:18:21,648 - INFO - [upgradebot.py:431] - --- Checking BOMEUSDT (Price: $0.0011) ---
2025-10-28 13:18:23,711 - INFO - [upgradebot.py:455] - Balance $9.0367 meets minimum value $7.5010 for BOMEUSDT. Proceeding with analysis.
2025-10-28 13:18:23,712 - INFO - [upgradebot.py:262] - Fetching 90 days of 240-min data for BOMEUSDT...
2025-10-28 13:18:25,885 - INFO - [upgradebot.py:348] - BOMEUSDT model trained. Accuracy: 0.79
2025-10-28 13:18:25,893 - INFO - [upgradebot.py:473] - [PREDICTION] BOMEUSDT: SELL at $0.002146
2025-10-28 13:18:27,701 - INFO - [upgradebot.py:304] - No active position found for BOMEUSDT.
2025-10-28 13:18:27,703 - INFO - [upgradebot.py:523] - SELL signal for BOMEUSDT. Considering SHORT entry.
2025-10-28 13:18:27,703 - INFO - [upgradebot.py:535] - Calculated SHORT Intent: Qty~3789.855545, Entry~$0.002150, TP~$0.002043, SL~$0.002193
2025-10-28 13:18:27,704 - INFO - [upgradebot.py:537] - Placing SHORT Bracket Order...
2025-10-28 13:18:27,704 - ERROR - [upgradebot.py:386] - Final qty 3700.0 < minimum 6888.0. Cannot place entry.
2025-10-28 13:18:27,704 - ERROR - [upgradebot.py:543] - SHORT Entry order failed for BOMEUSDT. TP/SL not placed.
2025-10-28 13:18:28,705 - INFO - [upgradebot.py:431] - --- Checking BRUSDT (Price: $0.0713) ---
2025-10-28 13:18:30,710 - INFO - [upgradebot.py:455] - Balance $9.0367 meets minimum value $7.4855 for BRUSDT. Proceeding with analysis.
2025-10-28 13:18:30,711 - INFO - [upgradebot.py:262] - Fetching 90 days of 240-min data for BRUSDT...
2025-10-28 13:18:32,974 - INFO - [upgradebot.py:348] - BRUSDT model trained. Accuracy: 0.83
2025-10-28 13:18:32,981 - INFO - [upgradebot.py:473] - [PREDICTION] BRUSDT: SELL at $0.07848
2025-10-28 13:18:35,256 - INFO - [upgradebot.py:304] - No active position found for BRUSDT.
2025-10-28 13:18:35,257 - INFO - [upgradebot.py:523] - SELL signal for BRUSDT. Considering SHORT entry.
2025-10-28 13:18:35,258 - INFO - [upgradebot.py:535] - Calculated SHORT Intent: Qty~103.631881, Entry~$0.07864, TP~$0.07471, SL~$0.08021
2025-10-28 13:18:35,258 - INFO - [upgradebot.py:537] - Placing SHORT Bracket Order...
2025-10-28 13:18:35,258 - ERROR - [upgradebot.py:386] - Final qty 103.0 < minimum 105.0. Cannot place entry.
2025-10-28 13:18:35,259 - ERROR - [upgradebot.py:543] - SHORT Entry order failed for BRUSDT. TP/SL not placed.
2025-10-28 13:18:36,259 - INFO - [upgradebot.py:431] - --- Checking BRETTUSDT (Price: $0.0301) ---
2025-10-28 13:18:38,278 - INFO - [upgradebot.py:455] - Balance $9.0367 meets minimum value $7.5225 for BRETTUSDT. Proceeding with analysis.
2025-10-28 13:18:38,279 - INFO - [upgradebot.py:262] - Fetching 90 days of 240-min data for BRETTUSDT...
2025-10-28 13:18:40,429 - INFO - [upgradebot.py:348] - BRETTUSDT model trained. Accuracy: 0.81
2025-10-28 13:18:40,438 - INFO - [upgradebot.py:473] - [PREDICTION] BRETTUSDT: HOLD at $0.05233
2025-10-28 13:18:42,200 - INFO - [upgradebot.py:304] - No active position found for BRETTUSDT.
2025-10-28 13:18:42,201 - INFO - [upgradebot.py:546] - ML predicts HOLD for BRETTUSDT. No action taken.
2025-10-28 13:18:43,202 - INFO - [upgradebot.py:431] - --- Checking BROCCOLIUSDT (Price: $0.0228) ---
2025-10-28 13:18:45,158 - INFO - [upgradebot.py:455] - Balance $9.0367 meets minimum value $7.5078 for BROCCOLIUSDT. Proceeding with analysis.
2025-10-28 13:18:45,158 - INFO - [upgradebot.py:262] - Fetching 90 days of 240-min data for BROCCOLIUSDT...
2025-10-28 13:18:47,630 - INFO - [upgradebot.py:348] - BROCCOLIUSDT model trained. Accuracy: 0.83
2025-10-28 13:18:47,637 - INFO - [upgradebot.py:473] - [PREDICTION] BROCCOLIUSDT: BUY at $0.02743
2025-10-28 13:18:49,500 - INFO - [upgradebot.py:304] - No active position found for BROCCOLIUSDT.
2025-10-28 13:18:49,503 - INFO - [upgradebot.py:501] - Calculated LONG Intent: Qty~296.501276, Entry~$0.02738, TP~$0.02874, SL~$0.02683
2025-10-28 13:18:49,503 - INFO - [upgradebot.py:503] - Placing LONG Bracket Order...
2025-10-28 13:18:49,504 - ERROR - [upgradebot.py:386] - Final qty 296.0 < minimum 329.0. Cannot place entry.
2025-10-28 13:18:49,504 - ERROR - [upgradebot.py:509] - LONG Entry order failed for BROCCOLIUSDT. TP/SL not placed.
2025-10-28 13:18:50,505 - INFO - [upgradebot.py:431] - --- Checking BSUUSDT (Price: $0.2088) ---
2025-10-28 13:18:52,256 - INFO - [upgradebot.py:455] - Balance $9.0367 meets minimum value $7.5172 for BSUUSDT. Proceeding with analysis.
2025-10-28 13:18:52,256 - INFO - [upgradebot.py:262] - Fetching 90 days of 240-min data for BSUUSDT...
2025-10-28 13:18:54,301 - INFO - [upgradebot.py:348] - BSUUSDT model trained. Accuracy: 0.79
2025-10-28 13:18:54,309 - INFO - [upgradebot.py:473] - [PREDICTION] BSUUSDT: HOLD at $0.11269
2025-10-28 13:18:55,979 - INFO - [upgradebot.py:304] - No active position found for BSUUSDT.
2025-10-28 13:18:55,982 - INFO - [upgradebot.py:546] - ML predicts HOLD for BSUUSDT. No action taken.
2025-10-28 13:18:56,983 - INFO - [upgradebot.py:431] - --- Checking BSVUSDT (Price: $22.5800) ---
2025-10-28 13:18:58,835 - INFO - [upgradebot.py:455] - Balance $9.0367 meets minimum value $7.6772 for BSVUSDT. Proceeding with analysis.
2025-10-28 13:18:58,835 - INFO - [upgradebot.py:262] - Fetching 90 days of 240-min data for BSVUSDT...
2025-10-28 13:19:00,780 - INFO - [upgradebot.py:348] - BSVUSDT model trained. Accuracy: 0.86
2025-10-28 13:19:00,787 - INFO - [upgradebot.py:473] - [PREDICTION] BSVUSDT: HOLD at $26.63
2025-10-28 13:19:02,347 - INFO - [upgradebot.py:304] - No active position found for BSVUSDT.
2025-10-28 13:19:02,349 - INFO - [upgradebot.py:546] - ML predicts HOLD for BSVUSDT. No action taken.
2025-10-28 13:19:03,349 - INFO - [upgradebot.py:431] - --- Checking BTCUSDT (Price: $114120.7000) ---
2025-10-28 13:19:04,882 - INFO - [upgradebot.py:451] - Skipping BTCUSDT. Balance $9.0367 is less than minimum order value $114.1207.
2025-10-28 13:19:05,383 - INFO - [upgradebot.py:431] - --- Checking BTRUSDT (Price: $0.0691) ---
2025-10-28 13:19:06,932 - INFO - [upgradebot.py:455] - Balance $9.0367 meets minimum value $7.5264 for BTRUSDT. Proceeding with analysis.
2025-10-28 13:19:06,933 - INFO - [upgradebot.py:262] - Fetching 90 days of 240-min data for BTRUSDT...
2025-10-28 13:19:08,697 - INFO - [upgradebot.py:348] - BTRUSDT model trained. Accuracy: 0.76
2025-10-28 13:19:08,704 - INFO - [upgradebot.py:473] - [PREDICTION] BTRUSDT: SELL at $0.10961
2025-10-28 13:19:10,236 - INFO - [upgradebot.py:304] - No active position found for BTRUSDT.
2025-10-28 13:19:10,239 - INFO - [upgradebot.py:523] - SELL signal for BTRUSDT. Considering SHORT entry.
2025-10-28 13:19:10,239 - INFO - [upgradebot.py:535] - Calculated SHORT Intent: Qty~74.199708, Entry~$0.10983, TP~$0.10434, SL~$0.11203
2025-10-28 13:19:10,240 - INFO - [upgradebot.py:537] - Placing SHORT Bracket Order...
2025-10-28 13:19:10,240 - ERROR - [upgradebot.py:386] - Final qty 74.0 < minimum 109.0. Cannot place entry.
2025-10-28 13:19:10,240 - ERROR - [upgradebot.py:543] - SHORT Entry order failed for BTRUSDT. TP/SL not placed.
2025-10-28 13:19:11,241 - INFO - [upgradebot.py:431] - --- Checking CUSDT (Price: $0.1165) ---
2025-10-28 13:19:12,766 - INFO - [upgradebot.py:455] - Balance $9.0367 meets minimum value $7.5751 for CUSDT. Proceeding with analysis.
2025-10-28 13:19:12,767 - INFO - [upgradebot.py:262] - Fetching 90 days of 240-min data for CUSDT...
2025-10-28 13:19:14,520 - INFO - [upgradebot.py:348] - CUSDT model trained. Accuracy: 0.74
2025-10-28 13:19:14,528 - INFO - [upgradebot.py:473] - [PREDICTION] CUSDT: HOLD at $0.26063
2025-10-28 13:19:16,049 - INFO - [upgradebot.py:304] - No active position found for CUSDT.
2025-10-28 13:19:16,053 - INFO - [upgradebot.py:546] - ML predicts HOLD for CUSDT. No action taken.
2025-10-28 13:19:17,055 - INFO - [upgradebot.py:431] - --- Checking C98USDT (Price: $0.0374) ---
2025-10-28 13:19:18,593 - INFO - [upgradebot.py:455] - Balance $9.0367 meets minimum value $7.5002 for C98USDT. Proceeding with analysis.
2025-10-28 13:19:18,594 - INFO - [upgradebot.py:262] - Fetching 90 days of 240-min data for C98USDT...
2025-10-28 13:19:20,265 - INFO - [upgradebot.py:348] - C98USDT model trained. Accuracy: 0.74
2025-10-28 13:19:20,272 - INFO - [upgradebot.py:473] - [PREDICTION] C98USDT: SELL at $0.05258
2025-10-28 13:19:21,828 - INFO - [upgradebot.py:304] - No active position found for C98USDT.
2025-10-28 13:19:21,829 - INFO - [upgradebot.py:523] - SELL signal for C98USDT. Considering SHORT entry.
2025-10-28 13:19:21,830 - INFO - [upgradebot.py:535] - Calculated SHORT Intent: Qty~154.679156, Entry~$0.05269, TP~$0.05005, SL~$0.05374
2025-10-28 13:19:21,830 - INFO - [upgradebot.py:537] - Placing SHORT Bracket Order...
2025-10-28 13:19:21,830 - ERROR - [upgradebot.py:386] - Final qty 154.6 < minimum 200.7. Cannot place entry.
2025-10-28 13:19:21,830 - ERROR - [upgradebot.py:543] - SHORT Entry order failed for C98USDT. TP/SL not placed.
2025-10-28 13:19:22,831 - INFO - [upgradebot.py:431] - --- Checking CAKEUSDT (Price: $2.6820) ---
2025-10-28 13:19:24,277 - INFO - [upgradebot.py:455] - Balance $9.0367 meets minimum value $7.5096 for CAKEUSDT. Proceeding with analysis.
2025-10-28 13:19:24,277 - INFO - [upgradebot.py:262] - Fetching 90 days of 240-min data for CAKEUSDT...
2025-10-28 13:19:25,938 - INFO - [upgradebot.py:348] - CAKEUSDT model trained. Accuracy: 0.74
2025-10-28 13:19:25,946 - INFO - [upgradebot.py:473] - [PREDICTION] CAKEUSDT: HOLD at $2.455
2025-10-28 13:19:27,526 - INFO - [upgradebot.py:304] - No active position found for CAKEUSDT.
2025-10-28 13:19:27,529 - INFO - [upgradebot.py:546] - ML predicts HOLD for CAKEUSDT. No action taken.
2025-10-28 13:19:28,530 - INFO - [upgradebot.py:431] - --- Checking CAMPUSDT (Price: $0.0134) ---
2025-10-28 13:19:30,397 - INFO - [upgradebot.py:455] - Balance $9.0367 meets minimum value $7.4962 for CAMPUSDT. Proceeding with analysis.
2025-10-28 13:19:30,398 - INFO - [upgradebot.py:262] - Fetching 90 days of 240-min data for CAMPUSDT...
2025-10-28 13:19:32,461 - INFO - [upgradebot.py:348] - CAMPUSDT model trained. Accuracy: 0.79
2025-10-28 13:19:32,475 - INFO - [upgradebot.py:473] - [PREDICTION] CAMPUSDT: HOLD at $0.04971
2025-10-28 13:19:34,045 - INFO - [upgradebot.py:304] - No active position found for CAMPUSDT.
2025-10-28 13:19:34,049 - INFO - [upgradebot.py:546] - ML predicts HOLD for CAMPUSDT. No action taken.
2025-10-28 13:19:35,050 - INFO - [upgradebot.py:431] - --- Checking CARVUSDT (Price: $0.1581) ---
2025-10-28 13:19:36,776 - INFO - [upgradebot.py:455] - Balance $9.0367 meets minimum value $7.5888 for CARVUSDT. Proceeding with analysis.
2025-10-28 13:19:36,777 - INFO - [upgradebot.py:262] - Fetching 90 days of 240-min data for CARVUSDT...
2025-10-28 13:19:38,858 - INFO - [upgradebot.py:348] - CARVUSDT model trained. Accuracy: 0.79
2025-10-28 13:19:38,866 - INFO - [upgradebot.py:473] - [PREDICTION] CARVUSDT: HOLD at $0.3068
2025-10-28 13:19:40,635 - INFO - [upgradebot.py:304] - No active position found for CARVUSDT.
2025-10-28 13:19:40,637 - INFO - [upgradebot.py:546] - ML predicts HOLD for CARVUSDT. No action taken.
2025-10-28 13:19:41,638 - INFO - [upgradebot.py:431] - --- Checking CATIUSDT (Price: $0.0839) ---
2025-10-28 13:19:43,117 - INFO - [upgradebot.py:455] - Balance $9.0367 meets minimum value $7.5528 for CATIUSDT. Proceeding with analysis.
2025-10-28 13:19:43,117 - INFO - [upgradebot.py:262] - Fetching 90 days of 240-min data for CATIUSDT...
2025-10-28 13:19:45,277 - INFO - [upgradebot.py:348] - CATIUSDT model trained. Accuracy: 0.83
2025-10-28 13:19:45,290 - INFO - [upgradebot.py:473] - [PREDICTION] CATIUSDT: SELL at $0.08614
2025-10-28 13:19:47,675 - INFO - [upgradebot.py:304] - No active position found for CATIUSDT.
2025-10-28 13:19:47,676 - INFO - [upgradebot.py:523] - SELL signal for CATIUSDT. Considering SHORT entry.
2025-10-28 13:19:47,677 - INFO - [upgradebot.py:535] - Calculated SHORT Intent: Qty~94.416415, Entry~$0.08631, TP~$0.08200, SL~$0.08804
2025-10-28 13:19:47,677 - INFO - [upgradebot.py:537] - Placing SHORT Bracket Order...
2025-10-28 13:19:47,677 - INFO - [upgradebot.py:392] - [ACTION] Submitting LIMIT SELL for CATIUSDT (Qty: 94.0) @ Price: 0.08631
2025-10-28 13:19:47,678 - INFO - [upgradebot.py:393] - [DRY-RUN] Would submit order: {"side": "SELL", "symbol": "CATIUSDT", "order_type": "LIMIT", "quantity": 94.0, "exchange": "EXCHANGE_2", "price": 0.08631}
2025-10-28 13:19:47,678 - INFO - [upgradebot.py:392] - [ACTION] Submitting TAKE_PROFIT_MARKET BUY for CATIUSDT (Qty: 0) @ Trigger: 0.082
2025-10-28 13:19:47,679 - INFO - [upgradebot.py:393] - [DRY-RUN] Would submit order: {"side": "BUY", "symbol": "CATIUSDT", "order_type": "TAKE_PROFIT_MARKET", "quantity": 0, "exchange": "EXCHANGE_2", "trigger_price": 0.082, "reduce_only": true}
2025-10-28 13:19:47,679 - INFO - [upgradebot.py:392] - [ACTION] Submitting STOP_MARKET BUY for CATIUSDT (Qty: 0) @ Trigger: 0.08804
2025-10-28 13:19:47,679 - INFO - [upgradebot.py:393] - [DRY-RUN] Would submit order: {"side": "BUY", "symbol": "CATIUSDT", "order_type": "STOP_MARKET", "quantity": 0, "exchange": "EXCHANGE_2", "trigger_price": 0.08804, "reduce_only": true}
2025-10-28 13:19:48,680 - INFO - [upgradebot.py:431] - --- Checking CELOUSDT (Price: $0.2527) ---
2025-10-28 13:19:50,959 - INFO - [upgradebot.py:455] - Balance $9.0367 meets minimum value $7.5052 for CELOUSDT. Proceeding with analysis.
2025-10-28 13:19:50,960 - INFO - [upgradebot.py:262] - Fetching 90 days of 240-min data for CELOUSDT...
2025-10-28 13:19:53,595 - INFO - [upgradebot.py:348] - CELOUSDT model trained. Accuracy: 0.90
2025-10-28 13:19:53,604 - INFO - [upgradebot.py:473] - [PREDICTION] CELOUSDT: BUY at $0.3052
2025-10-28 13:19:55,321 - INFO - [upgradebot.py:304] - No active position found for CELOUSDT.
2025-10-28 13:19:55,322 - INFO - [upgradebot.py:501] - Calculated LONG Intent: Qty~26.648198, Entry~$0.3046, TP~$0.3198, SL~$0.2985
2025-10-28 13:19:55,323 - INFO - [upgradebot.py:503] - Placing LONG Bracket Order...
2025-10-28 13:19:55,323 - ERROR - [upgradebot.py:386] - Final qty 26.6 < minimum 29.7. Cannot place entry.
2025-10-28 13:19:55,323 - ERROR - [upgradebot.py:509] - LONG Entry order failed for CELOUSDT. TP/SL not placed.
2025-10-28 13:19:56,324 - INFO - [upgradebot.py:431] - --- Checking CELRUSDT (Price: $0.0058) ---
2025-10-28 13:19:58,035 - INFO - [upgradebot.py:455] - Balance $9.0367 meets minimum value $7.4936 for CELRUSDT. Proceeding with analysis.
2025-10-28 13:19:58,035 - INFO - [upgradebot.py:262] - Fetching 90 days of 240-min data for CELRUSDT...
2025-10-28 13:20:00,334 - INFO - [upgradebot.py:348] - CELRUSDT model trained. Accuracy: 0.79
2025-10-28 13:20:00,346 - INFO - [upgradebot.py:473] - [PREDICTION] CELRUSDT: SELL at $0.007706
2025-10-28 13:20:02,636 - INFO - [upgradebot.py:304] - No active position found for CELRUSDT.
2025-10-28 13:20:02,639 - INFO - [upgradebot.py:523] - SELL signal for CELRUSDT. Considering SHORT entry.
2025-10-28 13:20:02,639 - INFO - [upgradebot.py:535] - Calculated SHORT Intent: Qty~1055.415261, Entry~$0.007721, TP~$0.007335, SL~$0.007876
2025-10-28 13:20:02,640 - INFO - [upgradebot.py:537] - Placing SHORT Bracket Order...
2025-10-28 13:20:02,640 - ERROR - [upgradebot.py:386] - Final qty 1055.0 < minimum 1303.0. Cannot place entry.
2025-10-28 13:20:02,641 - ERROR - [upgradebot.py:543] - SHORT Entry order failed for CELRUSDT. TP/SL not placed.
2025-10-28 13:20:03,642 - INFO - [upgradebot.py:431] - --- Checking CETUSUSDT (Price: $0.0512) ---
2025-10-28 13:20:05,578 - INFO - [upgradebot.py:455] - Balance $9.0367 meets minimum value $7.5235 for CETUSUSDT. Proceeding with analysis.
2025-10-28 13:20:05,578 - INFO - [upgradebot.py:262] - Fetching 90 days of 240-min data for CETUSUSDT...
2025-10-28 13:20:08,075 - INFO - [upgradebot.py:348] - CETUSUSDT model trained. Accuracy: 0.69
2025-10-28 13:20:08,084 - INFO - [upgradebot.py:473] - [PREDICTION] CETUSUSDT: HOLD at $0.08777
2025-10-28 13:20:10,289 - INFO - [upgradebot.py:304] - No active position found for CETUSUSDT.
2025-10-28 13:20:10,291 - INFO - [upgradebot.py:546] - ML predicts HOLD for CETUSUSDT. No action taken.
2025-10-28 13:20:11,292 - INFO - [upgradebot.py:431] - --- Checking CFXUSDT (Price: $0.1155) ---
2025-10-28 13:20:13,396 - INFO - [upgradebot.py:455] - Balance $9.0367 meets minimum value $7.5094 for CFXUSDT. Proceeding with analysis.
2025-10-28 13:20:13,396 - INFO - [upgradebot.py:262] - Fetching 90 days of 240-min data for CFXUSDT...
2025-10-28 13:20:15,827 - INFO - [upgradebot.py:348] - CFXUSDT model trained. Accuracy: 0.81
2025-10-28 13:20:15,837 - INFO - [upgradebot.py:473] - [PREDICTION] CFXUSDT: HOLD at $0.17873
2025-10-28 13:20:18,166 - INFO - [upgradebot.py:304] - No active position found for CFXUSDT.
2025-10-28 13:20:18,169 - INFO - [upgradebot.py:546] - ML predicts HOLD for CFXUSDT. No action taken.
2025-10-28 13:20:19,169 - INFO - [upgradebot.py:431] - --- Checking CGPTUSDT (Price: $0.0556) ---
2025-10-28 13:20:21,978 - INFO - [upgradebot.py:455] - Balance $9.0367 meets minimum value $7.5127 for CGPTUSDT. Proceeding with analysis.
2025-10-28 13:20:21,979 - INFO - [upgradebot.py:262] - Fetching 90 days of 240-min data for CGPTUSDT...
2025-10-28 13:20:24,667 - INFO - [upgradebot.py:348] - CGPTUSDT model trained. Accuracy: 0.83
2025-10-28 13:20:24,683 - INFO - [upgradebot.py:473] - [PREDICTION] CGPTUSDT: HOLD at $0.09121
2025-10-28 13:20:27,489 - INFO - [upgradebot.py:304] - No active position found for CGPTUSDT.
2025-10-28 13:20:27,492 - INFO - [upgradebot.py:546] - ML predicts HOLD for CGPTUSDT. No action taken.
2025-10-28 13:20:28,492 - INFO - [upgradebot.py:431] - --- Checking CHESSUSDT (Price: $0.0476) ---
2025-10-28 13:20:30,936 - INFO - [upgradebot.py:455] - Balance $9.0367 meets minimum value $7.5240 for CHESSUSDT. Proceeding with analysis.
2025-10-28 13:20:30,937 - INFO - [upgradebot.py:262] - Fetching 90 days of 240-min data for CHESSUSDT...
2025-10-28 13:20:34,003 - INFO - [upgradebot.py:348] - CHESSUSDT model trained. Accuracy: 0.69
2025-10-28 13:20:34,016 - INFO - [upgradebot.py:473] - [PREDICTION] CHESSUSDT: HOLD at $0.07627
2025-10-28 13:20:36,324 - INFO - [upgradebot.py:304] - No active position found for CHESSUSDT.
2025-10-28 13:20:36,325 - INFO - [upgradebot.py:546] - ML predicts HOLD for CHESSUSDT. No action taken.
2025-10-28 13:20:37,326 - INFO - [upgradebot.py:431] - --- Checking CHILLGUYUSDT (Price: $0.0285) ---
2025-10-28 13:20:39,556 - INFO - [upgradebot.py:455] - Balance $9.0367 meets minimum value $7.4573 for CHILLGUYUSDT. Proceeding with analysis.
2025-10-28 13:20:39,557 - INFO - [upgradebot.py:262] - Fetching 90 days of 240-min data for CHILLGUYUSDT...
2025-10-28 13:20:43,270 - INFO - [upgradebot.py:348] - CHILLGUYUSDT model trained. Accuracy: 0.88
2025-10-28 13:20:43,289 - INFO - [upgradebot.py:473] - [PREDICTION] CHILLGUYUSDT: SELL at $0.046044
2025-10-28 13:20:46,285 - INFO - [upgradebot.py:304] - No active position found for CHILLGUYUSDT.
2025-10-28 13:20:46,287 - INFO - [upgradebot.py:523] - SELL signal for CHILLGUYUSDT. Considering SHORT entry.
2025-10-28 13:20:46,287 - INFO - [upgradebot.py:535] - Calculated SHORT Intent: Qty~176.636044, Entry~$0.046136, TP~$0.043829, SL~$0.047059
2025-10-28 13:20:46,288 - INFO - [upgradebot.py:537] - Placing SHORT Bracket Order...
2025-10-28 13:20:46,288 - ERROR - [upgradebot.py:386] - Final qty 176.0 < minimum 262.0. Cannot place entry.
2025-10-28 13:20:46,288 - ERROR - [upgradebot.py:543] - SHORT Entry order failed for CHILLGUYUSDT. TP/SL not placed.
2025-10-28 13:20:47,289 - INFO - [upgradebot.py:431] - --- Checking CHRUSDT (Price: $0.0730) ---
2025-10-28 13:20:49,541 - INFO - [upgradebot.py:455] - Balance $9.0367 meets minimum value $7.4908 for CHRUSDT. Proceeding with analysis.
2025-10-28 13:20:49,541 - INFO - [upgradebot.py:262] - Fetching 90 days of 240-min data for CHRUSDT...
2025-10-28 13:20:51,763 - INFO - [upgradebot.py:348] - CHRUSDT model trained. Accuracy: 0.74
2025-10-28 13:20:51,771 - INFO - [upgradebot.py:473] - [PREDICTION] CHRUSDT: SELL at $0.09645
2025-10-28 13:20:53,604 - INFO - [upgradebot.py:304] - No active position found for CHRUSDT.
2025-10-28 13:20:53,606 - INFO - [upgradebot.py:523] - SELL signal for CHRUSDT. Considering SHORT entry.
2025-10-28 13:20:53,607 - INFO - [upgradebot.py:535] - Calculated SHORT Intent: Qty~84.323795, Entry~$0.09664, TP~$0.09181, SL~$0.09858
2025-10-28 13:20:53,607 - INFO - [upgradebot.py:537] - Placing SHORT Bracket Order...
2025-10-28 13:20:53,608 - ERROR - [upgradebot.py:386] - Final qty 84.3 < minimum 102.6. Cannot place entry.
2025-10-28 13:20:53,608 - ERROR - [upgradebot.py:543] - SHORT Entry order failed for CHRUSDT. TP/SL not placed.
2025-10-28 13:20:54,609 - INFO - [upgradebot.py:431] - --- Checking CHZUSDT (Price: $0.0328) ---
2025-10-28 13:20:56,341 - INFO - [upgradebot.py:455] - Balance $9.0367 meets minimum value $7.5158 for CHZUSDT. Proceeding with analysis.
2025-10-28 13:20:56,342 - INFO - [upgradebot.py:262] - Fetching 90 days of 240-min data for CHZUSDT...
2025-10-28 13:20:58,349 - INFO - [upgradebot.py:348] - CHZUSDT model trained. Accuracy: 0.86
2025-10-28 13:20:58,357 - INFO - [upgradebot.py:473] - [PREDICTION] CHZUSDT: HOLD at $0.04241
2025-10-28 13:21:00,239 - INFO - [upgradebot.py:304] - No active position found for CHZUSDT.
2025-10-28 13:21:00,241 - INFO - [upgradebot.py:546] - ML predicts HOLD for CHZUSDT. No action taken.
2025-10-28 13:21:01,242 - INFO - [upgradebot.py:431] - --- Checking CKBUSDT (Price: $0.0032) ---
2025-10-28 13:21:03,267 - INFO - [upgradebot.py:455] - Balance $9.0367 meets minimum value $7.5256 for CKBUSDT. Proceeding with analysis.
2025-10-28 13:21:03,268 - INFO - [upgradebot.py:262] - Fetching 90 days of 240-min data for CKBUSDT...
2025-10-28 13:21:05,375 - INFO - [upgradebot.py:348] - CKBUSDT model trained. Accuracy: 0.79
2025-10-28 13:21:05,384 - INFO - [upgradebot.py:473] - [PREDICTION] CKBUSDT: HOLD at $0.005063
2025-10-28 13:21:07,135 - INFO - [upgradebot.py:304] - No active position found for CKBUSDT.
2025-10-28 13:21:07,138 - INFO - [upgradebot.py:546] - ML predicts HOLD for CKBUSDT. No action taken.
2025-10-28 13:21:08,139 - INFO - [upgradebot.py:431] - --- Checking CLANKERUSDT (Price: $112.9000) ---
2025-10-28 13:21:09,984 - INFO - [upgradebot.py:455] - Balance $9.0367 meets minimum value $7.9030 for CLANKERUSDT. Proceeding with analysis.
2025-10-28 13:21:09,984 - INFO - [upgradebot.py:262] - Fetching 90 days of 240-min data for CLANKERUSDT...
2025-10-28 13:21:11,995 - INFO - [upgradebot.py:348] - CLANKERUSDT model trained. Accuracy: 0.71
2025-10-28 13:21:12,001 - INFO - [upgradebot.py:473] - [PREDICTION] CLANKERUSDT: BUY at $40.57
2025-10-28 13:21:13,773 - INFO - [upgradebot.py:304] - No active position found for CLANKERUSDT.
2025-10-28 13:21:13,775 - INFO - [upgradebot.py:501] - Calculated LONG Intent: Qty~0.200469, Entry~$40.49, TP~$42.51, SL~$39.68
2025-10-28 13:21:13,775 - INFO - [upgradebot.py:503] - Placing LONG Bracket Order...
2025-10-28 13:21:13,775 - INFO - [upgradebot.py:392] - [ACTION] Submitting LIMIT BUY for CLANKERUSDT (Qty: 0.2) @ Price: 40.49
2025-10-28 13:21:13,775 - INFO - [upgradebot.py:393] - [DRY-RUN] Would submit order: {"side": "BUY", "symbol": "CLANKERUSDT", "order_type": "LIMIT", "quantity": 0.2, "exchange": "EXCHANGE_2", "price": 40.49}
2025-10-28 13:21:13,776 - INFO - [upgradebot.py:392] - [ACTION] Submitting TAKE_PROFIT_MARKET SELL for CLANKERUSDT (Qty: 0) @ Trigger: 42.51
2025-10-28 13:21:13,776 - INFO - [upgradebot.py:393] - [DRY-RUN] Would submit order: {"side": "SELL", "symbol": "CLANKERUSDT", "order_type": "TAKE_PROFIT_MARKET", "quantity": 0, "exchange": "EXCHANGE_2", "trigger_price": 42.51, "reduce_only": true}
2025-10-28 13:21:13,776 - INFO - [upgradebot.py:392] - [ACTION] Submitting STOP_MARKET SELL for CLANKERUSDT (Qty: 0) @ Trigger: 39.68
2025-10-28 13:21:13,777 - INFO - [upgradebot.py:393] - [DRY-RUN] Would submit order: {"side": "SELL", "symbol": "CLANKERUSDT", "order_type": "STOP_MARKET", "quantity": 0, "exchange": "EXCHANGE_2", "trigger_price": 39.68, "reduce_only": true}
2025-10-28 13:21:14,777 - INFO - [upgradebot.py:431] - --- Checking CLOUSDT (Price: $0.2900) ---
2025-10-28 13:21:16,686 - INFO - [upgradebot.py:455] - Balance $9.0367 meets minimum value $7.5400 for CLOUSDT. Proceeding with analysis.
2025-10-28 13:21:16,686 - INFO - [upgradebot.py:262] - Fetching 90 days of 240-min data for CLOUSDT...
2025-10-28 13:21:18,558 - WARNING - [upgradebot.py:335] - Not enough hist data for CLOUSDT (61<100). Skip train.
2025-10-28 13:21:18,558 - INFO - [upgradebot.py:473] - [PREDICTION] CLOUSDT: HOLD at $0.3472
2025-10-28 13:21:20,432 - INFO - [upgradebot.py:304] - No active position found for CLOUSDT.
2025-10-28 13:21:20,438 - INFO - [upgradebot.py:546] - ML predicts HOLD for CLOUSDT. No action taken.
2025-10-28 13:21:21,440 - INFO - [upgradebot.py:431] - --- Checking CLOUDUSDT (Price: $0.1320) ---
2025-10-28 13:21:23,552 - INFO - [upgradebot.py:455] - Balance $9.0367 meets minimum value $7.5246 for CLOUDUSDT. Proceeding with analysis.
2025-10-28 13:21:23,553 - INFO - [upgradebot.py:262] - Fetching 90 days of 240-min data for CLOUDUSDT...
2025-10-28 13:21:26,152 - INFO - [upgradebot.py:348] - CLOUDUSDT model trained. Accuracy: 0.74
2025-10-28 13:21:26,160 - INFO - [upgradebot.py:473] - [PREDICTION] CLOUDUSDT: BUY at $0.12538
2025-10-28 13:21:28,168 - INFO - [upgradebot.py:304] - No active position found for CLOUDUSDT.
2025-10-28 13:21:28,171 - INFO - [upgradebot.py:501] - Calculated LONG Intent: Qty~64.867044, Entry~$0.12513, TP~$0.13139, SL~$0.12263
2025-10-28 13:21:28,171 - INFO - [upgradebot.py:503] - Placing LONG Bracket Order...
2025-10-28 13:21:28,172 - INFO - [upgradebot.py:392] - [ACTION] Submitting LIMIT BUY for CLOUDUSDT (Qty: 64.0) @ Price: 0.12513
2025-10-28 13:21:28,172 - INFO - [upgradebot.py:393] - [DRY-RUN] Would submit order: {"side": "BUY", "symbol": "CLOUDUSDT", "order_type": "LIMIT", "quantity": 64.0, "exchange": "EXCHANGE_2", "price": 0.12513}
2025-10-28 13:21:28,173 - INFO - [upgradebot.py:392] - [ACTION] Submitting TAKE_PROFIT_MARKET SELL for CLOUDUSDT (Qty: 0) @ Trigger: 0.13139
2025-10-28 13:21:28,173 - INFO - [upgradebot.py:393] - [DRY-RUN] Would submit order: {"side": "SELL", "symbol": "CLOUDUSDT", "order_type": "TAKE_PROFIT_MARKET", "quantity": 0, "exchange": "EXCHANGE_2", "trigger_price": 0.13139, "reduce_only": true}
2025-10-28 13:21:28,173 - INFO - [upgradebot.py:392] - [ACTION] Submitting STOP_MARKET SELL for CLOUDUSDT (Qty: 0) @ Trigger: 0.12263
2025-10-28 13:21:28,174 - INFO - [upgradebot.py:393] - [DRY-RUN] Would submit order: {"side": "SELL", "symbol": "CLOUDUSDT", "order_type": "STOP_MARKET", "quantity": 0, "exchange": "EXCHANGE_2", "trigger_price": 0.12263, "reduce_only": true}
2025-10-28 13:21:29,175 - INFO - [upgradebot.py:431] - --- Checking COAIUSDT (Price: $4.3977) ---
2025-10-28 13:21:31,121 - INFO - [upgradebot.py:455] - Balance $9.0367 meets minimum value $8.7954 for COAIUSDT. Proceeding with analysis.
2025-10-28 13:21:31,121 - INFO - [upgradebot.py:262] - Fetching 90 days of 240-min data for COAIUSDT...
2025-10-28 13:21:33,056 - INFO - [upgradebot.py:348] - COAIUSDT model trained. Accuracy: 0.86
2025-10-28 13:21:33,064 - INFO - [upgradebot.py:473] - [PREDICTION] COAIUSDT: SELL at $0.3847
2025-10-28 13:21:35,095 - INFO - [upgradebot.py:304] - No active position found for COAIUSDT.
2025-10-28 13:21:35,097 - INFO - [upgradebot.py:523] - SELL signal for COAIUSDT. Considering SHORT entry.
2025-10-28 13:21:35,098 - WARNING - [upgradebot.py:528] - Skipping COAIUSDT SHORT. Investment $8.1330 < min value $8.7954.
2025-10-28 13:21:35,098 - INFO - [upgradebot.py:431] - --- Checking COMMONUSDT (Price: $0.0180) ---
2025-10-28 13:21:37,348 - INFO - [upgradebot.py:455] - Balance $9.0367 meets minimum value $7.5060 for COMMONUSDT. Proceeding with analysis.
2025-10-28 13:21:37,348 - INFO - [upgradebot.py:262] - Fetching 90 days of 240-min data for COMMONUSDT...
2025-10-28 13:21:39,461 - WARNING - [upgradebot.py:335] - Not enough hist data for COMMONUSDT (1<100). Skip train.
2025-10-28 13:21:39,462 - INFO - [upgradebot.py:473] - [PREDICTION] COMMONUSDT: HOLD at $0.0196
2025-10-28 13:21:41,808 - INFO - [upgradebot.py:304] - No active position found for COMMONUSDT.
2025-10-28 13:21:41,810 - INFO - [upgradebot.py:546] - ML predicts HOLD for COMMONUSDT. No action taken.
2025-10-28 13:21:42,811 - INFO - [upgradebot.py:431] - --- Checking COMPUSDT (Price: $37.4600) ---
2025-10-28 13:21:44,757 - INFO - [upgradebot.py:455] - Balance $9.0367 meets minimum value $7.4920 for COMPUSDT. Proceeding with analysis.
2025-10-28 13:21:44,757 - INFO - [upgradebot.py:262] - Fetching 90 days of 240-min data for COMPUSDT...
2025-10-28 13:21:46,982 - INFO - [upgradebot.py:348] - COMPUSDT model trained. Accuracy: 0.69
2025-10-28 13:21:46,991 - INFO - [upgradebot.py:473] - [PREDICTION] COMPUSDT: HOLD at $44.13
2025-10-28 13:21:48,948 - INFO - [upgradebot.py:304] - No active position found for COMPUSDT.
2025-10-28 13:21:48,951 - INFO - [upgradebot.py:546] - ML predicts HOLD for COMPUSDT. No action taken.
2025-10-28 13:21:49,952 - INFO - [upgradebot.py:431] - --- Checking COOKUSDT (Price: $0.0080) ---
2025-10-28 13:21:51,967 - INFO - [upgradebot.py:455] - Balance $9.0367 meets minimum value $7.4777 for COOKUSDT. Proceeding with analysis.
2025-10-28 13:21:51,968 - INFO - [upgradebot.py:262] - Fetching 90 days of 240-min data for COOKUSDT...
2025-10-28 13:21:54,285 - INFO - [upgradebot.py:348] - COOKUSDT model trained. Accuracy: 0.79
2025-10-28 13:21:54,293 - INFO - [upgradebot.py:473] - [PREDICTION] COOKUSDT: SELL at $0.012851
2025-10-28 13:21:56,344 - INFO - [upgradebot.py:304] - No active position found for COOKUSDT.
2025-10-28 13:21:56,347 - INFO - [upgradebot.py:523] - SELL signal for COOKUSDT. Considering SHORT entry.
2025-10-28 13:21:56,348 - INFO - [upgradebot.py:535] - Calculated SHORT Intent: Qty~632.871372, Entry~$0.012877, TP~$0.012233, SL~$0.013134
2025-10-28 13:21:56,348 - INFO - [upgradebot.py:537] - Placing SHORT Bracket Order...
2025-10-28 13:21:56,349 - ERROR - [upgradebot.py:386] - Final qty 630.0 < minimum 940.0. Cannot place entry.
2025-10-28 13:21:56,349 - ERROR - [upgradebot.py:543] - SHORT Entry order failed for COOKUSDT. TP/SL not placed.
2025-10-28 13:21:57,349 - INFO - [upgradebot.py:431] - --- Checking COOKIEUSDT (Price: $0.0923) ---
2025-10-28 13:21:59,391 - INFO - [upgradebot.py:455] - Balance $9.0367 meets minimum value $7.5686 for COOKIEUSDT. Proceeding with analysis.
2025-10-28 13:21:59,391 - INFO - [upgradebot.py:262] - Fetching 90 days of 240-min data for COOKIEUSDT...
2025-10-28 13:22:02,063 - INFO - [upgradebot.py:348] - COOKIEUSDT model trained. Accuracy: 0.71
2025-10-28 13:22:02,073 - INFO - [upgradebot.py:473] - [PREDICTION] COOKIEUSDT: SELL at $0.12760
2025-10-28 13:22:04,589 - INFO - [upgradebot.py:304] - No active position found for COOKIEUSDT.
2025-10-28 13:22:04,592 - INFO - [upgradebot.py:523] - SELL signal for COOKIEUSDT. Considering SHORT entry.
2025-10-28 13:22:04,592 - INFO - [upgradebot.py:535] - Calculated SHORT Intent: Qty~63.738480, Entry~$0.12786, TP~$0.12146, SL~$0.13041
2025-10-28 13:22:04,593 - INFO - [upgradebot.py:537] - Placing SHORT Bracket Order...
2025-10-28 13:22:04,593 - ERROR - [upgradebot.py:386] - Final qty 63.0 < minimum 82.0. Cannot place entry.
2025-10-28 13:22:04,594 - ERROR - [upgradebot.py:543] - SHORT Entry order failed for COOKIEUSDT. TP/SL not placed.
2025-10-28 13:22:05,594 - INFO - [upgradebot.py:431] - --- Checking COREUSDT (Price: $0.2320) ---
2025-10-28 13:22:07,745 - INFO - [upgradebot.py:455] - Balance $9.0367 meets minimum value $7.4936 for COREUSDT. Proceeding with analysis.
2025-10-28 13:22:07,746 - INFO - [upgradebot.py:262] - Fetching 90 days of 240-min data for COREUSDT...
2025-10-28 13:22:10,386 - INFO - [upgradebot.py:348] - COREUSDT model trained. Accuracy: 0.81
2025-10-28 13:22:10,397 - INFO - [upgradebot.py:473] - [PREDICTION] COREUSDT: HOLD at $0.4513
2025-10-28 13:22:12,624 - INFO - [upgradebot.py:304] - No active position found for COREUSDT.
2025-10-28 13:22:12,627 - INFO - [upgradebot.py:546] - ML predicts HOLD for COREUSDT. No action taken.
2025-10-28 13:22:13,627 - INFO - [upgradebot.py:431] - --- Checking COTIUSDT (Price: $0.0340) ---
2025-10-28 13:22:15,743 - INFO - [upgradebot.py:455] - Balance $9.0367 meets minimum value $7.4910 for COTIUSDT. Proceeding with analysis.
2025-10-28 13:22:15,744 - INFO - [upgradebot.py:262] - Fetching 90 days of 240-min data for COTIUSDT...
2025-10-28 13:22:18,818 - INFO - [upgradebot.py:348] - COTIUSDT model trained. Accuracy: 0.88
2025-10-28 13:22:18,831 - INFO - [upgradebot.py:473] - [PREDICTION] COTIUSDT: HOLD at $0.05005
2025-10-28 13:22:21,242 - INFO - [upgradebot.py:304] - No active position found for COTIUSDT.
2025-10-28 13:22:21,246 - INFO - [upgradebot.py:546] - ML predicts HOLD for COTIUSDT. No action taken.
2025-10-28 13:22:22,247 - INFO - [upgradebot.py:431] - --- Checking COWUSDT (Price: $0.2364) ---
2025-10-28 13:22:24,613 - INFO - [upgradebot.py:455] - Balance $9.0367 meets minimum value $7.5648 for COWUSDT. Proceeding with analysis.
2025-10-28 13:22:24,613 - INFO - [upgradebot.py:262] - Fetching 90 days of 240-min data for COWUSDT...
2025-10-28 13:22:27,935 - INFO - [upgradebot.py:348] - COWUSDT model trained. Accuracy: 0.71
2025-10-28 13:22:27,953 - INFO - [upgradebot.py:473] - [PREDICTION] COWUSDT: HOLD at $0.3514
2025-10-28 13:22:30,985 - INFO - [upgradebot.py:304] - No active position found for COWUSDT.
2025-10-28 13:22:30,988 - INFO - [upgradebot.py:546] - ML predicts HOLD for COWUSDT. No action taken.
2025-10-28 13:22:31,989 - INFO - [upgradebot.py:431] - --- Checking CROUSDT (Price: $0.1518) ---
2025-10-28 13:22:34,504 - INFO - [upgradebot.py:455] - Balance $9.0367 meets minimum value $7.5920 for CROUSDT. Proceeding with analysis.
2025-10-28 13:22:34,504 - INFO - [upgradebot.py:262] - Fetching 90 days of 240-min data for CROUSDT...
2025-10-28 13:22:38,679 - INFO - [upgradebot.py:348] - CROUSDT model trained. Accuracy: 0.64
2025-10-28 13:22:38,696 - INFO - [upgradebot.py:473] - [PREDICTION] CROUSDT: HOLD at $0.22859
2025-10-28 13:22:42,305 - INFO - [upgradebot.py:304] - No active position found for CROUSDT.
2025-10-28 13:22:42,309 - INFO - [upgradebot.py:546] - ML predicts HOLD for CROUSDT. No action taken.
2025-10-28 13:22:43,310 - INFO - [upgradebot.py:431] - --- Checking CROSSUSDT (Price: $0.1323) ---
2025-10-28 13:22:46,954 - INFO - [upgradebot.py:455] - Balance $9.0367 meets minimum value $7.5383 for CROSSUSDT. Proceeding with analysis.
2025-10-28 13:22:46,955 - INFO - [upgradebot.py:262] - Fetching 90 days of 240-min data for CROSSUSDT...
2025-10-28 13:22:53,278 - INFO - [upgradebot.py:348] - CROSSUSDT model trained. Accuracy: 0.69
2025-10-28 13:22:53,348 - INFO - [upgradebot.py:473] - [PREDICTION] CROSSUSDT: SELL at $0.23165
2025-10-28 13:23:04,784 - INFO - [upgradebot.py:304] - No active position found for CROSSUSDT.
2025-10-28 13:23:04,807 - INFO - [upgradebot.py:523] - SELL signal for CROSSUSDT. Considering SHORT entry.
2025-10-28 13:23:04,809 - INFO - [upgradebot.py:535] - Calculated SHORT Intent: Qty~35.109130, Entry~$0.23211, TP~$0.22051, SL~$0.23676
2025-10-28 13:23:04,813 - INFO - [upgradebot.py:537] - Placing SHORT Bracket Order...
2025-10-28 13:23:04,819 - ERROR - [upgradebot.py:386] - Final qty 35.0 < minimum 57.0. Cannot place entry.
2025-10-28 13:23:04,824 - ERROR - [upgradebot.py:543] - SHORT Entry order failed for CROSSUSDT. TP/SL not placed.
2025-10-28 13:23:05,827 - INFO - [upgradebot.py:431] - --- Checking CRVUSDT (Price: $0.5633) ---
2025-10-28 13:23:19,455 - INFO - [upgradebot.py:455] - Balance $9.0367 meets minimum value $7.5482 for CRVUSDT. Proceeding with analysis.
2025-10-28 13:23:19,458 - INFO - [upgradebot.py:262] - Fetching 90 days of 240-min data for CRVUSDT...
2025-10-28 13:23:32,545 - INFO - [upgradebot.py:348] - CRVUSDT model trained. Accuracy: 0.79
2025-10-28 13:23:32,715 - INFO - [upgradebot.py:473] - [PREDICTION] CRVUSDT: SELL at $0.7296
2025-10-28 13:23:44,561 - INFO - [upgradebot.py:304] - No active position found for CRVUSDT.
2025-10-28 13:23:44,582 - INFO - [upgradebot.py:523] - SELL signal for CRVUSDT. Considering SHORT entry.
2025-10-28 13:23:44,586 - INFO - [upgradebot.py:535] - Calculated SHORT Intent: Qty~11.147245, Entry~$0.7311, TP~$0.6945, SL~$0.7457
2025-10-28 13:23:44,593 - INFO - [upgradebot.py:537] - Placing SHORT Bracket Order...
2025-10-28 13:23:44,600 - ERROR - [upgradebot.py:386] - Final qty 11.1 < minimum 13.4. Cannot place entry.
2025-10-28 13:23:44,603 - ERROR - [upgradebot.py:543] - SHORT Entry order failed for CRVUSDT. TP/SL not placed.
2025-10-28 13:23:45,609 - INFO - [upgradebot.py:431] - --- Checking CTCUSDT (Price: $0.4603) ---
2025-10-28 13:23:56,764 - INFO - [upgradebot.py:455] - Balance $9.0367 meets minimum value $7.8251 for CTCUSDT. Proceeding with analysis.
2025-10-28 13:23:56,765 - INFO - [upgradebot.py:262] - Fetching 90 days of 240-min data for CTCUSDT...
2025-10-28 13:24:06,818 - INFO - [upgradebot.py:348] - CTCUSDT model trained. Accuracy: 0.93
2025-10-28 13:24:06,838 - INFO - [upgradebot.py:473] - [PREDICTION] CTCUSDT: HOLD at $0.63180
2025-10-28 13:24:11,020 - INFO - [upgradebot.py:304] - No active position found for CTCUSDT.
2025-10-28 13:24:11,028 - INFO - [upgradebot.py:546] - ML predicts HOLD for CTCUSDT. No action taken.
2025-10-28 13:24:12,030 - INFO - [upgradebot.py:431] - --- Checking CTKUSDT (Price: $0.3247) ---
2025-10-28 13:24:15,677 - INFO - [upgradebot.py:455] - Balance $9.0367 meets minimum value $7.5006 for CTKUSDT. Proceeding with analysis.
2025-10-28 13:24:15,677 - INFO - [upgradebot.py:262] - Fetching 90 days of 240-min data for CTKUSDT...
2025-10-28 13:24:19,104 - INFO - [upgradebot.py:348] - CTKUSDT model trained. Accuracy: 0.64
2025-10-28 13:24:19,118 - INFO - [upgradebot.py:473] - [PREDICTION] CTKUSDT: HOLD at $0.3316
2025-10-28 13:24:21,778 - INFO - [upgradebot.py:304] - No active position found for CTKUSDT.
2025-10-28 13:24:21,780 - INFO - [upgradebot.py:546] - ML predicts HOLD for CTKUSDT. No action taken.
2025-10-28 13:24:22,781 - INFO - [upgradebot.py:431] - --- Checking CTSIUSDT (Price: $0.0524) ---
2025-10-28 13:24:25,029 - INFO - [upgradebot.py:455] - Balance $9.0367 meets minimum value $7.4918 for CTSIUSDT. Proceeding with analysis.
2025-10-28 13:24:25,030 - INFO - [upgradebot.py:262] - Fetching 90 days of 240-min data for CTSIUSDT...
2025-10-28 13:24:27,491 - INFO - [upgradebot.py:348] - CTSIUSDT model trained. Accuracy: 0.71
2025-10-28 13:24:27,499 - INFO - [upgradebot.py:473] - [PREDICTION] CTSIUSDT: HOLD at $0.08300
2025-10-28 13:24:29,487 - INFO - [upgradebot.py:304] - No active position found for CTSIUSDT.
2025-10-28 13:24:29,492 - INFO - [upgradebot.py:546] - ML predicts HOLD for CTSIUSDT. No action taken.
2025-10-28 13:24:30,493 - INFO - [upgradebot.py:431] - --- Checking CUDISUSDT (Price: $0.0494) ---
2025-10-28 13:24:32,507 - INFO - [upgradebot.py:455] - Balance $9.0367 meets minimum value $7.5582 for CUDISUSDT. Proceeding with analysis.
2025-10-28 13:24:32,507 - INFO - [upgradebot.py:262] - Fetching 90 days of 240-min data for CUDISUSDT...
2025-10-28 13:24:34,646 - INFO - [upgradebot.py:348] - CUDISUSDT model trained. Accuracy: 0.83
2025-10-28 13:24:34,653 - INFO - [upgradebot.py:473] - [PREDICTION] CUDISUSDT: SELL at $0.11084
2025-10-28 13:24:36,804 - INFO - [upgradebot.py:304] - No active position found for CUDISUSDT.
2025-10-28 13:24:36,807 - INFO - [upgradebot.py:523] - SELL signal for CUDISUSDT. Considering SHORT entry.
2025-10-28 13:24:36,807 - INFO - [upgradebot.py:535] - Calculated SHORT Intent: Qty~73.376308, Entry~$0.11106, TP~$0.10551, SL~$0.11328
2025-10-28 13:24:36,807 - INFO - [upgradebot.py:537] - Placing SHORT Bracket Order...
2025-10-28 13:24:36,808 - ERROR - [upgradebot.py:386] - Final qty 70.0 < minimum 153.0. Cannot place entry.
2025-10-28 13:24:36,808 - ERROR - [upgradebot.py:543] - SHORT Entry order failed for CUDISUSDT. TP/SL not placed.
2025-10-28 13:24:37,809 - INFO - [upgradebot.py:431] - --- Checking CVCUSDT (Price: $0.0616) ---
2025-10-28 13:24:39,695 - INFO - [upgradebot.py:455] - Balance $9.0367 meets minimum value $7.5115 for CVCUSDT. Proceeding with analysis.
2025-10-28 13:24:39,696 - INFO - [upgradebot.py:262] - Fetching 90 days of 240-min data for CVCUSDT...
2025-10-28 13:24:41,829 - INFO - [upgradebot.py:348] - CVCUSDT model trained. Accuracy: 0.86
2025-10-28 13:24:41,837 - INFO - [upgradebot.py:473] - [PREDICTION] CVCUSDT: SELL at $0.09198
2025-10-28 13:24:43,770 - INFO - [upgradebot.py:304] - No active position found for CVCUSDT.
2025-10-28 13:24:43,772 - INFO - [upgradebot.py:523] - SELL signal for CVCUSDT. Considering SHORT entry.
2025-10-28 13:24:43,772 - INFO - [upgradebot.py:535] - Calculated SHORT Intent: Qty~88.421722, Entry~$0.09216, TP~$0.08756, SL~$0.09401
2025-10-28 13:24:43,773 - INFO - [upgradebot.py:537] - Placing SHORT Bracket Order...
2025-10-28 13:24:43,773 - ERROR - [upgradebot.py:386] - Final qty 88.0 < minimum 122.0. Cannot place entry.
2025-10-28 13:24:43,773 - ERROR - [upgradebot.py:543] - SHORT Entry order failed for CVCUSDT. TP/SL not placed.
2025-10-28 13:24:44,774 - INFO - [upgradebot.py:431] - --- Checking CVXUSDT (Price: $2.3420) ---
2025-10-28 13:24:46,850 - INFO - [upgradebot.py:455] - Balance $9.0367 meets minimum value $7.5178 for CVXUSDT. Proceeding with analysis.
2025-10-28 13:24:46,850 - INFO - [upgradebot.py:262] - Fetching 90 days of 240-min data for CVXUSDT...
2025-10-28 13:24:49,360 - INFO - [upgradebot.py:348] - CVXUSDT model trained. Accuracy: 0.90
2025-10-28 13:24:49,371 - INFO - [upgradebot.py:473] - [PREDICTION] CVXUSDT: SELL at $3.356
2025-10-28 13:24:51,627 - INFO - [upgradebot.py:304] - No active position found for CVXUSDT.
2025-10-28 13:24:51,630 - INFO - [upgradebot.py:523] - SELL signal for CVXUSDT. Considering SHORT entry.
2025-10-28 13:24:51,631 - INFO - [upgradebot.py:535] - Calculated SHORT Intent: Qty~2.423430, Entry~$3.363, TP~$3.195, SL~$3.430
2025-10-28 13:24:51,632 - INFO - [upgradebot.py:537] - Placing SHORT Bracket Order...
2025-10-28 13:24:51,633 - ERROR - [upgradebot.py:386] - Final qty 2.42 < minimum 3.21. Cannot place entry.
2025-10-28 13:24:51,633 - ERROR - [upgradebot.py:543] - SHORT Entry order failed for CVXUSDT. TP/SL not placed.
2025-10-28 13:24:52,635 - INFO - [upgradebot.py:431] - --- Checking CYBERUSDT (Price: $1.0590) ---
2025-10-28 13:24:54,512 - INFO - [upgradebot.py:455] - Balance $9.0367 meets minimum value $7.5189 for CYBERUSDT. Proceeding with analysis.
2025-10-28 13:24:54,513 - INFO - [upgradebot.py:262] - Fetching 90 days of 240-min data for CYBERUSDT...
2025-10-28 13:24:56,781 - INFO - [upgradebot.py:348] - CYBERUSDT model trained. Accuracy: 0.74
2025-10-28 13:24:56,790 - INFO - [upgradebot.py:473] - [PREDICTION] CYBERUSDT: HOLD at $1.7200
2025-10-28 13:24:59,202 - INFO - [upgradebot.py:304] - No active position found for CYBERUSDT.
2025-10-28 13:24:59,207 - INFO - [upgradebot.py:546] - ML predicts HOLD for CYBERUSDT. No action taken.
2025-10-28 13:25:00,208 - INFO - [upgradebot.py:431] - --- Checking DAMUSDT (Price: $0.0464) ---
2025-10-28 13:25:02,527 - INFO - [upgradebot.py:455] - Balance $9.0367 meets minimum value $7.5152 for DAMUSDT. Proceeding with analysis.
2025-10-28 13:25:02,527 - INFO - [upgradebot.py:262] - Fetching 90 days of 240-min data for DAMUSDT...
2025-10-28 13:25:05,477 - INFO - [upgradebot.py:348] - DAMUSDT model trained. Accuracy: 0.81
2025-10-28 13:25:05,498 - INFO - [upgradebot.py:473] - [PREDICTION] DAMUSDT: BUY at $0.08583
2025-10-28 13:25:08,830 - INFO - [upgradebot.py:304] - No active position found for DAMUSDT.
2025-10-28 13:25:08,834 - INFO - [upgradebot.py:501] - Calculated LONG Intent: Qty~94.757427, Entry~$0.08566, TP~$0.08994, SL~$0.08395
2025-10-28 13:25:08,834 - INFO - [upgradebot.py:503] - Placing LONG Bracket Order...
2025-10-28 13:25:08,835 - ERROR - [upgradebot.py:386] - Final qty 94.0 < minimum 162.0. Cannot place entry.
2025-10-28 13:25:08,836 - ERROR - [upgradebot.py:509] - LONG Entry order failed for DAMUSDT. TP/SL not placed.
2025-10-28 13:25:09,837 - INFO - [upgradebot.py:431] - --- Checking DASHUSDT (Price: $48.9900) ---
2025-10-28 13:25:12,306 - INFO - [upgradebot.py:455] - Balance $9.0367 meets minimum value $7.8384 for DASHUSDT. Proceeding with analysis.
2025-10-28 13:25:12,307 - INFO - [upgradebot.py:262] - Fetching 90 days of 240-min data for DASHUSDT...
2025-10-28 13:25:15,403 - INFO - [upgradebot.py:348] - DASHUSDT model trained. Accuracy: 0.83
2025-10-28 13:25:15,426 - INFO - [upgradebot.py:473] - [PREDICTION] DASHUSDT: HOLD at $24.35
2025-10-28 13:25:19,232 - INFO - [upgradebot.py:304] - No active position found for DASHUSDT.
2025-10-28 13:25:19,236 - INFO - [upgradebot.py:546] - ML predicts HOLD for DASHUSDT. No action taken.
2025-10-28 13:25:20,237 - INFO - [upgradebot.py:431] - --- Checking DEGENUSDT (Price: $0.0021) ---
2025-10-28 13:25:23,240 - INFO - [upgradebot.py:455] - Balance $9.0367 meets minimum value $7.5089 for DEGENUSDT. Proceeding with analysis.
2025-10-28 13:25:23,241 - INFO - [upgradebot.py:262] - Fetching 90 days of 240-min data for DEGENUSDT...
2025-10-28 13:25:28,691 - INFO - [upgradebot.py:348] - DEGENUSDT model trained. Accuracy: 0.71
2025-10-28 13:25:28,752 - INFO - [upgradebot.py:473] - [PREDICTION] DEGENUSDT: HOLD at $0.003620
2025-10-28 13:25:36,547 - INFO - [upgradebot.py:304] - No active position found for DEGENUSDT.
2025-10-28 13:25:36,553 - INFO - [upgradebot.py:546] - ML predicts HOLD for DEGENUSDT. No action taken.
2025-10-28 13:25:37,554 - INFO - [upgradebot.py:431] - --- Checking DENTUSDT (Price: $0.0005) ---
2025-10-28 13:25:40,098 - INFO - [upgradebot.py:455] - Balance $9.0367 meets minimum value $7.5049 for DENTUSDT. Proceeding with analysis.
2025-10-28 13:25:40,099 - INFO - [upgradebot.py:262] - Fetching 90 days of 240-min data for DENTUSDT...
2025-10-28 13:25:42,870 - INFO - [upgradebot.py:348] - DENTUSDT model trained. Accuracy: 0.76
2025-10-28 13:25:42,884 - INFO - [upgradebot.py:473] - [PREDICTION] DENTUSDT: SELL at $0.0007712
2025-10-28 13:25:45,993 - INFO - [upgradebot.py:304] - No active position found for DENTUSDT.
2025-10-28 13:25:45,996 - INFO - [upgradebot.py:523] - SELL signal for DENTUSDT. Considering SHORT entry.
2025-10-28 13:25:45,997 - INFO - [upgradebot.py:535] - Calculated SHORT Intent: Qty~10545.941390, Entry~$0.0007727, TP~$0.0007341, SL~$0.0007882
2025-10-28 13:25:45,998 - INFO - [upgradebot.py:537] - Placing SHORT Bracket Order...
2025-10-28 13:25:45,998 - ERROR - [upgradebot.py:386] - Final qty 10500.0 < minimum 15961.0. Cannot place entry.
2025-10-28 13:25:45,999 - ERROR - [upgradebot.py:543] - SHORT Entry order failed for DENTUSDT. TP/SL not placed.
2025-10-28 13:25:47,000 - INFO - [upgradebot.py:431] - --- Checking DEXEUSDT (Price: $6.7730) ---
2025-10-28 13:25:48,915 - INFO - [upgradebot.py:455] - Balance $9.0367 meets minimum value $8.1276 for DEXEUSDT. Proceeding with analysis.
2025-10-28 13:25:48,916 - INFO - [upgradebot.py:262] - Fetching 90 days of 240-min data for DEXEUSDT...
2025-10-28 13:25:51,030 - INFO - [upgradebot.py:348] - DEXEUSDT model trained. Accuracy: 0.88
2025-10-28 13:25:51,043 - INFO - [upgradebot.py:473] - [PREDICTION] DEXEUSDT: SELL at $6.963
2025-10-28 13:25:53,123 - INFO - [upgradebot.py:304] - No active position found for DEXEUSDT.
2025-10-28 13:25:53,129 - INFO - [upgradebot.py:523] - SELL signal for DEXEUSDT. Considering SHORT entry.
2025-10-28 13:25:53,130 - INFO - [upgradebot.py:535] - Calculated SHORT Intent: Qty~1.168035, Entry~$6.977, TP~$6.628, SL~$7.116
2025-10-28 13:25:53,131 - INFO - [upgradebot.py:537] - Placing SHORT Bracket Order...
2025-10-28 13:25:53,133 - ERROR - [upgradebot.py:386] - Final qty 1.1 < minimum 1.2. Cannot place entry.
2025-10-28 13:25:53,134 - ERROR - [upgradebot.py:543] - SHORT Entry order failed for DEXEUSDT. TP/SL not placed.
2025-10-28 13:25:54,135 - INFO - [upgradebot.py:431] - --- Checking DGBUSDT (Price: $0.0062) ---
2025-10-28 13:25:55,796 - INFO - [upgradebot.py:455] - Balance $9.0367 meets minimum value $7.5113 for DGBUSDT. Proceeding with analysis.
2025-10-28 13:25:55,797 - INFO - [upgradebot.py:262] - Fetching 90 days of 240-min data for DGBUSDT...
2025-10-28 13:25:58,229 - INFO - [upgradebot.py:348] - DGBUSDT model trained. Accuracy: 0.71
2025-10-28 13:25:58,247 - INFO - [upgradebot.py:473] - [PREDICTION] DGBUSDT: SELL at $0.008439
2025-10-28 13:26:00,798 - INFO - [upgradebot.py:304] - No active position found for DGBUSDT.
2025-10-28 13:26:00,802 - INFO - [upgradebot.py:523] - SELL signal for DGBUSDT. Considering SHORT entry.
2025-10-28 13:26:00,802 - INFO - [upgradebot.py:535] - Calculated SHORT Intent: Qty~963.743335, Entry~$0.008456, TP~$0.008033, SL~$0.008625
2025-10-28 13:26:00,803 - INFO - [upgradebot.py:537] - Placing SHORT Bracket Order...
2025-10-28 13:26:00,804 - ERROR - [upgradebot.py:386] - Final qty 960.0 < minimum 1202.0. Cannot place entry.
2025-10-28 13:26:00,804 - ERROR - [upgradebot.py:543] - SHORT Entry order failed for DGBUSDT. TP/SL not placed.
2025-10-28 13:26:01,805 - INFO - [upgradebot.py:431] - --- Checking DIAUSDT (Price: $0.6168) ---
2025-10-28 13:26:03,713 - INFO - [upgradebot.py:455] - Balance $9.0367 meets minimum value $8.0184 for DIAUSDT. Proceeding with analysis.
2025-10-28 13:26:03,713 - INFO - [upgradebot.py:262] - Fetching 90 days of 240-min data for DIAUSDT...
2025-10-28 13:26:06,059 - INFO - [upgradebot.py:348] - DIAUSDT model trained. Accuracy: 0.74
2025-10-28 13:26:06,070 - INFO - [upgradebot.py:473] - [PREDICTION] DIAUSDT: HOLD at $0.7465
2025-10-28 13:26:08,255 - INFO - [upgradebot.py:304] - No active position found for DIAUSDT.
2025-10-28 13:26:08,258 - INFO - [upgradebot.py:546] - ML predicts HOLD for DIAUSDT. No action taken.
2025-10-28 13:26:09,259 - INFO - [upgradebot.py:431] - --- Checking DODOUSDT (Price: $0.0320) ---
2025-10-28 13:26:11,452 - INFO - [upgradebot.py:455] - Balance $9.0367 meets minimum value $7.5247 for DODOUSDT. Proceeding with analysis.
2025-10-28 13:26:11,452 - INFO - [upgradebot.py:262] - Fetching 90 days of 240-min data for DODOUSDT...
2025-10-28 13:26:14,015 - INFO - [upgradebot.py:348] - DODOUSDT model trained. Accuracy: 0.76
2025-10-28 13:26:14,027 - INFO - [upgradebot.py:473] - [PREDICTION] DODOUSDT: HOLD at $0.04625
2025-10-28 13:26:16,602 - INFO - [upgradebot.py:304] - No active position found for DODOUSDT.
2025-10-28 13:26:16,604 - INFO - [upgradebot.py:546] - ML predicts HOLD for DODOUSDT. No action taken.
2025-10-28 13:26:17,604 - INFO - [upgradebot.py:431] - --- Checking DOGUSDT (Price: $0.0018) ---
2025-10-28 13:26:20,103 - INFO - [upgradebot.py:455] - Balance $9.0367 meets minimum value $7.5011 for DOGUSDT. Proceeding with analysis.
2025-10-28 13:26:20,103 - INFO - [upgradebot.py:262] - Fetching 90 days of 240-min data for DOGUSDT...
2025-10-28 13:26:23,150 - INFO - [upgradebot.py:348] - DOGUSDT model trained. Accuracy: 0.83
2025-10-28 13:26:23,163 - INFO - [upgradebot.py:473] - [PREDICTION] DOGUSDT: HOLD at $0.002373
2025-10-28 13:26:25,727 - INFO - [upgradebot.py:304] - No active position found for DOGUSDT.
2025-10-28 13:26:25,729 - INFO - [upgradebot.py:546] - ML predicts HOLD for DOGUSDT. No action taken.
2025-10-28 13:26:26,730 - INFO - [upgradebot.py:431] - --- Checking DOGEUSDT (Price: $0.2007) ---
2025-10-28 13:26:29,733 - INFO - [upgradebot.py:455] - Balance $9.0367 meets minimum value $7.6251 for DOGEUSDT. Proceeding with analysis.
2025-10-28 13:26:29,734 - INFO - [upgradebot.py:262] - Fetching 90 days of 240-min data for DOGEUSDT...
2025-10-28 13:26:32,992 - INFO - [upgradebot.py:348] - DOGEUSDT model trained. Accuracy: 0.79
2025-10-28 13:26:33,007 - INFO - [upgradebot.py:473] - [PREDICTION] DOGEUSDT: SELL at $0.26712
2025-10-28 13:26:35,827 - INFO - [upgradebot.py:304] - No active position found for DOGEUSDT.
2025-10-28 13:26:35,831 - INFO - [upgradebot.py:523] - SELL signal for DOGEUSDT. Considering SHORT entry.
2025-10-28 13:26:35,832 - INFO - [upgradebot.py:535] - Calculated SHORT Intent: Qty~30.447102, Entry~$0.26765, TP~$0.25427, SL~$0.27301
2025-10-28 13:26:35,833 - INFO - [upgradebot.py:537] - Placing SHORT Bracket Order...
2025-10-28 13:26:35,834 - ERROR - [upgradebot.py:386] - Final qty 30.0 < minimum 38.0. Cannot place entry.
2025-10-28 13:26:35,834 - ERROR - [upgradebot.py:543] - SHORT Entry order failed for DOGEUSDT. TP/SL not placed.
2025-10-28 13:26:36,836 - INFO - [upgradebot.py:431] - --- Checking DOLOUSDT (Price: $0.0828) ---
2025-10-28 13:26:40,193 - INFO - [upgradebot.py:455] - Balance $9.0367 meets minimum value $7.4538 for DOLOUSDT. Proceeding with analysis.
2025-10-28 13:26:40,193 - INFO - [upgradebot.py:262] - Fetching 90 days of 240-min data for DOLOUSDT...
2025-10-28 13:26:44,104 - INFO - [upgradebot.py:348] - DOLOUSDT model trained. Accuracy: 0.83
2025-10-28 13:26:44,122 - INFO - [upgradebot.py:473] - [PREDICTION] DOLOUSDT: BUY at $0.17422
2025-10-28 13:26:49,075 - INFO - [upgradebot.py:304] - No active position found for DOLOUSDT.
2025-10-28 13:26:49,082 - INFO - [upgradebot.py:501] - Calculated LONG Intent: Qty~46.682528, Entry~$0.17387, TP~$0.18257, SL~$0.17039
2025-10-28 13:26:49,084 - INFO - [upgradebot.py:503] - Placing LONG Bracket Order...
2025-10-28 13:26:49,085 - ERROR - [upgradebot.py:386] - Final qty 46.0 < minimum 90.0. Cannot place entry.
2025-10-28 13:26:49,086 - ERROR - [upgradebot.py:509] - LONG Entry order failed for DOLOUSDT. TP/SL not placed.
2025-10-28 13:26:50,088 - INFO - [upgradebot.py:431] - --- Checking DOODUSDT (Price: $0.0072) ---
2025-10-28 13:26:56,240 - INFO - [upgradebot.py:455] - Balance $9.0367 meets minimum value $7.5107 for DOODUSDT. Proceeding with analysis.
2025-10-28 13:26:56,244 - INFO - [upgradebot.py:262] - Fetching 90 days of 240-min data for DOODUSDT...
2025-10-28 13:27:07,594 - INFO - [upgradebot.py:348] - DOODUSDT model trained. Accuracy: 0.71
2025-10-28 13:27:07,614 - INFO - [upgradebot.py:473] - [PREDICTION] DOODUSDT: HOLD at $0.003895
2025-10-28 13:27:11,503 - INFO - [upgradebot.py:304] - No active position found for DOODUSDT.
2025-10-28 13:27:11,510 - INFO - [upgradebot.py:546] - ML predicts HOLD for DOODUSDT. No action taken.
2025-10-28 13:27:12,511 - INFO - [upgradebot.py:431] - --- Checking DOTUSDT (Price: $3.1477) ---
2025-10-28 13:27:16,246 - INFO - [upgradebot.py:455] - Balance $9.0367 meets minimum value $7.5545 for DOTUSDT. Proceeding with analysis.
2025-10-28 13:27:16,247 - INFO - [upgradebot.py:262] - Fetching 90 days of 240-min data for DOTUSDT...
2025-10-28 13:27:19,544 - INFO - [upgradebot.py:348] - DOTUSDT model trained. Accuracy: 0.79
2025-10-28 13:27:19,606 - INFO - [upgradebot.py:473] - [PREDICTION] DOTUSDT: SELL at $4.1487
2025-10-28 13:27:23,456 - INFO - [upgradebot.py:304] - No active position found for DOTUSDT.
2025-10-28 13:27:23,459 - INFO - [upgradebot.py:523] - SELL signal for DOTUSDT. Considering SHORT entry.
2025-10-28 13:27:23,460 - INFO - [upgradebot.py:535] - Calculated SHORT Intent: Qty~1.960380, Entry~$4.1570, TP~$3.9491, SL~$4.2401
2025-10-28 13:27:23,460 - INFO - [upgradebot.py:537] - Placing SHORT Bracket Order...
2025-10-28 13:27:23,461 - ERROR - [upgradebot.py:386] - Final qty 1.9 < minimum 2.4. Cannot place entry.
2025-10-28 13:27:23,462 - ERROR - [upgradebot.py:543] - SHORT Entry order failed for DOTUSDT. TP/SL not placed.
2025-10-28 13:27:24,462 - INFO - [upgradebot.py:431] - --- Checking DRIFTUSDT (Price: $0.4393) ---
2025-10-28 13:27:26,785 - INFO - [upgradebot.py:455] - Balance $9.0367 meets minimum value $7.9074 for DRIFTUSDT. Proceeding with analysis.
2025-10-28 13:27:26,785 - INFO - [upgradebot.py:262] - Fetching 90 days of 240-min data for DRIFTUSDT...
2025-10-28 13:27:29,156 - INFO - [upgradebot.py:348] - DRIFTUSDT model trained. Accuracy: 0.79
2025-10-28 13:27:29,166 - INFO - [upgradebot.py:473] - [PREDICTION] DRIFTUSDT: BUY at $0.6596
2025-10-28 13:27:31,049 - INFO - [upgradebot.py:304] - No active position found for DRIFTUSDT.
2025-10-28 13:27:31,051 - INFO - [upgradebot.py:501] - Calculated LONG Intent: Qty~12.330246, Entry~$0.6583, TP~$0.6912, SL~$0.6451
2025-10-28 13:27:31,051 - INFO - [upgradebot.py:503] - Placing LONG Bracket Order...
2025-10-28 13:27:31,052 - ERROR - [upgradebot.py:386] - Final qty 12.0 < minimum 18.0. Cannot place entry.
2025-10-28 13:27:31,052 - ERROR - [upgradebot.py:509] - LONG Entry order failed for DRIFTUSDT. TP/SL not placed.
2025-10-28 13:27:32,053 - INFO - [upgradebot.py:431] - --- Checking DUSKUSDT (Price: $0.0472) ---
2025-10-28 13:27:33,824 - INFO - [upgradebot.py:455] - Balance $9.0367 meets minimum value $7.5112 for DUSKUSDT. Proceeding with analysis.
2025-10-28 13:27:33,824 - INFO - [upgradebot.py:262] - Fetching 90 days of 240-min data for DUSKUSDT...
2025-10-28 13:27:35,994 - INFO - [upgradebot.py:348] - DUSKUSDT model trained. Accuracy: 0.83
2025-10-28 13:27:36,003 - INFO - [upgradebot.py:473] - [PREDICTION] DUSKUSDT: SELL at $0.06639
2025-10-28 13:27:38,031 - INFO - [upgradebot.py:304] - No active position found for DUSKUSDT.
2025-10-28 13:27:38,033 - INFO - [upgradebot.py:523] - SELL signal for DUSKUSDT. Considering SHORT entry.
2025-10-28 13:27:38,034 - INFO - [upgradebot.py:535] - Calculated SHORT Intent: Qty~122.503841, Entry~$0.06652, TP~$0.06320, SL~$0.06785
2025-10-28 13:27:38,034 - INFO - [upgradebot.py:537] - Placing SHORT Bracket Order...
2025-10-28 13:27:38,034 - ERROR - [upgradebot.py:386] - Final qty 122.0 < minimum 159.0. Cannot place entry.
2025-10-28 13:27:38,035 - ERROR - [upgradebot.py:543] - SHORT Entry order failed for DUSKUSDT. TP/SL not placed.
2025-10-28 13:27:39,035 - INFO - [upgradebot.py:431] - --- Checking DYDXUSDT (Price: $0.3439) ---
2025-10-28 13:27:40,917 - INFO - [upgradebot.py:455] - Balance $9.0367 meets minimum value $7.5314 for DYDXUSDT. Proceeding with analysis.
2025-10-28 13:27:40,918 - INFO - [upgradebot.py:262] - Fetching 90 days of 240-min data for DYDXUSDT...
2025-10-28 13:27:43,530 - INFO - [upgradebot.py:348] - DYDXUSDT model trained. Accuracy: 0.71
2025-10-28 13:27:43,541 - INFO - [upgradebot.py:473] - [PREDICTION] DYDXUSDT: SELL at $0.6201
2025-10-28 13:27:45,455 - INFO - [upgradebot.py:304] - No active position found for DYDXUSDT.
2025-10-28 13:27:45,457 - INFO - [upgradebot.py:523] - SELL signal for DYDXUSDT. Considering SHORT entry.
2025-10-28 13:27:45,458 - INFO - [upgradebot.py:535] - Calculated SHORT Intent: Qty~13.115675, Entry~$0.6213, TP~$0.5903, SL~$0.6338
2025-10-28 13:27:45,458 - INFO - [upgradebot.py:537] - Placing SHORT Bracket Order...
2025-10-28 13:27:45,458 - ERROR - [upgradebot.py:386] - Final qty 13.1 < minimum 21.9. Cannot place entry.
2025-10-28 13:27:45,459 - ERROR - [upgradebot.py:543] - SHORT Entry order failed for DYDXUSDT. TP/SL not placed.
2025-10-28 13:27:46,460 - INFO - [upgradebot.py:431] - --- Checking DYMUSDT (Price: $0.1028) ---
2025-10-28 13:27:48,868 - INFO - [upgradebot.py:455] - Balance $9.0367 meets minimum value $7.4941 for DYMUSDT. Proceeding with analysis.
2025-10-28 13:27:48,869 - INFO - [upgradebot.py:262] - Fetching 90 days of 240-min data for DYMUSDT...
2025-10-28 13:27:51,704 - INFO - [upgradebot.py:348] - DYMUSDT model trained. Accuracy: 0.83
2025-10-28 13:27:51,724 - INFO - [upgradebot.py:473] - [PREDICTION] DYMUSDT: SELL at $0.2258
2025-10-28 13:27:54,271 - INFO - [upgradebot.py:304] - No active position found for DYMUSDT.
2025-10-28 13:27:54,274 - INFO - [upgradebot.py:523] - SELL signal for DYMUSDT. Considering SHORT entry.
2025-10-28 13:27:54,274 - INFO - [upgradebot.py:535] - Calculated SHORT Intent: Qty~36.018733, Entry~$0.2263, TP~$0.2149, SL~$0.2308
2025-10-28 13:27:54,275 - INFO - [upgradebot.py:537] - Placing SHORT Bracket Order...
2025-10-28 13:27:54,275 - ERROR - [upgradebot.py:386] - Final qty 36.0 < minimum 72.9. Cannot place entry.
2025-10-28 13:27:54,276 - ERROR - [upgradebot.py:543] - SHORT Entry order failed for DYMUSDT. TP/SL not placed.
2025-10-28 13:27:55,277 - INFO - [upgradebot.py:431] - --- Checking EDENUSDT (Price: $0.1599) ---
2025-10-28 13:27:57,959 - INFO - [upgradebot.py:455] - Balance $9.0367 meets minimum value $7.5153 for EDENUSDT. Proceeding with analysis.
2025-10-28 13:27:57,959 - INFO - [upgradebot.py:262] - Fetching 90 days of 240-min data for EDENUSDT...
2025-10-28 13:28:00,825 - INFO - [upgradebot.py:348] - EDENUSDT model trained. Accuracy: 0.76
2025-10-28 13:28:00,840 - INFO - [upgradebot.py:473] - [PREDICTION] EDENUSDT: BUY at $0.4664
2025-10-28 13:28:03,625 - INFO - [upgradebot.py:304] - No active position found for EDENUSDT.
2025-10-28 13:28:03,628 - INFO - [upgradebot.py:501] - Calculated LONG Intent: Qty~17.437886, Entry~$0.4655, TP~$0.4887, SL~$0.4562
2025-10-28 13:28:03,628 - INFO - [upgradebot.py:503] - Placing LONG Bracket Order...
2025-10-28 13:28:03,629 - ERROR - [upgradebot.py:386] - Final qty 17.0 < minimum 47.0. Cannot place entry.
2025-10-28 13:28:03,629 - ERROR - [upgradebot.py:509] - LONG Entry order failed for EDENUSDT. TP/SL not placed.
2025-10-28 13:28:04,630 - INFO - [upgradebot.py:431] - --- Checking EDUUSDT (Price: $0.1925) ---
2025-10-28 13:28:07,879 - INFO - [upgradebot.py:455] - Balance $9.0367 meets minimum value $7.4882 for EDUUSDT. Proceeding with analysis.
2025-10-28 13:28:07,880 - INFO - [upgradebot.py:262] - Fetching 90 days of 240-min data for EDUUSDT...
2025-10-28 13:28:11,977 - INFO - [upgradebot.py:348] - EDUUSDT model trained. Accuracy: 0.67
2025-10-28 13:28:11,999 - INFO - [upgradebot.py:473] - [PREDICTION] EDUUSDT: BUY at $0.1320
2025-10-28 13:28:15,577 - INFO - [upgradebot.py:304] - No active position found for EDUUSDT.
2025-10-28 13:28:15,581 - INFO - [upgradebot.py:501] - Calculated LONG Intent: Qty~61.613864, Entry~$0.1317, TP~$0.1383, SL~$0.1291
2025-10-28 13:28:15,582 - INFO - [upgradebot.py:503] - Placing LONG Bracket Order...
2025-10-28 13:28:15,583 - INFO - [upgradebot.py:392] - [ACTION] Submitting LIMIT BUY for EDUUSDT (Qty: 61.6) @ Price: 0.1317
2025-10-28 13:28:15,584 - INFO - [upgradebot.py:393] - [DRY-RUN] Would submit order: {"side": "BUY", "symbol": "EDUUSDT", "order_type": "LIMIT", "quantity": 61.6, "exchange": "EXCHANGE_2", "price": 0.1317}
2025-10-28 13:28:15,585 - INFO - [upgradebot.py:392] - [ACTION] Submitting TAKE_PROFIT_MARKET SELL for EDUUSDT (Qty: 0) @ Trigger: 0.1383
2025-10-28 13:28:15,586 - INFO - [upgradebot.py:393] - [DRY-RUN] Would submit order: {"side": "SELL", "symbol": "EDUUSDT", "order_type": "TAKE_PROFIT_MARKET", "quantity": 0, "exchange": "EXCHANGE_2", "trigger_price": 0.1383, "reduce_only": true}
2025-10-28 13:28:15,587 - INFO - [upgradebot.py:392] - [ACTION] Submitting STOP_MARKET SELL for EDUUSDT (Qty: 0) @ Trigger: 0.1291
2025-10-28 13:28:15,588 - INFO - [upgradebot.py:393] - [DRY-RUN] Would submit order: {"side": "SELL", "symbol": "EDUUSDT", "order_type": "STOP_MARKET", "quantity": 0, "exchange": "EXCHANGE_2", "trigger_price": 0.1291, "reduce_only": true}
2025-10-28 13:28:16,590 - INFO - [upgradebot.py:431] - --- Checking EGLDUSDT (Price: $9.8020) ---
2025-10-28 13:28:22,535 - INFO - [upgradebot.py:455] - Balance $9.0367 meets minimum value $7.5475 for EGLDUSDT. Proceeding with analysis.
2025-10-28 13:28:22,537 - INFO - [upgradebot.py:262] - Fetching 90 days of 240-min data for EGLDUSDT...
2025-10-28 13:28:32,068 - INFO - [upgradebot.py:348] - EGLDUSDT model trained. Accuracy: 0.69
2025-10-28 13:28:32,223 - INFO - [upgradebot.py:473] - [PREDICTION] EGLDUSDT: HOLD at $13.860
2025-10-28 13:28:38,600 - INFO - [upgradebot.py:304] - No active position found for EGLDUSDT.
2025-10-28 13:28:38,603 - INFO - [upgradebot.py:546] - ML predicts HOLD for EGLDUSDT. No action taken.
2025-10-28 13:28:39,605 - INFO - [upgradebot.py:431] - --- Checking EIGENUSDT (Price: $1.0733) ---
2025-10-28 13:28:43,461 - INFO - [upgradebot.py:455] - Balance $9.0367 meets minimum value $7.5131 for EIGENUSDT. Proceeding with analysis.
2025-10-28 13:28:43,461 - INFO - [upgradebot.py:262] - Fetching 90 days of 240-min data for EIGENUSDT...
2025-10-28 13:28:47,168 - INFO - [upgradebot.py:348] - EIGENUSDT model trained. Accuracy: 0.74
2025-10-28 13:28:47,186 - INFO - [upgradebot.py:473] - [PREDICTION] EIGENUSDT: BUY at $1.6212
2025-10-28 13:28:49,825 - INFO - [upgradebot.py:304] - No active position found for EIGENUSDT.
2025-10-28 13:28:49,831 - INFO - [upgradebot.py:501] - Calculated LONG Intent: Qty~5.016673, Entry~$1.6180, TP~$1.6989, SL~$1.5856
2025-10-28 13:28:49,831 - INFO - [upgradebot.py:503] - Placing LONG Bracket Order...
2025-10-28 13:28:49,832 - ERROR - [upgradebot.py:386] - Final qty 5.0 < minimum 7.0. Cannot place entry.
2025-10-28 13:28:49,832 - ERROR - [upgradebot.py:509] - LONG Entry order failed for EIGENUSDT. TP/SL not placed.
2025-10-28 13:28:50,833 - INFO - [upgradebot.py:431] - --- Checking ELXUSDT (Price: $0.1050) ---
2025-10-28 13:28:53,455 - INFO - [upgradebot.py:455] - Balance $9.0367 meets minimum value $7.5586 for ELXUSDT. Proceeding with analysis.
2025-10-28 13:28:53,456 - INFO - [upgradebot.py:262] - Fetching 90 days of 240-min data for ELXUSDT...
2025-10-28 13:28:56,071 - INFO - [upgradebot.py:348] - ELXUSDT model trained. Accuracy: 0.81
2025-10-28 13:28:56,083 - INFO - [upgradebot.py:473] - [PREDICTION] ELXUSDT: HOLD at $0.14420
2025-10-28 13:28:58,161 - INFO - [upgradebot.py:304] - No active position found for ELXUSDT.
2025-10-28 13:28:58,163 - INFO - [upgradebot.py:546] - ML predicts HOLD for ELXUSDT. No action taken.
2025-10-28 13:28:59,164 - INFO - [upgradebot.py:431] - --- Checking ENAUSDT (Price: $0.4931) ---
2025-10-28 13:29:01,500 - INFO - [upgradebot.py:455] - Balance $9.0367 meets minimum value $7.8896 for ENAUSDT. Proceeding with analysis.
2025-10-28 13:29:01,500 - INFO - [upgradebot.py:262] - Fetching 90 days of 240-min data for ENAUSDT...
2025-10-28 13:29:03,996 - INFO - [upgradebot.py:348] - ENAUSDT model trained. Accuracy: 0.62
2025-10-28 13:29:04,006 - INFO - [upgradebot.py:473] - [PREDICTION] ENAUSDT: HOLD at $0.7691
2025-10-28 13:29:06,231 - INFO - [upgradebot.py:304] - No active position found for ENAUSDT.
2025-10-28 13:29:06,233 - INFO - [upgradebot.py:546] - ML predicts HOLD for ENAUSDT. No action taken.
2025-10-28 13:29:07,233 - INFO - [upgradebot.py:431] - --- Checking ENJUSDT (Price: $0.0440) ---
2025-10-28 13:29:09,498 - INFO - [upgradebot.py:455] - Balance $9.0367 meets minimum value $7.4952 for ENJUSDT. Proceeding with analysis.
2025-10-28 13:29:09,498 - INFO - [upgradebot.py:262] - Fetching 90 days of 240-min data for ENJUSDT...
2025-10-28 13:29:11,727 - INFO - [upgradebot.py:348] - ENJUSDT model trained. Accuracy: 0.67
2025-10-28 13:29:11,736 - INFO - [upgradebot.py:473] - [PREDICTION] ENJUSDT: SELL at $0.06850
2025-10-28 13:29:13,579 - INFO - [upgradebot.py:304] - No active position found for ENJUSDT.
2025-10-28 13:29:13,582 - INFO - [upgradebot.py:523] - SELL signal for ENJUSDT. Considering SHORT entry.
2025-10-28 13:29:13,582 - INFO - [upgradebot.py:535] - Calculated SHORT Intent: Qty~118.730365, Entry~$0.06864, TP~$0.06521, SL~$0.07001
2025-10-28 13:29:13,582 - INFO - [upgradebot.py:537] - Placing SHORT Bracket Order...
2025-10-28 13:29:13,583 - ERROR - [upgradebot.py:386] - Final qty 118.7 < minimum 170.5. Cannot place entry.
2025-10-28 13:29:13,583 - ERROR - [upgradebot.py:543] - SHORT Entry order failed for ENJUSDT. TP/SL not placed.
2025-10-28 13:29:14,584 - INFO - [upgradebot.py:431] - --- Checking ENSUSDT (Price: $15.9080) ---
2025-10-28 13:29:16,473 - INFO - [upgradebot.py:455] - Balance $9.0367 meets minimum value $7.9540 for ENSUSDT. Proceeding with analysis.
2025-10-28 13:29:16,474 - INFO - [upgradebot.py:262] - Fetching 90 days of 240-min data for ENSUSDT...
2025-10-28 13:29:18,945 - INFO - [upgradebot.py:348] - ENSUSDT model trained. Accuracy: 0.68
2025-10-28 13:29:18,953 - INFO - [upgradebot.py:473] - [PREDICTION] ENSUSDT: HOLD at $24.046
2025-10-28 13:29:21,054 - INFO - [upgradebot.py:304] - No active position found for ENSUSDT.
2025-10-28 13:29:21,055 - INFO - [upgradebot.py:546] - ML predicts HOLD for ENSUSDT. No action taken.
2025-10-28 13:29:22,056 - INFO - [upgradebot.py:431] - --- Checking ENSOUSDT (Price: $1.8670) ---
2025-10-28 13:29:23,988 - INFO - [upgradebot.py:455] - Balance $9.0367 meets minimum value $7.6547 for ENSOUSDT. Proceeding with analysis.
2025-10-28 13:29:23,989 - INFO - [upgradebot.py:262] - Fetching 90 days of 240-min data for ENSOUSDT...
2025-10-28 13:29:26,062 - WARNING - [upgradebot.py:335] - Not enough hist data for ENSOUSDT (79<100). Skip train.
2025-10-28 13:29:26,062 - INFO - [upgradebot.py:473] - [PREDICTION] ENSOUSDT: HOLD at $2.494
2025-10-28 13:29:28,220 - INFO - [upgradebot.py:304] - No active position found for ENSOUSDT.
2025-10-28 13:29:28,224 - INFO - [upgradebot.py:546] - ML predicts HOLD for ENSOUSDT. No action taken.
2025-10-28 13:29:29,225 - INFO - [upgradebot.py:431] - --- Checking EPICUSDT (Price: $0.9112) ---
2025-10-28 13:29:31,446 - INFO - [upgradebot.py:455] - Balance $9.0367 meets minimum value $8.2008 for EPICUSDT. Proceeding with analysis.
2025-10-28 13:29:31,446 - INFO - [upgradebot.py:262] - Fetching 90 days of 240-min data for EPICUSDT...
2025-10-28 13:29:33,878 - INFO - [upgradebot.py:348] - EPICUSDT model trained. Accuracy: 0.81
2025-10-28 13:29:33,886 - INFO - [upgradebot.py:473] - [PREDICTION] EPICUSDT: SELL at $2.0005
2025-10-28 13:29:36,057 - INFO - [upgradebot.py:304] - No active position found for EPICUSDT.
2025-10-28 13:29:36,059 - INFO - [upgradebot.py:523] - SELL signal for EPICUSDT. Considering SHORT entry.
2025-10-28 13:29:36,059 - WARNING - [upgradebot.py:528] - Skipping EPICUSDT SHORT. Investment $8.1330 < min value $8.2008.
2025-10-28 13:29:36,060 - INFO - [upgradebot.py:431] - --- Checking EPTUSDT (Price: $0.0046) ---
2025-10-28 13:29:38,307 - INFO - [upgradebot.py:455] - Balance $9.0367 meets minimum value $7.5120 for EPTUSDT. Proceeding with analysis.
2025-10-28 13:29:38,308 - INFO - [upgradebot.py:262] - Fetching 90 days of 240-min data for EPTUSDT...
2025-10-28 13:29:40,971 - INFO - [upgradebot.py:348] - EPTUSDT model trained. Accuracy: 0.71
2025-10-28 13:29:40,980 - INFO - [upgradebot.py:473] - [PREDICTION] EPTUSDT: HOLD at $0.005016
2025-10-28 13:29:43,621 - INFO - [upgradebot.py:304] - No active position found for EPTUSDT.
2025-10-28 13:29:43,624 - INFO - [upgradebot.py:546] - ML predicts HOLD for EPTUSDT. No action taken.
2025-10-28 13:29:44,624 - INFO - [upgradebot.py:431] - --- Checking ERAUSDT (Price: $0.3191) ---
2025-10-28 13:29:47,024 - INFO - [upgradebot.py:455] - Balance $9.0367 meets minimum value $7.6584 for ERAUSDT. Proceeding with analysis.
2025-10-28 13:29:47,024 - INFO - [upgradebot.py:262] - Fetching 90 days of 240-min data for ERAUSDT...
2025-10-28 13:29:50,044 - INFO - [upgradebot.py:348] - ERAUSDT model trained. Accuracy: 0.79
2025-10-28 13:29:50,057 - INFO - [upgradebot.py:473] - [PREDICTION] ERAUSDT: HOLD at $0.7585
2025-10-28 13:29:52,451 - INFO - [upgradebot.py:304] - No active position found for ERAUSDT.
2025-10-28 13:29:52,453 - INFO - [upgradebot.py:546] - ML predicts HOLD for ERAUSDT. No action taken.
2025-10-28 13:29:53,453 - INFO - [upgradebot.py:431] - --- Checking ESUSDT (Price: $0.1068) ---
2025-10-28 13:29:57,011 - INFO - [upgradebot.py:455] - Balance $9.0367 meets minimum value $7.5828 for ESUSDT. Proceeding with analysis.
2025-10-28 13:29:57,012 - INFO - [upgradebot.py:262] - Fetching 90 days of 240-min data for ESUSDT...
2025-10-28 13:30:00,632 - INFO - [upgradebot.py:348] - ESUSDT model trained. Accuracy: 0.90
2025-10-28 13:30:00,656 - INFO - [upgradebot.py:473] - [PREDICTION] ESUSDT: HOLD at $0.1503
2025-10-28 13:30:04,925 - INFO - [upgradebot.py:304] - No active position found for ESUSDT.
2025-10-28 13:30:04,928 - INFO - [upgradebot.py:546] - ML predicts HOLD for ESUSDT. No action taken.
2025-10-28 13:30:05,929 - INFO - [upgradebot.py:431] - --- Checking ESPORTSUSDT (Price: $0.2180) ---
2025-10-28 13:30:09,672 - INFO - [upgradebot.py:455] - Balance $9.0367 meets minimum value $7.6314 for ESPORTSUSDT. Proceeding with analysis.
2025-10-28 13:30:09,673 - INFO - [upgradebot.py:262] - Fetching 90 days of 240-min data for ESPORTSUSDT...
2025-10-28 13:30:14,886 - INFO - [upgradebot.py:348] - ESPORTSUSDT model trained. Accuracy: 0.62
2025-10-28 13:30:14,913 - INFO - [upgradebot.py:473] - [PREDICTION] ESPORTSUSDT: HOLD at $0.15996
2025-10-28 13:30:19,683 - INFO - [upgradebot.py:304] - No active position found for ESPORTSUSDT.
2025-10-28 13:30:19,689 - INFO - [upgradebot.py:546] - ML predicts HOLD for ESPORTSUSDT. No action taken.
2025-10-28 13:30:20,690 - INFO - [upgradebot.py:431] - --- Checking ETCUSDT (Price: $16.4900) ---
2025-10-28 13:30:26,729 - INFO - [upgradebot.py:455] - Balance $9.0367 meets minimum value $8.2450 for ETCUSDT. Proceeding with analysis.
2025-10-28 13:30:26,732 - INFO - [upgradebot.py:262] - Fetching 90 days of 240-min data for ETCUSDT...
2025-10-28 13:30:40,368 - INFO - [upgradebot.py:348] - ETCUSDT model trained. Accuracy: 0.81
2025-10-28 13:30:40,441 - INFO - [upgradebot.py:473] - [PREDICTION] ETCUSDT: SELL at $20.409
2025-10-28 13:30:48,172 - INFO - [upgradebot.py:304] - No active position found for ETCUSDT.
2025-10-28 13:30:48,176 - INFO - [upgradebot.py:523] - SELL signal for ETCUSDT. Considering SHORT entry.
2025-10-28 13:30:48,177 - WARNING - [upgradebot.py:528] - Skipping ETCUSDT SHORT. Investment $8.1330 < min value $8.2450.
2025-10-28 13:30:48,178 - INFO - [upgradebot.py:431] - --- Checking ETHUSDT (Price: $4117.1100) ---
2025-10-28 13:30:53,350 - INFO - [upgradebot.py:451] - Skipping ETHUSDT. Balance $9.0367 is less than minimum order value $41.1711.
2025-10-28 13:30:53,851 - INFO - [upgradebot.py:431] - --- Checking ETHBTCUSDT (Price: $0.0361) ---
2025-10-28 13:30:57,673 - INFO - [upgradebot.py:455] - Balance $9.0367 meets minimum value $7.5046 for ETHBTCUSDT. Proceeding with analysis.
2025-10-28 13:30:57,673 - INFO - [upgradebot.py:262] - Fetching 90 days of 240-min data for ETHBTCUSDT...
2025-10-28 13:31:02,947 - INFO - [upgradebot.py:348] - ETHBTCUSDT model trained. Accuracy: 0.95
2025-10-28 13:31:02,958 - INFO - [upgradebot.py:473] - [PREDICTION] ETHBTCUSDT: HOLD at $0.039692
2025-10-28 13:31:05,853 - INFO - [upgradebot.py:304] - No active position found for ETHBTCUSDT.
2025-10-28 13:31:05,856 - INFO - [upgradebot.py:546] - ML predicts HOLD for ETHBTCUSDT. No action taken.
2025-10-28 13:31:06,856 - INFO - [upgradebot.py:431] - --- Checking ETHFIUSDT (Price: $0.9831) ---
2025-10-28 13:31:09,118 - INFO - [upgradebot.py:455] - Balance $9.0367 meets minimum value $7.5699 for ETHFIUSDT. Proceeding with analysis.
2025-10-28 13:31:09,119 - INFO - [upgradebot.py:262] - Fetching 90 days of 240-min data for ETHFIUSDT...
2025-10-28 13:31:11,591 - INFO - [upgradebot.py:348] - ETHFIUSDT model trained. Accuracy: 0.71
2025-10-28 13:31:11,599 - INFO - [upgradebot.py:473] - [PREDICTION] ETHFIUSDT: BUY at $1.4671
2025-10-28 13:31:14,293 - INFO - [upgradebot.py:304] - No active position found for ETHFIUSDT.
2025-10-28 13:31:14,297 - INFO - [upgradebot.py:501] - Calculated LONG Intent: Qty~5.543610, Entry~$1.4642, TP~$1.5374, SL~$1.4349
2025-10-28 13:31:14,297 - INFO - [upgradebot.py:503] - Placing LONG Bracket Order...
2025-10-28 13:31:14,297 - ERROR - [upgradebot.py:386] - Final qty 5.5 < minimum 7.7. Cannot place entry.
2025-10-28 13:31:14,297 - ERROR - [upgradebot.py:509] - LONG Entry order failed for ETHFIUSDT. TP/SL not placed.
2025-10-28 13:31:15,298 - INFO - [upgradebot.py:431] - --- Checking ETHWUSDT (Price: $0.9677) ---
2025-10-28 13:31:19,171 - INFO - [upgradebot.py:455] - Balance $9.0367 meets minimum value $7.4803 for ETHWUSDT. Proceeding with analysis.
2025-10-28 13:31:19,172 - INFO - [upgradebot.py:262] - Fetching 90 days of 240-min data for ETHWUSDT...
2025-10-28 13:31:22,279 - INFO - [upgradebot.py:348] - ETHWUSDT model trained. Accuracy: 0.81
2025-10-28 13:31:22,291 - INFO - [upgradebot.py:473] - [PREDICTION] ETHWUSDT: HOLD at $1.5800
2025-10-28 13:31:24,709 - INFO - [upgradebot.py:304] - No active position found for ETHWUSDT.
2025-10-28 13:31:24,712 - INFO - [upgradebot.py:546] - ML predicts HOLD for ETHWUSDT. No action taken.
2025-10-28 13:31:25,713 - INFO - [upgradebot.py:431] - --- Checking EULUSDT (Price: $8.2710) ---
2025-10-28 13:31:27,899 - INFO - [upgradebot.py:455] - Balance $9.0367 meets minimum value $7.4439 for EULUSDT. Proceeding with analysis.
2025-10-28 13:31:27,899 - INFO - [upgradebot.py:262] - Fetching 90 days of 240-min data for EULUSDT...
2025-10-28 13:31:30,317 - WARNING - [upgradebot.py:335] - Not enough hist data for EULUSDT (84<100). Skip train.
2025-10-28 13:31:30,318 - INFO - [upgradebot.py:473] - [PREDICTION] EULUSDT: HOLD at $7.128
2025-10-28 13:31:32,520 - INFO - [upgradebot.py:304] - No active position found for EULUSDT.
2025-10-28 13:31:32,523 - INFO - [upgradebot.py:546] - ML predicts HOLD for EULUSDT. No action taken.
2025-10-28 13:31:33,524 - INFO - [upgradebot.py:431] - --- Checking EVAAUSDT (Price: $11.4470) ---
2025-10-28 13:31:35,778 - INFO - [upgradebot.py:455] - Balance $9.0367 meets minimum value $8.0129 for EVAAUSDT. Proceeding with analysis.
2025-10-28 13:31:35,778 - INFO - [upgradebot.py:262] - Fetching 90 days of 240-min data for EVAAUSDT...
2025-10-28 13:31:38,151 - WARNING - [upgradebot.py:335] - Not enough hist data for EVAAUSDT (63<100). Skip train.
2025-10-28 13:31:38,152 - INFO - [upgradebot.py:473] - [PREDICTION] EVAAUSDT: HOLD at $3.074
2025-10-28 13:31:40,923 - INFO - [upgradebot.py:304] - No active position found for EVAAUSDT.
2025-10-28 13:31:40,926 - INFO - [upgradebot.py:546] - ML predicts HOLD for EVAAUSDT. No action taken.
2025-10-28 13:31:41,928 - INFO - [upgradebot.py:431] - --- Checking FUSDT (Price: $0.0170) ---
2025-10-28 13:31:44,272 - INFO - [upgradebot.py:455] - Balance $9.0367 meets minimum value $7.4538 for FUSDT. Proceeding with analysis.
2025-10-28 13:31:44,273 - INFO - [upgradebot.py:262] - Fetching 90 days of 240-min data for FUSDT...
2025-10-28 13:31:49,882 - INFO - [upgradebot.py:348] - FUSDT model trained. Accuracy: 0.78
2025-10-28 13:31:49,927 - INFO - [upgradebot.py:473] - [PREDICTION] FUSDT: SELL at $0.019390
2025-10-28 13:31:57,317 - INFO - [upgradebot.py:304] - No active position found for FUSDT.
2025-10-28 13:31:57,330 - INFO - [upgradebot.py:523] - SELL signal for FUSDT. Considering SHORT entry.
2025-10-28 13:31:57,332 - INFO - [upgradebot.py:535] - Calculated SHORT Intent: Qty~419.444559, Entry~$0.019429, TP~$0.018457, SL~$0.019817
2025-10-28 13:31:57,335 - INFO - [upgradebot.py:537] - Placing SHORT Bracket Order...
2025-10-28 13:31:57,339 - ERROR - [upgradebot.py:386] - Final qty 419.0 < minimum 439.0. Cannot place entry.
2025-10-28 13:31:57,342 - ERROR - [upgradebot.py:543] - SHORT Entry order failed for FUSDT. TP/SL not placed.
2025-10-28 13:31:58,345 - INFO - [upgradebot.py:431] - --- Checking FARTCOINUSDT (Price: $0.3996) ---
2025-10-28 13:32:07,619 - INFO - [upgradebot.py:455] - Balance $9.0367 meets minimum value $7.5924 for FARTCOINUSDT. Proceeding with analysis.
2025-10-28 13:32:07,622 - INFO - [upgradebot.py:262] - Fetching 90 days of 240-min data for FARTCOINUSDT...
2025-10-28 13:32:22,289 - INFO - [upgradebot.py:348] - FARTCOINUSDT model trained. Accuracy: 0.74
2025-10-28 13:32:22,378 - INFO - [upgradebot.py:473] - [PREDICTION] FARTCOINUSDT: SELL at $0.8159
2025-10-28 13:32:28,977 - INFO - [upgradebot.py:304] - No active position found for FARTCOINUSDT.
2025-10-28 13:32:28,981 - INFO - [upgradebot.py:523] - SELL signal for FARTCOINUSDT. Considering SHORT entry.
2025-10-28 13:32:28,982 - INFO - [upgradebot.py:535] - Calculated SHORT Intent: Qty~9.968170, Entry~$0.8175, TP~$0.7767, SL~$0.8339
2025-10-28 13:32:28,983 - INFO - [upgradebot.py:537] - Placing SHORT Bracket Order...
2025-10-28 13:32:28,983 - ERROR - [upgradebot.py:386] - Final qty 9.0 < minimum 19.0. Cannot place entry.
2025-10-28 13:32:28,984 - ERROR - [upgradebot.py:543] - SHORT Entry order failed for FARTCOINUSDT. TP/SL not placed.
2025-10-28 13:32:29,985 - INFO - [upgradebot.py:431] - --- Checking FFUSDT (Price: $0.1551) ---
2025-10-28 13:32:34,585 - INFO - [upgradebot.py:455] - Balance $9.0367 meets minimum value $7.5999 for FFUSDT. Proceeding with analysis.
2025-10-28 13:32:34,585 - INFO - [upgradebot.py:262] - Fetching 90 days of 240-min data for FFUSDT...
2025-10-28 13:32:38,119 - INFO - [upgradebot.py:348] - FFUSDT model trained. Accuracy: 0.77
2025-10-28 13:32:38,133 - INFO - [upgradebot.py:473] - [PREDICTION] FFUSDT: BUY at $0.3524
2025-10-28 13:32:41,123 - INFO - [upgradebot.py:304] - No active position found for FFUSDT.
2025-10-28 13:32:41,126 - INFO - [upgradebot.py:501] - Calculated LONG Intent: Qty~23.078973, Entry~$0.3517, TP~$0.3693, SL~$0.3447
2025-10-28 13:32:41,126 - INFO - [upgradebot.py:503] - Placing LONG Bracket Order...
2025-10-28 13:32:41,127 - ERROR - [upgradebot.py:386] - Final qty 23.0 < minimum 49.0. Cannot place entry.
2025-10-28 13:32:41,127 - ERROR - [upgradebot.py:509] - LONG Entry order failed for FFUSDT. TP/SL not placed.
2025-10-28 13:32:42,129 - INFO - [upgradebot.py:431] - --- Checking FIDAUSDT (Price: $0.0613) ---
2025-10-28 13:32:44,808 - INFO - [upgradebot.py:455] - Balance $9.0367 meets minimum value $7.5411 for FIDAUSDT. Proceeding with analysis.
2025-10-28 13:32:44,809 - INFO - [upgradebot.py:262] - Fetching 90 days of 240-min data for FIDAUSDT...
2025-10-28 13:32:47,122 - INFO - [upgradebot.py:348] - FIDAUSDT model trained. Accuracy: 0.74
2025-10-28 13:32:47,130 - INFO - [upgradebot.py:473] - [PREDICTION] FIDAUSDT: SELL at $0.09247
2025-10-28 13:32:49,098 - INFO - [upgradebot.py:304] - No active position found for FIDAUSDT.
2025-10-28 13:32:49,100 - INFO - [upgradebot.py:523] - SELL signal for FIDAUSDT. Considering SHORT entry.
2025-10-28 13:32:49,101 - INFO - [upgradebot.py:535] - Calculated SHORT Intent: Qty~87.953174, Entry~$0.09265, TP~$0.08802, SL~$0.09451
2025-10-28 13:32:49,101 - INFO - [upgradebot.py:537] - Placing SHORT Bracket Order...
2025-10-28 13:32:49,102 - ERROR - [upgradebot.py:386] - Final qty 87.0 < minimum 123.0. Cannot place entry.
2025-10-28 13:32:49,102 - ERROR - [upgradebot.py:543] - SHORT Entry order failed for FIDAUSDT. TP/SL not placed.
2025-10-28 13:32:50,102 - INFO - [upgradebot.py:431] - --- Checking FILUSDT (Price: $1.6320) ---
2025-10-28 13:32:52,734 - INFO - [upgradebot.py:455] - Balance $9.0367 meets minimum value $7.5072 for FILUSDT. Proceeding with analysis.
2025-10-28 13:32:52,735 - INFO - [upgradebot.py:262] - Fetching 90 days of 240-min data for FILUSDT...
2025-10-28 13:32:55,234 - INFO - [upgradebot.py:348] - FILUSDT model trained. Accuracy: 0.88
2025-10-28 13:32:55,242 - INFO - [upgradebot.py:473] - [PREDICTION] FILUSDT: HOLD at $2.487
2025-10-28 13:32:57,057 - INFO - [upgradebot.py:304] - No active position found for FILUSDT.
2025-10-28 13:32:57,059 - INFO - [upgradebot.py:546] - ML predicts HOLD for FILUSDT. No action taken.
2025-10-28 13:32:58,060 - INFO - [upgradebot.py:431] - --- Checking FIOUSDT (Price: $0.0128) ---
2025-10-28 13:32:59,838 - INFO - [upgradebot.py:455] - Balance $9.0367 meets minimum value $7.4891 for FIOUSDT. Proceeding with analysis.
2025-10-28 13:32:59,838 - INFO - [upgradebot.py:262] - Fetching 90 days of 240-min data for FIOUSDT...
2025-10-28 13:33:01,717 - INFO - [upgradebot.py:348] - FIOUSDT model trained. Accuracy: 0.88
2025-10-28 13:33:01,724 - INFO - [upgradebot.py:473] - [PREDICTION] FIOUSDT: HOLD at $0.01890
2025-10-28 13:33:03,432 - INFO - [upgradebot.py:304] - No active position found for FIOUSDT.
2025-10-28 13:33:03,437 - INFO - [upgradebot.py:546] - ML predicts HOLD for FIOUSDT. No action taken.
2025-10-28 13:33:04,438 - INFO - [upgradebot.py:431] - --- Checking FLMUSDT (Price: $0.0203) ---
2025-10-28 13:33:06,384 - INFO - [upgradebot.py:455] - Balance $9.0367 meets minimum value $7.5128 for FLMUSDT. Proceeding with analysis.
2025-10-28 13:33:06,385 - INFO - [upgradebot.py:262] - Fetching 90 days of 240-min data for FLMUSDT...
2025-10-28 13:33:08,351 - INFO - [upgradebot.py:348] - FLMUSDT model trained. Accuracy: 0.76
2025-10-28 13:33:08,360 - INFO - [upgradebot.py:473] - [PREDICTION] FLMUSDT: HOLD at $0.03553
2025-10-28 13:33:10,377 - INFO - [upgradebot.py:304] - No active position found for FLMUSDT.
2025-10-28 13:33:10,384 - INFO - [upgradebot.py:546] - ML predicts HOLD for FLMUSDT. No action taken.
2025-10-28 13:33:11,385 - INFO - [upgradebot.py:431] - --- Checking FLOCKUSDT (Price: $0.2381) ---
2025-10-28 13:33:13,182 - INFO - [upgradebot.py:455] - Balance $9.0367 meets minimum value $7.6189 for FLOCKUSDT. Proceeding with analysis.
2025-10-28 13:33:13,183 - INFO - [upgradebot.py:262] - Fetching 90 days of 240-min data for FLOCKUSDT...
2025-10-28 13:33:15,317 - INFO - [upgradebot.py:348] - FLOCKUSDT model trained. Accuracy: 0.71
2025-10-28 13:33:15,324 - INFO - [upgradebot.py:473] - [PREDICTION] FLOCKUSDT: BUY at $0.37116
2025-10-28 13:33:17,340 - INFO - [upgradebot.py:304] - No active position found for FLOCKUSDT.
2025-10-28 13:33:17,342 - INFO - [upgradebot.py:501] - Calculated LONG Intent: Qty~21.912464, Entry~$0.37042, TP~$0.38894, SL~$0.36301
2025-10-28 13:33:17,342 - INFO - [upgradebot.py:503] - Placing LONG Bracket Order...
2025-10-28 13:33:17,343 - ERROR - [upgradebot.py:386] - Final qty 21.0 < minimum 32.0. Cannot place entry.
2025-10-28 13:33:17,343 - ERROR - [upgradebot.py:509] - LONG Entry order failed for FLOCKUSDT. TP/SL not placed.
2025-10-28 13:33:18,344 - INFO - [upgradebot.py:431] - --- Checking FLOWUSDT (Price: $0.2760) ---
2025-10-28 13:33:20,256 - INFO - [upgradebot.py:455] - Balance $9.0367 meets minimum value $7.5072 for FLOWUSDT. Proceeding with analysis.
2025-10-28 13:33:20,257 - INFO - [upgradebot.py:262] - Fetching 90 days of 240-min data for FLOWUSDT...
2025-10-28 13:33:22,471 - INFO - [upgradebot.py:348] - FLOWUSDT model trained. Accuracy: 0.71
2025-10-28 13:33:22,479 - INFO - [upgradebot.py:473] - [PREDICTION] FLOWUSDT: HOLD at $0.3960
2025-10-28 13:33:24,369 - INFO - [upgradebot.py:304] - No active position found for FLOWUSDT.
2025-10-28 13:33:24,371 - INFO - [upgradebot.py:546] - ML predicts HOLD for FLOWUSDT. No action taken.
2025-10-28 13:33:25,372 - INFO - [upgradebot.py:431] - --- Checking FLRUSDT (Price: $0.0170) ---
2025-10-28 13:33:26,976 - INFO - [upgradebot.py:455] - Balance $9.0367 meets minimum value $7.4932 for FLRUSDT. Proceeding with analysis.
2025-10-28 13:33:26,977 - INFO - [upgradebot.py:262] - Fetching 90 days of 240-min data for FLRUSDT...
2025-10-28 13:33:28,957 - INFO - [upgradebot.py:348] - FLRUSDT model trained. Accuracy: 0.79
2025-10-28 13:33:28,966 - INFO - [upgradebot.py:473] - [PREDICTION] FLRUSDT: HOLD at $0.02358
2025-10-28 13:33:30,790 - INFO - [upgradebot.py:304] - No active position found for FLRUSDT.
2025-10-28 13:33:30,791 - INFO - [upgradebot.py:546] - ML predicts HOLD for FLRUSDT. No action taken.
2025-10-28 13:33:31,793 - INFO - [upgradebot.py:431] - --- Checking FLUIDUSDT (Price: $4.7180) ---
2025-10-28 13:33:33,614 - INFO - [upgradebot.py:455] - Balance $9.0367 meets minimum value $7.5488 for FLUIDUSDT. Proceeding with analysis.
2025-10-28 13:33:33,614 - INFO - [upgradebot.py:262] - Fetching 90 days of 240-min data for FLUIDUSDT...
2025-10-28 13:33:35,635 - INFO - [upgradebot.py:348] - FLUIDUSDT model trained. Accuracy: 0.84
2025-10-28 13:33:35,646 - INFO - [upgradebot.py:473] - [PREDICTION] FLUIDUSDT: SELL at $6.857
2025-10-28 13:33:37,782 - INFO - [upgradebot.py:304] - No active position found for FLUIDUSDT.
2025-10-28 13:33:37,784 - INFO - [upgradebot.py:523] - SELL signal for FLUIDUSDT. Considering SHORT entry.
2025-10-28 13:33:37,784 - INFO - [upgradebot.py:535] - Calculated SHORT Intent: Qty~1.186092, Entry~$6.871, TP~$6.527, SL~$7.008
2025-10-28 13:33:37,785 - INFO - [upgradebot.py:537] - Placing SHORT Bracket Order...
2025-10-28 13:33:37,785 - ERROR - [upgradebot.py:386] - Final qty 1.1 < minimum 1.6. Cannot place entry.
2025-10-28 13:33:37,786 - ERROR - [upgradebot.py:543] - SHORT Entry order failed for FLUIDUSDT. TP/SL not placed.
2025-10-28 13:33:38,786 - INFO - [upgradebot.py:431] - --- Checking FLUXUSDT (Price: $0.1222) ---
2025-10-28 13:33:43,928 - INFO - [upgradebot.py:455] - Balance $9.0367 meets minimum value $7.5764 for FLUXUSDT. Proceeding with analysis.
2025-10-28 13:33:43,928 - INFO - [upgradebot.py:262] - Fetching 90 days of 240-min data for FLUXUSDT...
2025-10-28 13:33:46,051 - INFO - [upgradebot.py:348] - FLUXUSDT model trained. Accuracy: 0.71
2025-10-28 13:33:46,061 - INFO - [upgradebot.py:473] - [PREDICTION] FLUXUSDT: HOLD at $0.2102
2025-10-28 13:33:47,990 - INFO - [upgradebot.py:304] - No active position found for FLUXUSDT.
2025-10-28 13:33:47,993 - INFO - [upgradebot.py:546] - ML predicts HOLD for FLUXUSDT. No action taken.
2025-10-28 13:33:48,994 - INFO - [upgradebot.py:431] - --- Checking FORMUSDT (Price: $0.6846) ---
2025-10-28 13:33:50,878 - INFO - [upgradebot.py:455] - Balance $9.0367 meets minimum value $7.5306 for FORMUSDT. Proceeding with analysis.
2025-10-28 13:33:50,879 - INFO - [upgradebot.py:262] - Fetching 90 days of 240-min data for FORMUSDT...
2025-10-28 13:33:53,237 - INFO - [upgradebot.py:348] - FORMUSDT model trained. Accuracy: 0.86
2025-10-28 13:33:53,249 - INFO - [upgradebot.py:473] - [PREDICTION] FORMUSDT: BUY at $2.1580
2025-10-28 13:33:55,483 - INFO - [upgradebot.py:304] - No active position found for FORMUSDT.
2025-10-28 13:33:55,485 - INFO - [upgradebot.py:501] - Calculated LONG Intent: Qty~3.768781, Entry~$2.1537, TP~$2.2614, SL~$2.1106
2025-10-28 13:33:55,485 - INFO - [upgradebot.py:503] - Placing LONG Bracket Order...
2025-10-28 13:33:55,486 - ERROR - [upgradebot.py:386] - Final qty 3.0 < minimum 11.0. Cannot place entry.
2025-10-28 13:33:55,486 - ERROR - [upgradebot.py:509] - LONG Entry order failed for FORMUSDT. TP/SL not placed.
2025-10-28 13:33:56,487 - INFO - [upgradebot.py:431] - --- Checking FORTHUSDT (Price: $2.3166) ---
2025-10-28 13:33:58,741 - INFO - [upgradebot.py:455] - Balance $9.0367 meets minimum value $7.6448 for FORTHUSDT. Proceeding with analysis.
2025-10-28 13:33:58,742 - INFO - [upgradebot.py:262] - Fetching 90 days of 240-min data for FORTHUSDT...
2025-10-28 13:34:02,403 - INFO - [upgradebot.py:348] - FORTHUSDT model trained. Accuracy: 0.88
2025-10-28 13:34:02,427 - INFO - [upgradebot.py:473] - [PREDICTION] FORTHUSDT: HOLD at $2.6446
2025-10-28 13:34:05,076 - INFO - [upgradebot.py:304] - No active position found for FORTHUSDT.
2025-10-28 13:34:05,079 - INFO - [upgradebot.py:546] - ML predicts HOLD for FORTHUSDT. No action taken.
2025-10-28 13:34:06,080 - INFO - [upgradebot.py:431] - --- Checking FWOGUSDT (Price: $0.0242) ---
2025-10-28 13:34:09,966 - INFO - [upgradebot.py:455] - Balance $9.0367 meets minimum value $7.4871 for FWOGUSDT. Proceeding with analysis.
2025-10-28 13:34:09,967 - INFO - [upgradebot.py:262] - Fetching 90 days of 240-min data for FWOGUSDT...
2025-10-28 13:34:15,779 - INFO - [upgradebot.py:348] - FWOGUSDT model trained. Accuracy: 0.71
2025-10-28 13:34:15,807 - INFO - [upgradebot.py:473] - [PREDICTION] FWOGUSDT: HOLD at $0.04144
2025-10-28 13:34:23,319 - INFO - [upgradebot.py:304] - No active position found for FWOGUSDT.
2025-10-28 13:34:23,331 - INFO - [upgradebot.py:546] - ML predicts HOLD for FWOGUSDT. No action taken.
2025-10-28 13:34:24,334 - INFO - [upgradebot.py:431] - --- Checking FXSUSDT (Price: $1.4680) ---
2025-10-28 13:34:35,264 - INFO - [upgradebot.py:455] - Balance $9.0367 meets minimum value $7.5015 for FXSUSDT. Proceeding with analysis.
2025-10-28 13:34:35,265 - INFO - [upgradebot.py:262] - Fetching 90 days of 240-min data for FXSUSDT...
2025-10-28 13:34:38,935 - INFO - [upgradebot.py:348] - FXSUSDT model trained. Accuracy: 0.79
2025-10-28 13:34:38,952 - INFO - [upgradebot.py:473] - [PREDICTION] FXSUSDT: HOLD at $2.6740
2025-10-28 13:34:42,043 - INFO - [upgradebot.py:304] - No active position found for FXSUSDT.
2025-10-28 13:34:42,048 - INFO - [upgradebot.py:546] - ML predicts HOLD for FXSUSDT. No action taken.
2025-10-28 13:34:43,050 - INFO - [upgradebot.py:431] - --- Checking GALAUSDT (Price: $0.0112) ---
2025-10-28 13:34:45,332 - INFO - [upgradebot.py:455] - Balance $9.0367 meets minimum value $7.5040 for GALAUSDT. Proceeding with analysis.
2025-10-28 13:34:45,333 - INFO - [upgradebot.py:262] - Fetching 90 days of 240-min data for GALAUSDT...
2025-10-28 13:34:47,805 - INFO - [upgradebot.py:348] - GALAUSDT model trained. Accuracy: 0.93
2025-10-28 13:34:47,820 - INFO - [upgradebot.py:473] - [PREDICTION] GALAUSDT: SELL at $0.01724
2025-10-28 13:34:50,118 - INFO - [upgradebot.py:304] - No active position found for GALAUSDT.
2025-10-28 13:34:50,120 - INFO - [upgradebot.py:523] - SELL signal for GALAUSDT. Considering SHORT entry.
2025-10-28 13:34:50,120 - INFO - [upgradebot.py:535] - Calculated SHORT Intent: Qty~471.753480, Entry~$0.01727, TP~$0.01641, SL~$0.01762
2025-10-28 13:34:50,121 - INFO - [upgradebot.py:537] - Placing SHORT Bracket Order...
2025-10-28 13:34:50,121 - ERROR - [upgradebot.py:386] - Final qty 471.0 < minimum 673.0. Cannot place entry.
2025-10-28 13:34:50,121 - ERROR - [upgradebot.py:543] - SHORT Entry order failed for GALAUSDT. TP/SL not placed.
2025-10-28 13:34:51,122 - INFO - [upgradebot.py:431] - --- Checking GASUSDT (Price: $2.6400) ---
2025-10-28 13:34:53,202 - INFO - [upgradebot.py:455] - Balance $9.0367 meets minimum value $7.6560 for GASUSDT. Proceeding with analysis.
2025-10-28 13:34:53,203 - INFO - [upgradebot.py:262] - Fetching 90 days of 240-min data for GASUSDT...
2025-10-28 13:34:55,965 - INFO - [upgradebot.py:348] - GASUSDT model trained. Accuracy: 0.76
2025-10-28 13:34:55,988 - INFO - [upgradebot.py:473] - [PREDICTION] GASUSDT: HOLD at $3.308
2025-10-28 13:34:58,436 - INFO - [upgradebot.py:304] - No active position found for GASUSDT.
2025-10-28 13:34:58,439 - INFO - [upgradebot.py:546] - ML predicts HOLD for GASUSDT. No action taken.
2025-10-28 13:34:59,440 - INFO - [upgradebot.py:431] - --- Checking GIGAUSDT (Price: $0.0068) ---
2025-10-28 13:35:01,754 - INFO - [upgradebot.py:455] - Balance $9.0367 meets minimum value $7.5004 for GIGAUSDT. Proceeding with analysis.
2025-10-28 13:35:01,755 - INFO - [upgradebot.py:262] - Fetching 90 days of 240-min data for GIGAUSDT...
2025-10-28 13:35:04,578 - INFO - [upgradebot.py:348] - GIGAUSDT model trained. Accuracy: 0.69
2025-10-28 13:35:04,587 - INFO - [upgradebot.py:473] - [PREDICTION] GIGAUSDT: HOLD at $0.011700
2025-10-28 13:35:06,598 - INFO - [upgradebot.py:304] - No active position found for GIGAUSDT.
2025-10-28 13:35:06,600 - INFO - [upgradebot.py:546] - ML predicts HOLD for GIGAUSDT. No action taken.
2025-10-28 13:35:07,601 - INFO - [upgradebot.py:431] - --- Checking GIGGLEUSDT (Price: $177.3700) ---
2025-10-28 13:35:09,676 - INFO - [upgradebot.py:455] - Balance $9.0367 meets minimum value $7.4495 for GIGGLEUSDT. Proceeding with analysis.
2025-10-28 13:35:09,677 - INFO - [upgradebot.py:262] - Fetching 90 days of 240-min data for GIGGLEUSDT...
2025-10-28 13:35:12,075 - INFO - [upgradebot.py:348] - GIGGLEUSDT model trained. Accuracy: 0.73
2025-10-28 13:35:12,084 - INFO - [upgradebot.py:473] - [PREDICTION] GIGGLEUSDT: BUY at $86.49
2025-10-28 13:35:14,401 - INFO - [upgradebot.py:304] - No active position found for GIGGLEUSDT.
2025-10-28 13:35:14,402 - INFO - [upgradebot.py:501] - Calculated LONG Intent: Qty~0.094034, Entry~$86.32, TP~$90.63, SL~$84.59
2025-10-28 13:35:14,403 - INFO - [upgradebot.py:503] - Placing LONG Bracket Order...
2025-10-28 13:35:14,403 - INFO - [upgradebot.py:392] - [ACTION] Submitting LIMIT BUY for GIGGLEUSDT (Qty: 0.094) @ Price: 86.32
2025-10-28 13:35:14,404 - INFO - [upgradebot.py:393] - [DRY-RUN] Would submit order: {"side": "BUY", "symbol": "GIGGLEUSDT", "order_type": "LIMIT", "quantity": 0.094, "exchange": "EXCHANGE_2", "price": 86.32}
2025-10-28 13:35:14,404 - INFO - [upgradebot.py:392] - [ACTION] Submitting TAKE_PROFIT_MARKET SELL for GIGGLEUSDT (Qty: 0) @ Trigger: 90.63
2025-10-28 13:35:14,404 - INFO - [upgradebot.py:393] - [DRY-RUN] Would submit order: {"side": "SELL", "symbol": "GIGGLEUSDT", "order_type": "TAKE_PROFIT_MARKET", "quantity": 0, "exchange": "EXCHANGE_2", "trigger_price": 90.63, "reduce_only": true}
2025-10-28 13:35:14,405 - INFO - [upgradebot.py:392] - [ACTION] Submitting STOP_MARKET SELL for GIGGLEUSDT (Qty: 0) @ Trigger: 84.59
2025-10-28 13:35:14,405 - INFO - [upgradebot.py:393] - [DRY-RUN] Would submit order: {"side": "SELL", "symbol": "GIGGLEUSDT", "order_type": "STOP_MARKET", "quantity": 0, "exchange": "EXCHANGE_2", "trigger_price": 84.59, "reduce_only": true}
2025-10-28 13:35:15,406 - INFO - [upgradebot.py:431] - --- Checking GLMUSDT (Price: $0.1805) ---
2025-10-28 13:35:17,276 - INFO - [upgradebot.py:455] - Balance $9.0367 meets minimum value $7.5818 for GLMUSDT. Proceeding with analysis.
2025-10-28 13:35:17,277 - INFO - [upgradebot.py:262] - Fetching 90 days of 240-min data for GLMUSDT...
2025-10-28 13:35:19,782 - INFO - [upgradebot.py:348] - GLMUSDT model trained. Accuracy: 0.74
2025-10-28 13:35:19,790 - INFO - [upgradebot.py:473] - [PREDICTION] GLMUSDT: HOLD at $0.24367
2025-10-28 13:35:21,924 - INFO - [upgradebot.py:304] - No active position found for GLMUSDT.
2025-10-28 13:35:21,925 - INFO - [upgradebot.py:546] - ML predicts HOLD for GLMUSDT. No action taken.
2025-10-28 13:35:22,926 - INFO - [upgradebot.py:431] - --- Checking GLMRUSDT (Price: $0.0391) ---
2025-10-28 13:35:24,943 - INFO - [upgradebot.py:455] - Balance $9.0367 meets minimum value $7.4955 for GLMRUSDT. Proceeding with analysis.
2025-10-28 13:35:24,944 - INFO - [upgradebot.py:262] - Fetching 90 days of 240-min data for GLMRUSDT...
2025-10-28 13:35:27,832 - INFO - [upgradebot.py:348] - GLMRUSDT model trained. Accuracy: 0.79
2025-10-28 13:35:27,842 - INFO - [upgradebot.py:473] - [PREDICTION] GLMRUSDT: BUY at $0.06570
2025-10-28 13:35:30,083 - INFO - [upgradebot.py:304] - No active position found for GLMRUSDT.
2025-10-28 13:35:30,085 - INFO - [upgradebot.py:501] - Calculated LONG Intent: Qty~123.790411, Entry~$0.06557, TP~$0.06885, SL~$0.06426
2025-10-28 13:35:30,085 - INFO - [upgradebot.py:503] - Placing LONG Bracket Order...
2025-10-28 13:35:30,086 - ERROR - [upgradebot.py:386] - Final qty 123.7 < minimum 191.7. Cannot place entry.
2025-10-28 13:35:30,086 - ERROR - [upgradebot.py:509] - LONG Entry order failed for GLMRUSDT. TP/SL not placed.
2025-10-28 13:35:31,087 - INFO - [upgradebot.py:431] - --- Checking GMTUSDT (Price: $0.0278) ---
2025-10-28 13:35:33,732 - INFO - [upgradebot.py:455] - Balance $9.0367 meets minimum value $7.5230 for GMTUSDT. Proceeding with analysis.
2025-10-28 13:35:33,732 - INFO - [upgradebot.py:262] - Fetching 90 days of 240-min data for GMTUSDT...
2025-10-28 13:35:36,620 - INFO - [upgradebot.py:348] - GMTUSDT model trained. Accuracy: 0.76
2025-10-28 13:35:36,631 - INFO - [upgradebot.py:473] - [PREDICTION] GMTUSDT: SELL at $0.04181
2025-10-28 13:35:38,788 - INFO - [upgradebot.py:304] - No active position found for GMTUSDT.
2025-10-28 13:35:38,790 - INFO - [upgradebot.py:523] - SELL signal for GMTUSDT. Considering SHORT entry.
2025-10-28 13:35:38,790 - INFO - [upgradebot.py:535] - Calculated SHORT Intent: Qty~194.523559, Entry~$0.04189, TP~$0.03980, SL~$0.04273
2025-10-28 13:35:38,791 - INFO - [upgradebot.py:537] - Placing SHORT Bracket Order...
2025-10-28 13:35:38,791 - ERROR - [upgradebot.py:386] - Final qty 194.0 < minimum 271.0. Cannot place entry.
2025-10-28 13:35:38,792 - ERROR - [upgradebot.py:543] - SHORT Entry order failed for GMTUSDT. TP/SL not placed.
2025-10-28 13:35:39,792 - INFO - [upgradebot.py:431] - --- Checking GMXUSDT (Price: $10.4490) ---
2025-10-28 13:35:42,288 - INFO - [upgradebot.py:455] - Balance $9.0367 meets minimum value $7.5233 for GMXUSDT. Proceeding with analysis.
2025-10-28 13:35:42,288 - INFO - [upgradebot.py:262] - Fetching 90 days of 240-min data for GMXUSDT...
2025-10-28 13:35:45,007 - INFO - [upgradebot.py:348] - GMXUSDT model trained. Accuracy: 0.76
2025-10-28 13:35:45,020 - INFO - [upgradebot.py:473] - [PREDICTION] GMXUSDT: BUY at $15.064
2025-10-28 13:35:47,785 - INFO - [upgradebot.py:304] - No active position found for GMXUSDT.
2025-10-28 13:35:47,787 - INFO - [upgradebot.py:501] - Calculated LONG Intent: Qty~0.539898, Entry~$15.034, TP~$15.786, SL~$14.733
2025-10-28 13:35:47,788 - INFO - [upgradebot.py:503] - Placing LONG Bracket Order...
2025-10-28 13:35:47,788 - ERROR - [upgradebot.py:386] - Final qty 0.53 < minimum 0.72. Cannot place entry.
2025-10-28 13:35:47,789 - ERROR - [upgradebot.py:509] - LONG Entry order failed for GMXUSDT. TP/SL not placed.
2025-10-28 13:35:48,789 - INFO - [upgradebot.py:431] - --- Checking GNOUSDT (Price: $137.7800) ---
2025-10-28 13:35:51,956 - INFO - [upgradebot.py:455] - Balance $9.0367 meets minimum value $7.5779 for GNOUSDT. Proceeding with analysis.
2025-10-28 13:35:51,957 - INFO - [upgradebot.py:262] - Fetching 90 days of 240-min data for GNOUSDT...
2025-10-28 13:35:55,360 - INFO - [upgradebot.py:348] - GNOUSDT model trained. Accuracy: 0.93
2025-10-28 13:35:55,372 - INFO - [upgradebot.py:473] - [PREDICTION] GNOUSDT: SELL at $142.95
2025-10-28 13:35:58,439 - INFO - [upgradebot.py:304] - No active position found for GNOUSDT.
2025-10-28 13:35:58,444 - INFO - [upgradebot.py:523] - SELL signal for GNOUSDT. Considering SHORT entry.
2025-10-28 13:35:58,444 - INFO - [upgradebot.py:535] - Calculated SHORT Intent: Qty~0.056894, Entry~$143.24, TP~$136.07, SL~$146.10
2025-10-28 13:35:58,445 - INFO - [upgradebot.py:537] - Placing SHORT Bracket Order...
2025-10-28 13:35:58,446 - INFO - [upgradebot.py:392] - [ACTION] Submitting LIMIT SELL for GNOUSDT (Qty: 0.056) @ Price: 143.24
2025-10-28 13:35:58,446 - INFO - [upgradebot.py:393] - [DRY-RUN] Would submit order: {"side": "SELL", "symbol": "GNOUSDT", "order_type": "LIMIT", "quantity": 0.056, "exchange": "EXCHANGE_2", "price": 143.24}
2025-10-28 13:35:58,447 - INFO - [upgradebot.py:392] - [ACTION] Submitting TAKE_PROFIT_MARKET BUY for GNOUSDT (Qty: 0) @ Trigger: 136.07
2025-10-28 13:35:58,448 - INFO - [upgradebot.py:393] - [DRY-RUN] Would submit order: {"side": "BUY", "symbol": "GNOUSDT", "order_type": "TAKE_PROFIT_MARKET", "quantity": 0, "exchange": "EXCHANGE_2", "trigger_price": 136.07, "reduce_only": true}
2025-10-28 13:35:58,449 - INFO - [upgradebot.py:392] - [ACTION] Submitting STOP_MARKET BUY for GNOUSDT (Qty: 0) @ Trigger: 146.1
2025-10-28 13:35:58,449 - INFO - [upgradebot.py:393] - [DRY-RUN] Would submit order: {"side": "BUY", "symbol": "GNOUSDT", "order_type": "STOP_MARKET", "quantity": 0, "exchange": "EXCHANGE_2", "trigger_price": 146.1, "reduce_only": true}
2025-10-28 13:35:59,450 - INFO - [upgradebot.py:431] - --- Checking GOATUSDT (Price: $0.0547) ---
2025-10-28 13:36:03,563 - INFO - [upgradebot.py:455] - Balance $9.0367 meets minimum value $7.4966 for GOATUSDT. Proceeding with analysis.
2025-10-28 13:36:03,564 - INFO - [upgradebot.py:262] - Fetching 90 days of 240-min data for GOATUSDT...
2025-10-28 13:36:08,717 - INFO - [upgradebot.py:348] - GOATUSDT model trained. Accuracy: 0.67
2025-10-28 13:36:08,740 - INFO - [upgradebot.py:473] - [PREDICTION] GOATUSDT: HOLD at $0.10138
2025-10-28 13:36:13,304 - INFO - [upgradebot.py:304] - No active position found for GOATUSDT.
2025-10-28 13:36:13,309 - INFO - [upgradebot.py:546] - ML predicts HOLD for GOATUSDT. No action taken.
2025-10-28 13:36:14,310 - INFO - [upgradebot.py:431] - --- Checking GODSUSDT (Price: $0.0908) ---
2025-10-28 13:36:19,854 - INFO - [upgradebot.py:455] - Balance $9.0367 meets minimum value $7.5356 for GODSUSDT. Proceeding with analysis.
2025-10-28 13:36:19,856 - INFO - [upgradebot.py:262] - Fetching 90 days of 240-min data for GODSUSDT...
2025-10-28 13:36:26,978 - INFO - [upgradebot.py:348] - GODSUSDT model trained. Accuracy: 0.71
2025-10-28 13:36:27,066 - INFO - [upgradebot.py:473] - [PREDICTION] GODSUSDT: HOLD at $0.11710
2025-10-28 13:36:40,059 - INFO - [upgradebot.py:304] - No active position found for GODSUSDT.
2025-10-28 13:36:40,081 - INFO - [upgradebot.py:546] - ML predicts HOLD for GODSUSDT. No action taken.
2025-10-28 13:36:41,084 - INFO - [upgradebot.py:431] - --- Checking GPSUSDT (Price: $0.0087) ---
2025-10-28 13:36:49,109 - INFO - [upgradebot.py:455] - Balance $9.0367 meets minimum value $7.5247 for GPSUSDT. Proceeding with analysis.
2025-10-28 13:36:49,109 - INFO - [upgradebot.py:262] - Fetching 90 days of 240-min data for GPSUSDT...
2025-10-28 13:36:53,977 - INFO - [upgradebot.py:348] - GPSUSDT model trained. Accuracy: 0.74
2025-10-28 13:36:54,000 - INFO - [upgradebot.py:473] - [PREDICTION] GPSUSDT: HOLD at $0.013560
2025-10-28 13:36:58,898 - INFO - [upgradebot.py:304] - No active position found for GPSUSDT.
2025-10-28 13:36:58,902 - INFO - [upgradebot.py:546] - ML predicts HOLD for GPSUSDT. No action taken.
2025-10-28 13:36:59,903 - INFO - [upgradebot.py:431] - --- Checking GRASSUSDT (Price: $0.4094) ---
2025-10-28 13:37:02,822 - INFO - [upgradebot.py:455] - Balance $9.0367 meets minimum value $7.7786 for GRASSUSDT. Proceeding with analysis.
2025-10-28 13:37:02,822 - INFO - [upgradebot.py:262] - Fetching 90 days of 240-min data for GRASSUSDT...
2025-10-28 13:37:06,127 - INFO - [upgradebot.py:348] - GRASSUSDT model trained. Accuracy: 0.69
2025-10-28 13:37:06,139 - INFO - [upgradebot.py:473] - [PREDICTION] GRASSUSDT: BUY at $0.7774
2025-10-28 13:37:08,495 - INFO - [upgradebot.py:304] - No active position found for GRASSUSDT.
2025-10-28 13:37:08,498 - INFO - [upgradebot.py:501] - Calculated LONG Intent: Qty~10.461834, Entry~$0.7758, TP~$0.8146, SL~$0.7603
2025-10-28 13:37:08,499 - INFO - [upgradebot.py:503] - Placing LONG Bracket Order...
2025-10-28 13:37:08,499 - ERROR - [upgradebot.py:386] - Final qty 10.0 < minimum 19.0. Cannot place entry.
2025-10-28 13:37:08,500 - ERROR - [upgradebot.py:509] - LONG Entry order failed for GRASSUSDT. TP/SL not placed.
2025-10-28 13:37:09,500 - INFO - [upgradebot.py:431] - --- Checking GRIFFAINUSDT (Price: $0.0204) ---
2025-10-28 13:37:11,873 - INFO - [upgradebot.py:455] - Balance $9.0367 meets minimum value $7.4978 for GRIFFAINUSDT. Proceeding with analysis.
2025-10-28 13:37:11,873 - INFO - [upgradebot.py:262] - Fetching 90 days of 240-min data for GRIFFAINUSDT...
2025-10-28 13:37:14,675 - INFO - [upgradebot.py:348] - GRIFFAINUSDT model trained. Accuracy: 0.74
2025-10-28 13:37:14,689 - INFO - [upgradebot.py:473] - [PREDICTION] GRIFFAINUSDT: SELL at $0.04130
2025-10-28 13:37:17,059 - INFO - [upgradebot.py:304] - No active position found for GRIFFAINUSDT.
2025-10-28 13:37:17,062 - INFO - [upgradebot.py:523] - SELL signal for GRIFFAINUSDT. Considering SHORT entry.
2025-10-28 13:37:17,062 - INFO - [upgradebot.py:535] - Calculated SHORT Intent: Qty~196.925666, Entry~$0.04138, TP~$0.03931, SL~$0.04221
2025-10-28 13:37:17,063 - INFO - [upgradebot.py:537] - Placing SHORT Bracket Order...
2025-10-28 13:37:17,063 - ERROR - [upgradebot.py:386] - Final qty 196.0 < minimum 367.0. Cannot place entry.
2025-10-28 13:37:17,063 - ERROR - [upgradebot.py:543] - SHORT Entry order failed for GRIFFAINUSDT. TP/SL not placed.
2025-10-28 13:37:18,064 - INFO - [upgradebot.py:431] - --- Checking GRTUSDT (Price: $0.0648) ---
2025-10-28 13:37:20,560 - INFO - [upgradebot.py:455] - Balance $9.0367 meets minimum value $7.4874 for GRTUSDT. Proceeding with analysis.
2025-10-28 13:37:20,560 - INFO - [upgradebot.py:262] - Fetching 90 days of 240-min data for GRTUSDT...
2025-10-28 13:37:23,328 - INFO - [upgradebot.py:348] - GRTUSDT model trained. Accuracy: 0.83
2025-10-28 13:37:23,339 - INFO - [upgradebot.py:473] - [PREDICTION] GRTUSDT: HOLD at $0.09497
2025-10-28 13:37:25,596 - INFO - [upgradebot.py:304] - No active position found for GRTUSDT.
2025-10-28 13:37:25,599 - INFO - [upgradebot.py:546] - ML predicts HOLD for GRTUSDT. No action taken.
2025-10-28 13:37:26,600 - INFO - [upgradebot.py:431] - --- Checking GTCUSDT (Price: $0.2074) ---
2025-10-28 13:37:29,335 - INFO - [upgradebot.py:455] - Balance $9.0367 meets minimum value $7.4871 for GTCUSDT. Proceeding with analysis.
2025-10-28 13:37:29,336 - INFO - [upgradebot.py:262] - Fetching 90 days of 240-min data for GTCUSDT...
2025-10-28 13:37:32,957 - INFO - [upgradebot.py:348] - GTCUSDT model trained. Accuracy: 0.78
2025-10-28 13:37:32,972 - INFO - [upgradebot.py:473] - [PREDICTION] GTCUSDT: HOLD at $0.3538
2025-10-28 13:37:36,088 - INFO - [upgradebot.py:304] - No active position found for GTCUSDT.
2025-10-28 13:37:36,091 - INFO - [upgradebot.py:546] - ML predicts HOLD for GTCUSDT. No action taken.
2025-10-28 13:37:37,092 - INFO - [upgradebot.py:431] - --- Checking GUNUSDT (Price: $0.0185) ---
2025-10-28 13:37:39,895 - INFO - [upgradebot.py:455] - Balance $9.0367 meets minimum value $7.5110 for GUNUSDT. Proceeding with analysis.
2025-10-28 13:37:39,896 - INFO - [upgradebot.py:262] - Fetching 90 days of 240-min data for GUNUSDT...
2025-10-28 13:37:43,690 - INFO - [upgradebot.py:348] - GUNUSDT model trained. Accuracy: 0.81
2025-10-28 13:37:43,715 - INFO - [upgradebot.py:473] - [PREDICTION] GUNUSDT: HOLD at $0.02497
2025-10-28 13:37:47,070 - INFO - [upgradebot.py:304] - No active position found for GUNUSDT.
2025-10-28 13:37:47,073 - INFO - [upgradebot.py:546] - ML predicts HOLD for GUNUSDT. No action taken.
2025-10-28 13:37:48,074 - INFO - [upgradebot.py:431] - --- Checking HUSDT (Price: $0.3118) ---
2025-10-28 13:37:51,774 - INFO - [upgradebot.py:455] - Balance $9.0367 meets minimum value $7.7942 for HUSDT. Proceeding with analysis.
2025-10-28 13:37:51,775 - INFO - [upgradebot.py:262] - Fetching 90 days of 240-min data for HUSDT...
2025-10-28 13:37:58,531 - INFO - [upgradebot.py:348] - HUSDT model trained. Accuracy: 0.74
2025-10-28 13:37:58,604 - INFO - [upgradebot.py:473] - [PREDICTION] HUSDT: SELL at $0.047682
2025-10-28 13:38:07,071 - INFO - [upgradebot.py:304] - No active position found for HUSDT.
2025-10-28 13:38:07,089 - INFO - [upgradebot.py:523] - SELL signal for HUSDT. Considering SHORT entry.
2025-10-28 13:38:07,092 - INFO - [upgradebot.py:535] - Calculated SHORT Intent: Qty~170.568139, Entry~$0.047777, TP~$0.045388, SL~$0.048733
2025-10-28 13:38:07,097 - INFO - [upgradebot.py:537] - Placing SHORT Bracket Order...
2025-10-28 13:38:07,101 - INFO - [upgradebot.py:392] - [ACTION] Submitting LIMIT SELL for HUSDT (Qty: 170.0) @ Price: 0.047777
2025-10-28 13:38:07,106 - INFO - [upgradebot.py:393] - [DRY-RUN] Would submit order: {"side": "SELL", "symbol": "HUSDT", "order_type": "LIMIT", "quantity": 170.0, "exchange": "EXCHANGE_2", "price": 0.047777}
2025-10-28 13:38:07,112 - INFO - [upgradebot.py:392] - [ACTION] Submitting TAKE_PROFIT_MARKET BUY for HUSDT (Qty: 0) @ Trigger: 0.045388
2025-10-28 13:38:07,119 - INFO - [upgradebot.py:393] - [DRY-RUN] Would submit order: {"side": "BUY", "symbol": "HUSDT", "order_type": "TAKE_PROFIT_MARKET", "quantity": 0, "exchange": "EXCHANGE_2", "trigger_price": 0.045388, "reduce_only": true}
2025-10-28 13:38:07,147 - INFO - [upgradebot.py:392] - [ACTION] Submitting STOP_MARKET BUY for HUSDT (Qty: 0) @ Trigger: 0.048733
2025-10-28 13:38:07,153 - INFO - [upgradebot.py:393] - [DRY-RUN] Would submit order: {"side": "BUY", "symbol": "HUSDT", "order_type": "STOP_MARKET", "quantity": 0, "exchange": "EXCHANGE_2", "trigger_price": 0.048733, "reduce_only": true}
2025-10-28 13:38:08,156 - INFO - [upgradebot.py:431] - --- Checking HAEDALUSDT (Price: $0.0935) ---
2025-10-28 13:38:21,364 - INFO - [upgradebot.py:455] - Balance $9.0367 meets minimum value $7.5727 for HAEDALUSDT. Proceeding with analysis.
2025-10-28 13:38:21,366 - INFO - [upgradebot.py:262] - Fetching 90 days of 240-min data for HAEDALUSDT...
2025-10-28 13:38:31,720 - INFO - [upgradebot.py:348] - HAEDALUSDT model trained. Accuracy: 0.76
2025-10-28 13:38:31,769 - INFO - [upgradebot.py:473] - [PREDICTION] HAEDALUSDT: BUY at $0.14326
2025-10-28 13:38:36,104 - INFO - [upgradebot.py:304] - No active position found for HAEDALUSDT.
2025-10-28 13:38:36,109 - INFO - [upgradebot.py:501] - Calculated LONG Intent: Qty~56.771115, Entry~$0.14297, TP~$0.15012, SL~$0.14011
2025-10-28 13:38:36,110 - INFO - [upgradebot.py:503] - Placing LONG Bracket Order...
2025-10-28 13:38:36,111 - ERROR - [upgradebot.py:386] - Final qty 50.0 < minimum 81.0. Cannot place entry.
2025-10-28 13:38:36,113 - ERROR - [upgradebot.py:509] - LONG Entry order failed for HAEDALUSDT. TP/SL not placed.
2025-10-28 13:38:37,114 - INFO - [upgradebot.py:431] - --- Checking HANAUSDT (Price: $0.0453) ---
2025-10-28 13:38:39,753 - INFO - [upgradebot.py:455] - Balance $9.0367 meets minimum value $7.5132 for HANAUSDT. Proceeding with analysis.
2025-10-28 13:38:39,754 - INFO - [upgradebot.py:262] - Fetching 90 days of 240-min data for HANAUSDT...
2025-10-28 13:38:42,900 - WARNING - [upgradebot.py:335] - Not enough hist data for HANAUSDT (65<100). Skip train.
2025-10-28 13:38:42,901 - INFO - [upgradebot.py:473] - [PREDICTION] HANAUSDT: HOLD at $0.05335
2025-10-28 13:38:45,477 - INFO - [upgradebot.py:304] - No active position found for HANAUSDT.
2025-10-28 13:38:45,481 - INFO - [upgradebot.py:546] - ML predicts HOLD for HANAUSDT. No action taken.
2025-10-28 13:38:46,483 - INFO - [upgradebot.py:431] - --- Checking HBARUSDT (Price: $0.2113) ---
2025-10-28 13:38:48,305 - INFO - [upgradebot.py:455] - Balance $9.0367 meets minimum value $7.6054 for HBARUSDT. Proceeding with analysis.
2025-10-28 13:38:48,306 - INFO - [upgradebot.py:262] - Fetching 90 days of 240-min data for HBARUSDT...
2025-10-28 13:38:50,635 - INFO - [upgradebot.py:348] - HBARUSDT model trained. Accuracy: 0.76
2025-10-28 13:38:50,643 - INFO - [upgradebot.py:473] - [PREDICTION] HBARUSDT: HOLD at $0.23757
2025-10-28 13:38:52,511 - INFO - [upgradebot.py:304] - No active position found for HBARUSDT.
2025-10-28 13:38:52,513 - INFO - [upgradebot.py:546] - ML predicts HOLD for HBARUSDT. No action taken.
2025-10-28 13:38:53,514 - INFO - [upgradebot.py:431] - --- Checking HEIUSDT (Price: $0.2392) ---
2025-10-28 13:38:55,266 - INFO - [upgradebot.py:455] - Balance $9.0367 meets minimum value $7.5348 for HEIUSDT. Proceeding with analysis.
2025-10-28 13:38:55,266 - INFO - [upgradebot.py:262] - Fetching 90 days of 240-min data for HEIUSDT...
2025-10-28 13:38:57,180 - INFO - [upgradebot.py:348] - HEIUSDT model trained. Accuracy: 0.76
2025-10-28 13:38:57,188 - INFO - [upgradebot.py:473] - [PREDICTION] HEIUSDT: HOLD at $0.4183
2025-10-28 13:38:59,657 - INFO - [upgradebot.py:304] - No active position found for HEIUSDT.
2025-10-28 13:38:59,661 - INFO - [upgradebot.py:546] - ML predicts HOLD for HEIUSDT. No action taken.
2025-10-28 13:39:00,662 - INFO - [upgradebot.py:431] - --- Checking HEMIUSDT (Price: $0.0541) ---
2025-10-28 13:39:02,602 - INFO - [upgradebot.py:455] - Balance $9.0367 meets minimum value $7.5199 for HEMIUSDT. Proceeding with analysis.
2025-10-28 13:39:02,602 - INFO - [upgradebot.py:262] - Fetching 90 days of 240-min data for HEMIUSDT...
2025-10-28 13:39:04,780 - INFO - [upgradebot.py:348] - HEMIUSDT model trained. Accuracy: 0.62
2025-10-28 13:39:04,788 - INFO - [upgradebot.py:473] - [PREDICTION] HEMIUSDT: BUY at $0.16239
2025-10-28 13:39:07,203 - INFO - [upgradebot.py:304] - No active position found for HEMIUSDT.
2025-10-28 13:39:07,205 - INFO - [upgradebot.py:501] - Calculated LONG Intent: Qty~50.083318, Entry~$0.16207, TP~$0.17017, SL~$0.15882
2025-10-28 13:39:07,205 - INFO - [upgradebot.py:503] - Placing LONG Bracket Order...
2025-10-28 13:39:07,205 - ERROR - [upgradebot.py:386] - Final qty 50.0 < minimum 139.0. Cannot place entry.
2025-10-28 13:39:07,206 - ERROR - [upgradebot.py:509] - LONG Entry order failed for HEMIUSDT. TP/SL not placed.
2025-10-28 13:39:08,206 - INFO - [upgradebot.py:431] - --- Checking HFTUSDT (Price: $0.0505) ---
2025-10-28 13:39:10,020 - INFO - [upgradebot.py:455] - Balance $9.0367 meets minimum value $7.5215 for HFTUSDT. Proceeding with analysis.
2025-10-28 13:39:10,021 - INFO - [upgradebot.py:262] - Fetching 90 days of 240-min data for HFTUSDT...
2025-10-28 13:39:11,937 - INFO - [upgradebot.py:348] - HFTUSDT model trained. Accuracy: 0.74
2025-10-28 13:39:11,944 - INFO - [upgradebot.py:473] - [PREDICTION] HFTUSDT: HOLD at $0.08887
2025-10-28 13:39:13,711 - INFO - [upgradebot.py:304] - No active position found for HFTUSDT.
2025-10-28 13:39:13,714 - INFO - [upgradebot.py:546] - ML predicts HOLD for HFTUSDT. No action taken.
2025-10-28 13:39:14,714 - INFO - [upgradebot.py:431] - --- Checking HIFIUSDT (Price: $0.0535) ---
2025-10-28 13:39:16,787 - INFO - [upgradebot.py:455] - Balance $9.0367 meets minimum value $7.5491 for HIFIUSDT. Proceeding with analysis.
2025-10-28 13:39:16,788 - INFO - [upgradebot.py:262] - Fetching 90 days of 240-min data for HIFIUSDT...
2025-10-28 13:39:18,963 - INFO - [upgradebot.py:348] - HIFIUSDT model trained. Accuracy: 0.71
2025-10-28 13:39:18,978 - INFO - [upgradebot.py:473] - [PREDICTION] HIFIUSDT: SELL at $0.11899
2025-10-28 13:39:20,932 - INFO - [upgradebot.py:304] - No active position found for HIFIUSDT.
2025-10-28 13:39:20,934 - INFO - [upgradebot.py:523] - SELL signal for HIFIUSDT. Considering SHORT entry.
2025-10-28 13:39:20,935 - INFO - [upgradebot.py:535] - Calculated SHORT Intent: Qty~68.350534, Entry~$0.11923, TP~$0.11327, SL~$0.12161
2025-10-28 13:39:20,935 - INFO - [upgradebot.py:537] - Placing SHORT Bracket Order...
2025-10-28 13:39:20,936 - ERROR - [upgradebot.py:386] - Final qty 68.0 < minimum 141.0. Cannot place entry.
2025-10-28 13:39:20,936 - ERROR - [upgradebot.py:543] - SHORT Entry order failed for HIFIUSDT. TP/SL not placed.
2025-10-28 13:39:21,937 - INFO - [upgradebot.py:431] - --- Checking HIGHUSDT (Price: $0.3059) ---
2025-10-28 13:39:23,898 - INFO - [upgradebot.py:455] - Balance $9.0367 meets minimum value $7.5251 for HIGHUSDT. Proceeding with analysis.
2025-10-28 13:39:23,899 - INFO - [upgradebot.py:262] - Fetching 90 days of 240-min data for HIGHUSDT...
2025-10-28 13:39:25,911 - INFO - [upgradebot.py:348] - HIGHUSDT model trained. Accuracy: 0.76
2025-10-28 13:39:25,919 - INFO - [upgradebot.py:473] - [PREDICTION] HIGHUSDT: HOLD at $0.5594
2025-10-28 13:39:28,044 - INFO - [upgradebot.py:304] - No active position found for HIGHUSDT.
2025-10-28 13:39:28,045 - INFO - [upgradebot.py:546] - ML predicts HOLD for HIGHUSDT. No action taken.
2025-10-28 13:39:29,046 - INFO - [upgradebot.py:431] - --- Checking HIPPOUSDT (Price: $0.0017) ---
2025-10-28 13:39:31,255 - INFO - [upgradebot.py:455] - Balance $9.0367 meets minimum value $7.4883 for HIPPOUSDT. Proceeding with analysis.
2025-10-28 13:39:31,256 - INFO - [upgradebot.py:262] - Fetching 90 days of 240-min data for HIPPOUSDT...
2025-10-28 13:39:33,562 - INFO - [upgradebot.py:348] - HIPPOUSDT model trained. Accuracy: 0.56
2025-10-28 13:39:33,571 - INFO - [upgradebot.py:473] - [PREDICTION] HIPPOUSDT: BUY at $0.002024
2025-10-28 13:39:35,740 - INFO - [upgradebot.py:304] - No active position found for HIPPOUSDT.
2025-10-28 13:39:35,745 - INFO - [upgradebot.py:501] - Calculated LONG Intent: Qty~4018.295455, Entry~$0.002020, TP~$0.002121, SL~$0.001980
2025-10-28 13:39:35,745 - INFO - [upgradebot.py:503] - Placing LONG Bracket Order...
2025-10-28 13:39:35,746 - ERROR - [upgradebot.py:386] - Final qty 4010.0 < minimum 4316.0. Cannot place entry.
2025-10-28 13:39:35,747 - ERROR - [upgradebot.py:509] - LONG Entry order failed for HIPPOUSDT. TP/SL not placed.
2025-10-28 13:39:36,748 - INFO - [upgradebot.py:431] - --- Checking HIVEUSDT (Price: $0.1357) ---
2025-10-28 13:39:38,385 - INFO - [upgradebot.py:455] - Balance $9.0367 meets minimum value $7.5992 for HIVEUSDT. Proceeding with analysis.
2025-10-28 13:39:38,386 - INFO - [upgradebot.py:262] - Fetching 90 days of 240-min data for HIVEUSDT...
2025-10-28 13:39:40,880 - INFO - [upgradebot.py:348] - HIVEUSDT model trained. Accuracy: 0.86
2025-10-28 13:39:40,896 - INFO - [upgradebot.py:473] - [PREDICTION] HIVEUSDT: HOLD at $0.2062
2025-10-28 13:39:43,773 - INFO - [upgradebot.py:304] - No active position found for HIVEUSDT.
2025-10-28 13:39:43,776 - INFO - [upgradebot.py:546] - ML predicts HOLD for HIVEUSDT. No action taken.
2025-10-28 13:39:44,776 - INFO - [upgradebot.py:431] - --- Checking HMSTRUSDT (Price: $0.0004) ---
2025-10-28 13:39:47,377 - INFO - [upgradebot.py:455] - Balance $9.0367 meets minimum value $7.4879 for HMSTRUSDT. Proceeding with analysis.
2025-10-28 13:39:47,377 - INFO - [upgradebot.py:262] - Fetching 90 days of 240-min data for HMSTRUSDT...
2025-10-28 13:39:51,572 - INFO - [upgradebot.py:348] - HMSTRUSDT model trained. Accuracy: 0.71
2025-10-28 13:39:51,603 - INFO - [upgradebot.py:473] - [PREDICTION] HMSTRUSDT: SELL at $0.0007260
2025-10-28 13:39:55,265 - INFO - [upgradebot.py:304] - No active position found for HMSTRUSDT.
2025-10-28 13:39:55,269 - INFO - [upgradebot.py:523] - SELL signal for HMSTRUSDT. Considering SHORT entry.
2025-10-28 13:39:55,269 - INFO - [upgradebot.py:535] - Calculated SHORT Intent: Qty~11202.520661, Entry~$0.0007275, TP~$0.0006911, SL~$0.0007420
2025-10-28 13:39:55,270 - INFO - [upgradebot.py:537] - Placing SHORT Bracket Order...
2025-10-28 13:39:55,270 - ERROR - [upgradebot.py:386] - Final qty 11200.0 < minimum 17769.0. Cannot place entry.
2025-10-28 13:39:55,271 - ERROR - [upgradebot.py:543] - SHORT Entry order failed for HMSTRUSDT. TP/SL not placed.
2025-10-28 13:39:56,272 - INFO - [upgradebot.py:431] - --- Checking HNTUSDT (Price: $2.2920) ---
2025-10-28 13:39:59,891 - INFO - [upgradebot.py:455] - Balance $9.0367 meets minimum value $7.5178 for HNTUSDT. Proceeding with analysis.
2025-10-28 13:39:59,892 - INFO - [upgradebot.py:262] - Fetching 90 days of 240-min data for HNTUSDT...
2025-10-28 13:40:05,924 - INFO - [upgradebot.py:348] - HNTUSDT model trained. Accuracy: 0.79
2025-10-28 13:40:05,963 - INFO - [upgradebot.py:473] - [PREDICTION] HNTUSDT: HOLD at $2.561
2025-10-28 13:40:11,034 - INFO - [upgradebot.py:304] - No active position found for HNTUSDT.
2025-10-28 13:40:11,043 - INFO - [upgradebot.py:546] - ML predicts HOLD for HNTUSDT. No action taken.
2025-10-28 13:40:12,045 - INFO - [upgradebot.py:431] - --- Checking HOLOUSDT (Price: $0.1456) ---
2025-10-28 13:40:20,918 - INFO - [upgradebot.py:455] - Balance $9.0367 meets minimum value $7.5712 for HOLOUSDT. Proceeding with analysis.
2025-10-28 13:40:20,920 - INFO - [upgradebot.py:262] - Fetching 90 days of 240-min data for HOLOUSDT...
2025-10-28 13:40:31,093 - INFO - [upgradebot.py:348] - HOLOUSDT model trained. Accuracy: 0.90
2025-10-28 13:40:31,218 - INFO - [upgradebot.py:473] - [PREDICTION] HOLOUSDT: HOLD at $0.3910
2025-10-28 13:40:38,655 - INFO - [upgradebot.py:304] - No active position found for HOLOUSDT.
2025-10-28 13:40:38,660 - INFO - [upgradebot.py:546] - ML predicts HOLD for HOLOUSDT. No action taken.
2025-10-28 13:40:39,662 - INFO - [upgradebot.py:431] - --- Checking HOMEUSDT (Price: $0.0234) ---
2025-10-28 13:40:43,660 - INFO - [upgradebot.py:455] - Balance $9.0367 meets minimum value $7.5219 for HOMEUSDT. Proceeding with analysis.
2025-10-28 13:40:43,661 - INFO - [upgradebot.py:262] - Fetching 90 days of 240-min data for HOMEUSDT...
2025-10-28 13:40:47,690 - INFO - [upgradebot.py:348] - HOMEUSDT model trained. Accuracy: 0.71
2025-10-28 13:40:47,705 - INFO - [upgradebot.py:473] - [PREDICTION] HOMEUSDT: SELL at $0.03744
2025-10-28 13:40:50,390 - INFO - [upgradebot.py:304] - No active position found for HOMEUSDT.
2025-10-28 13:40:50,394 - INFO - [upgradebot.py:523] - SELL signal for HOMEUSDT. Considering SHORT entry.
2025-10-28 13:40:50,394 - INFO - [upgradebot.py:535] - Calculated SHORT Intent: Qty~217.228365, Entry~$0.03751, TP~$0.03564, SL~$0.03827
2025-10-28 13:40:50,396 - INFO - [upgradebot.py:537] - Placing SHORT Bracket Order...
2025-10-28 13:40:50,398 - ERROR - [upgradebot.py:386] - Final qty 210.0 < minimum 322.0. Cannot place entry.
2025-10-28 13:40:50,400 - ERROR - [upgradebot.py:543] - SHORT Entry order failed for HOMEUSDT. TP/SL not placed.
2025-10-28 13:40:51,401 - INFO - [upgradebot.py:431] - --- Checking HOOKUSDT (Price: $0.0652) ---
2025-10-28 13:40:54,279 - INFO - [upgradebot.py:455] - Balance $9.0367 meets minimum value $7.4957 for HOOKUSDT. Proceeding with analysis.
2025-10-28 13:40:54,279 - INFO - [upgradebot.py:262] - Fetching 90 days of 240-min data for HOOKUSDT...
2025-10-28 13:40:57,411 - INFO - [upgradebot.py:348] - HOOKUSDT model trained. Accuracy: 0.74
2025-10-28 13:40:57,421 - INFO - [upgradebot.py:473] - [PREDICTION] HOOKUSDT: HOLD at $0.10620
2025-10-28 13:41:00,165 - INFO - [upgradebot.py:304] - No active position found for HOOKUSDT.
2025-10-28 13:41:00,168 - INFO - [upgradebot.py:546] - ML predicts HOLD for HOOKUSDT. No action taken.
2025-10-28 13:41:01,169 - INFO - [upgradebot.py:431] - --- Checking HUMAUSDT (Price: $0.0272) ---
2025-10-28 13:41:03,447 - INFO - [upgradebot.py:455] - Balance $9.0367 meets minimum value $7.5233 for HUMAUSDT. Proceeding with analysis.
2025-10-28 13:41:03,448 - INFO - [upgradebot.py:262] - Fetching 90 days of 240-min data for HUMAUSDT...
2025-10-28 13:41:05,998 - INFO - [upgradebot.py:348] - HUMAUSDT model trained. Accuracy: 0.67
2025-10-28 13:41:06,008 - INFO - [upgradebot.py:473] - [PREDICTION] HUMAUSDT: BUY at $0.02634
2025-10-28 13:41:08,025 - INFO - [upgradebot.py:304] - No active position found for HUMAUSDT.
2025-10-28 13:41:08,028 - INFO - [upgradebot.py:501] - Calculated LONG Intent: Qty~308.771071, Entry~$0.02629, TP~$0.02760, SL~$0.02576
2025-10-28 13:41:08,028 - INFO - [upgradebot.py:503] - Placing LONG Bracket Order...
2025-10-28 13:41:08,029 - INFO - [upgradebot.py:392] - [ACTION] Submitting LIMIT BUY for HUMAUSDT (Qty: 308.0) @ Price: 0.02629
2025-10-28 13:41:08,029 - INFO - [upgradebot.py:393] - [DRY-RUN] Would submit order: {"side": "BUY", "symbol": "HUMAUSDT", "order_type": "LIMIT", "quantity": 308.0, "exchange": "EXCHANGE_2", "price": 0.02629}
2025-10-28 13:41:08,030 - INFO - [upgradebot.py:392] - [ACTION] Submitting TAKE_PROFIT_MARKET SELL for HUMAUSDT (Qty: 0) @ Trigger: 0.0276
2025-10-28 13:41:08,030 - INFO - [upgradebot.py:393] - [DRY-RUN] Would submit order: {"side": "SELL", "symbol": "HUMAUSDT", "order_type": "TAKE_PROFIT_MARKET", "quantity": 0, "exchange": "EXCHANGE_2", "trigger_price": 0.0276, "reduce_only": true}
2025-10-28 13:41:08,031 - INFO - [upgradebot.py:392] - [ACTION] Submitting STOP_MARKET SELL for HUMAUSDT (Qty: 0) @ Trigger: 0.02576
2025-10-28 13:41:08,031 - INFO - [upgradebot.py:393] - [DRY-RUN] Would submit order: {"side": "SELL", "symbol": "HUMAUSDT", "order_type": "STOP_MARKET", "quantity": 0, "exchange": "EXCHANGE_2", "trigger_price": 0.02576, "reduce_only": true}
2025-10-28 13:41:09,032 - INFO - [upgradebot.py:431] - --- Checking HYPEUSDT (Price: $47.8170) ---
2025-10-28 13:41:11,777 - INFO - [upgradebot.py:455] - Balance $9.0367 meets minimum value $7.6507 for HYPEUSDT. Proceeding with analysis.
2025-10-28 13:41:11,777 - INFO - [upgradebot.py:262] - Fetching 90 days of 240-min data for HYPEUSDT...
2025-10-28 13:41:14,452 - INFO - [upgradebot.py:348] - HYPEUSDT model trained. Accuracy: 0.71
2025-10-28 13:41:14,470 - INFO - [upgradebot.py:473] - [PREDICTION] HYPEUSDT: BUY at $54.018
2025-10-28 13:41:16,891 - INFO - [upgradebot.py:304] - No active position found for HYPEUSDT.
2025-10-28 13:41:16,894 - INFO - [upgradebot.py:501] - Calculated LONG Intent: Qty~0.150561, Entry~$53.910, TP~$56.605, SL~$52.832
2025-10-28 13:41:16,894 - INFO - [upgradebot.py:503] - Placing LONG Bracket Order...
2025-10-28 13:41:16,895 - ERROR - [upgradebot.py:386] - Final qty 0.15 < minimum 0.16. Cannot place entry.
2025-10-28 13:41:16,895 - ERROR - [upgradebot.py:509] - LONG Entry order failed for HYPEUSDT. TP/SL not placed.
2025-10-28 13:41:17,896 - INFO - [upgradebot.py:431] - --- Checking HYPERUSDT (Price: $0.1939) ---
2025-10-28 13:41:20,530 - INFO - [upgradebot.py:455] - Balance $9.0367 meets minimum value $7.5621 for HYPERUSDT. Proceeding with analysis.
2025-10-28 13:41:20,531 - INFO - [upgradebot.py:262] - Fetching 90 days of 240-min data for HYPERUSDT...
2025-10-28 13:41:23,791 - INFO - [upgradebot.py:348] - HYPERUSDT model trained. Accuracy: 0.74
2025-10-28 13:41:23,806 - INFO - [upgradebot.py:473] - [PREDICTION] HYPERUSDT: HOLD at $0.3028
2025-10-28 13:41:26,102 - INFO - [upgradebot.py:304] - No active position found for HYPERUSDT.
2025-10-28 13:41:26,105 - INFO - [upgradebot.py:546] - ML predicts HOLD for HYPERUSDT. No action taken.
2025-10-28 13:41:27,106 - INFO - [upgradebot.py:431] - --- Checking ICNTUSDT (Price: $0.2156) ---
2025-10-28 13:41:29,972 - INFO - [upgradebot.py:455] - Balance $9.0367 meets minimum value $7.5460 for ICNTUSDT. Proceeding with analysis.
2025-10-28 13:41:29,973 - INFO - [upgradebot.py:262] - Fetching 90 days of 240-min data for ICNTUSDT...
2025-10-28 13:41:33,494 - INFO - [upgradebot.py:348] - ICNTUSDT model trained. Accuracy: 0.62
2025-10-28 13:41:33,510 - INFO - [upgradebot.py:473] - [PREDICTION] ICNTUSDT: HOLD at $0.2468
2025-10-28 13:41:36,671 - INFO - [upgradebot.py:304] - No active position found for ICNTUSDT.
2025-10-28 13:41:36,675 - INFO - [upgradebot.py:546] - ML predicts HOLD for ICNTUSDT. No action taken.
2025-10-28 13:41:37,676 - INFO - [upgradebot.py:431] - --- Checking ICPUSDT (Price: $3.1930) ---
2025-10-28 13:41:40,929 - INFO - [upgradebot.py:455] - Balance $9.0367 meets minimum value $7.6632 for ICPUSDT. Proceeding with analysis.
2025-10-28 13:41:40,930 - INFO - [upgradebot.py:262] - Fetching 90 days of 240-min data for ICPUSDT...
2025-10-28 13:41:45,351 - INFO - [upgradebot.py:348] - ICPUSDT model trained. Accuracy: 0.76
2025-10-28 13:41:45,378 - INFO - [upgradebot.py:473] - [PREDICTION] ICPUSDT: HOLD at $4.767
2025-10-28 13:41:51,305 - INFO - [upgradebot.py:304] - No active position found for ICPUSDT.
2025-10-28 13:41:51,310 - INFO - [upgradebot.py:546] - ML predicts HOLD for ICPUSDT. No action taken.
2025-10-28 13:41:52,311 - INFO - [upgradebot.py:431] - --- Checking ICXUSDT (Price: $0.0918) ---
2025-10-28 13:41:59,553 - INFO - [upgradebot.py:455] - Balance $9.0367 meets minimum value $7.5284 for ICXUSDT. Proceeding with analysis.
2025-10-28 13:41:59,556 - INFO - [upgradebot.py:262] - Fetching 90 days of 240-min data for ICXUSDT...
2025-10-28 13:42:09,468 - INFO - [upgradebot.py:348] - ICXUSDT model trained. Accuracy: 0.79
2025-10-28 13:42:09,508 - INFO - [upgradebot.py:473] - [PREDICTION] ICXUSDT: HOLD at $0.12847
2025-10-28 13:42:13,814 - INFO - [upgradebot.py:304] - No active position found for ICXUSDT.
2025-10-28 13:42:13,818 - INFO - [upgradebot.py:546] - ML predicts HOLD for ICXUSDT. No action taken.
2025-10-28 13:42:14,819 - INFO - [upgradebot.py:431] - --- Checking IDUSDT (Price: $0.1128) ---
2025-10-28 13:42:18,360 - INFO - [upgradebot.py:455] - Balance $9.0367 meets minimum value $7.5576 for IDUSDT. Proceeding with analysis.
2025-10-28 13:42:18,361 - INFO - [upgradebot.py:262] - Fetching 90 days of 240-min data for IDUSDT...
2025-10-28 13:42:21,600 - INFO - [upgradebot.py:348] - IDUSDT model trained. Accuracy: 0.76
2025-10-28 13:42:21,617 - INFO - [upgradebot.py:473] - [PREDICTION] IDUSDT: SELL at $0.15820
2025-10-28 13:42:24,566 - INFO - [upgradebot.py:304] - No active position found for IDUSDT.
2025-10-28 13:42:24,569 - INFO - [upgradebot.py:523] - SELL signal for IDUSDT. Considering SHORT entry.
2025-10-28 13:42:24,570 - INFO - [upgradebot.py:535] - Calculated SHORT Intent: Qty~51.409798, Entry~$0.15852, TP~$0.15059, SL~$0.16169
2025-10-28 13:42:24,570 - INFO - [upgradebot.py:537] - Placing SHORT Bracket Order...
2025-10-28 13:42:24,571 - ERROR - [upgradebot.py:386] - Final qty 51.0 < minimum 67.0. Cannot place entry.
2025-10-28 13:42:24,571 - ERROR - [upgradebot.py:543] - SHORT Entry order failed for IDUSDT. TP/SL not placed.
2025-10-28 13:42:25,572 - INFO - [upgradebot.py:431] - --- Checking IDEXUSDT (Price: $0.0199) ---
2025-10-28 13:42:28,564 - INFO - [upgradebot.py:455] - Balance $9.0367 meets minimum value $7.5211 for IDEXUSDT. Proceeding with analysis.
2025-10-28 13:42:28,565 - INFO - [upgradebot.py:262] - Fetching 90 days of 240-min data for IDEXUSDT...
2025-10-28 13:42:31,193 - INFO - [upgradebot.py:348] - IDEXUSDT model trained. Accuracy: 0.67
2025-10-28 13:42:31,201 - INFO - [upgradebot.py:473] - [PREDICTION] IDEXUSDT: HOLD at $0.02791
2025-10-28 13:42:33,465 - INFO - [upgradebot.py:304] - No active position found for IDEXUSDT.
2025-10-28 13:42:33,468 - INFO - [upgradebot.py:546] - ML predicts HOLD for IDEXUSDT. No action taken.
2025-10-28 13:42:34,468 - INFO - [upgradebot.py:431] - --- Checking ILVUSDT (Price: $11.7200) ---
2025-10-28 13:42:36,887 - INFO - [upgradebot.py:455] - Balance $9.0367 meets minimum value $7.5008 for ILVUSDT. Proceeding with analysis.
2025-10-28 13:42:36,888 - INFO - [upgradebot.py:262] - Fetching 90 days of 240-min data for ILVUSDT...
2025-10-28 13:42:39,431 - INFO - [upgradebot.py:348] - ILVUSDT model trained. Accuracy: 0.64
2025-10-28 13:42:39,447 - INFO - [upgradebot.py:473] - [PREDICTION] ILVUSDT: SELL at $14.780
2025-10-28 13:42:41,908 - INFO - [upgradebot.py:304] - No active position found for ILVUSDT.
2025-10-28 13:42:41,912 - INFO - [upgradebot.py:523] - SELL signal for ILVUSDT. Considering SHORT entry.
2025-10-28 13:42:41,913 - INFO - [upgradebot.py:535] - Calculated SHORT Intent: Qty~0.550273, Entry~$14.810, TP~$14.069, SL~$15.106
2025-10-28 13:42:41,913 - INFO - [upgradebot.py:537] - Placing SHORT Bracket Order...
2025-10-28 13:42:41,913 - ERROR - [upgradebot.py:386] - Final qty 0.55 < minimum 0.64. Cannot place entry.
2025-10-28 13:42:41,914 - ERROR - [upgradebot.py:543] - SHORT Entry order failed for ILVUSDT. TP/SL not placed.
2025-10-28 13:42:42,915 - INFO - [upgradebot.py:431] - --- Checking IMXUSDT (Price: $0.5285) ---
2025-10-28 13:42:45,030 - INFO - [upgradebot.py:455] - Balance $9.0367 meets minimum value $7.5047 for IMXUSDT. Proceeding with analysis.
2025-10-28 13:42:45,031 - INFO - [upgradebot.py:262] - Fetching 90 days of 240-min data for IMXUSDT...
2025-10-28 13:42:47,651 - INFO - [upgradebot.py:348] - IMXUSDT model trained. Accuracy: 0.76
2025-10-28 13:42:47,664 - INFO - [upgradebot.py:473] - [PREDICTION] IMXUSDT: BUY at $0.6902
2025-10-28 13:42:50,553 - INFO - [upgradebot.py:304] - No active position found for IMXUSDT.
2025-10-28 13:42:50,556 - INFO - [upgradebot.py:501] - Calculated LONG Intent: Qty~11.783584, Entry~$0.6888, TP~$0.7233, SL~$0.6750
2025-10-28 13:42:50,557 - INFO - [upgradebot.py:503] - Placing LONG Bracket Order...
2025-10-28 13:42:50,558 - ERROR - [upgradebot.py:386] - Final qty 11.7 < minimum 14.2. Cannot place entry.
2025-10-28 13:42:50,558 - ERROR - [upgradebot.py:509] - LONG Entry order failed for IMXUSDT. TP/SL not placed.
2025-10-28 13:42:51,559 - INFO - [upgradebot.py:431] - --- Checking INUSDT (Price: $0.1286) ---
2025-10-28 13:42:54,315 - INFO - [upgradebot.py:455] - Balance $9.0367 meets minimum value $7.5874 for INUSDT. Proceeding with analysis.
2025-10-28 13:42:54,316 - INFO - [upgradebot.py:262] - Fetching 90 days of 240-min data for INUSDT...
2025-10-28 13:42:57,265 - INFO - [upgradebot.py:348] - INUSDT model trained. Accuracy: 0.79
2025-10-28 13:42:57,279 - INFO - [upgradebot.py:473] - [PREDICTION] INUSDT: HOLD at $0.06213
2025-10-28 13:43:00,245 - INFO - [upgradebot.py:304] - No active position found for INUSDT.
2025-10-28 13:43:00,248 - INFO - [upgradebot.py:546] - ML predicts HOLD for INUSDT. No action taken.
2025-10-28 13:43:01,250 - INFO - [upgradebot.py:431] - --- Checking INJUSDT (Price: $8.6060) ---
2025-10-28 13:43:05,554 - INFO - [upgradebot.py:455] - Balance $9.0367 meets minimum value $7.7454 for INJUSDT. Proceeding with analysis.
2025-10-28 13:43:05,555 - INFO - [upgradebot.py:262] - Fetching 90 days of 240-min data for INJUSDT...
2025-10-28 13:43:10,204 - INFO - [upgradebot.py:348] - INJUSDT model trained. Accuracy: 0.81
2025-10-28 13:43:10,234 - INFO - [upgradebot.py:473] - [PREDICTION] INJUSDT: SELL at $13.4200
2025-10-28 13:43:14,361 - INFO - [upgradebot.py:304] - No active position found for INJUSDT.
2025-10-28 13:43:14,365 - INFO - [upgradebot.py:523] - SELL signal for INJUSDT. Considering SHORT entry.
2025-10-28 13:43:14,366 - INFO - [upgradebot.py:535] - Calculated SHORT Intent: Qty~0.606038, Entry~$13.4468, TP~$12.7745, SL~$13.7158
2025-10-28 13:43:14,366 - INFO - [upgradebot.py:537] - Placing SHORT Bracket Order...
2025-10-28 13:43:14,367 - ERROR - [upgradebot.py:386] - Final qty 0.6 < minimum 0.9. Cannot place entry.
2025-10-28 13:43:14,368 - ERROR - [upgradebot.py:543] - SHORT Entry order failed for INJUSDT. TP/SL not placed.
2025-10-28 13:43:15,369 - INFO - [upgradebot.py:431] - --- Checking IOUSDT (Price: $0.3471) ---
2025-10-28 13:43:19,793 - INFO - [upgradebot.py:455] - Balance $9.0367 meets minimum value $7.5321 for IOUSDT. Proceeding with analysis.
2025-10-28 13:43:19,795 - INFO - [upgradebot.py:262] - Fetching 90 days of 240-min data for IOUSDT...
2025-10-28 13:43:27,340 - INFO - [upgradebot.py:348] - IOUSDT model trained. Accuracy: 0.76
2025-10-28 13:43:27,421 - INFO - [upgradebot.py:473] - [PREDICTION] IOUSDT: BUY at $0.7015
2025-10-28 13:43:37,723 - INFO - [upgradebot.py:304] - No active position found for IOUSDT.
2025-10-28 13:43:37,727 - INFO - [upgradebot.py:501] - Calculated LONG Intent: Qty~11.593770, Entry~$0.7001, TP~$0.7351, SL~$0.6861
2025-10-28 13:43:37,728 - INFO - [upgradebot.py:503] - Placing LONG Bracket Order...
2025-10-28 13:43:37,729 - ERROR - [upgradebot.py:386] - Final qty 11.5 < minimum 21.7. Cannot place entry.
2025-10-28 13:43:37,730 - ERROR - [upgradebot.py:509] - LONG Entry order failed for IOUSDT. TP/SL not placed.
2025-10-28 13:43:38,731 - INFO - [upgradebot.py:431] - --- Checking IOSTUSDT (Price: $0.0024) ---
2025-10-28 13:43:42,258 - INFO - [upgradebot.py:455] - Balance $9.0367 meets minimum value $7.4803 for IOSTUSDT. Proceeding with analysis.
2025-10-28 13:43:42,259 - INFO - [upgradebot.py:262] - Fetching 90 days of 240-min data for IOSTUSDT...
2025-10-28 13:43:46,206 - INFO - [upgradebot.py:348] - IOSTUSDT model trained. Accuracy: 0.83
2025-10-28 13:43:46,234 - INFO - [upgradebot.py:473] - [PREDICTION] IOSTUSDT: HOLD at $0.003322
2025-10-28 13:43:49,087 - INFO - [upgradebot.py:304] - No active position found for IOSTUSDT.
2025-10-28 13:43:49,090 - INFO - [upgradebot.py:546] - ML predicts HOLD for IOSTUSDT. No action taken.
2025-10-28 13:43:50,091 - INFO - [upgradebot.py:431] - --- Checking IOTAUSDT (Price: $0.1515) ---
2025-10-28 13:43:52,582 - INFO - [upgradebot.py:455] - Balance $9.0367 meets minimum value $7.5296 for IOTAUSDT. Proceeding with analysis.
2025-10-28 13:43:52,583 - INFO - [upgradebot.py:262] - Fetching 90 days of 240-min data for IOTAUSDT...
2025-10-28 13:43:55,397 - INFO - [upgradebot.py:348] - IOTAUSDT model trained. Accuracy: 0.71
2025-10-28 13:43:55,410 - INFO - [upgradebot.py:473] - [PREDICTION] IOTAUSDT: SELL at $0.1882
2025-10-28 13:43:57,669 - INFO - [upgradebot.py:304] - No active position found for IOTAUSDT.
2025-10-28 13:43:57,671 - INFO - [upgradebot.py:523] - SELL signal for IOTAUSDT. Considering SHORT entry.
2025-10-28 13:43:57,672 - INFO - [upgradebot.py:535] - Calculated SHORT Intent: Qty~43.214825, Entry~$0.1886, TP~$0.1791, SL~$0.1923
2025-10-28 13:43:57,672 - INFO - [upgradebot.py:537] - Placing SHORT Bracket Order...
2025-10-28 13:43:57,672 - ERROR - [upgradebot.py:386] - Final qty 43.2 < minimum 49.7. Cannot place entry.
2025-10-28 13:43:57,673 - ERROR - [upgradebot.py:543] - SHORT Entry order failed for IOTAUSDT. TP/SL not placed.
2025-10-28 13:43:58,673 - INFO - [upgradebot.py:431] - --- Checking IOTXUSDT (Price: $0.0115) ---
2025-10-28 13:44:00,897 - INFO - [upgradebot.py:455] - Balance $9.0367 meets minimum value $7.4959 for IOTXUSDT. Proceeding with analysis.
2025-10-28 13:44:00,898 - INFO - [upgradebot.py:262] - Fetching 90 days of 240-min data for IOTXUSDT...
2025-10-28 13:44:03,250 - INFO - [upgradebot.py:348] - IOTXUSDT model trained. Accuracy: 0.90
2025-10-28 13:44:03,258 - INFO - [upgradebot.py:473] - [PREDICTION] IOTXUSDT: HOLD at $0.02718
2025-10-28 13:44:05,048 - INFO - [upgradebot.py:304] - No active position found for IOTXUSDT.
2025-10-28 13:44:05,056 - INFO - [upgradebot.py:546] - ML predicts HOLD for IOTXUSDT. No action taken.
2025-10-28 13:44:06,057 - INFO - [upgradebot.py:431] - --- Checking IPUSDT (Price: $5.1831) ---
2025-10-28 13:44:08,179 - INFO - [upgradebot.py:455] - Balance $9.0367 meets minimum value $7.7746 for IPUSDT. Proceeding with analysis.
2025-10-28 13:44:08,180 - INFO - [upgradebot.py:262] - Fetching 90 days of 240-min data for IPUSDT...
2025-10-28 13:44:10,508 - INFO - [upgradebot.py:348] - IPUSDT model trained. Accuracy: 0.74
2025-10-28 13:44:10,520 - INFO - [upgradebot.py:473] - [PREDICTION] IPUSDT: SELL at $9.6500
2025-10-28 13:44:12,820 - INFO - [upgradebot.py:304] - No active position found for IPUSDT.
2025-10-28 13:44:12,822 - INFO - [upgradebot.py:523] - SELL signal for IPUSDT. Considering SHORT entry.
2025-10-28 13:44:12,823 - INFO - [upgradebot.py:535] - Calculated SHORT Intent: Qty~0.842801, Entry~$9.6693, TP~$9.1858, SL~$9.8627
2025-10-28 13:44:12,823 - INFO - [upgradebot.py:537] - Placing SHORT Bracket Order...
2025-10-28 13:44:12,824 - ERROR - [upgradebot.py:386] - Final qty 0.8 < minimum 1.5. Cannot place entry.
2025-10-28 13:44:12,824 - ERROR - [upgradebot.py:543] - SHORT Entry order failed for IPUSDT. TP/SL not placed.
2025-10-28 13:44:13,825 - INFO - [upgradebot.py:431] - --- Checking JASMYUSDT (Price: $0.0103) ---
2025-10-28 13:44:16,209 - INFO - [upgradebot.py:455] - Balance $9.0367 meets minimum value $7.4777 for JASMYUSDT. Proceeding with analysis.
2025-10-28 13:44:16,210 - INFO - [upgradebot.py:262] - Fetching 90 days of 240-min data for JASMYUSDT...
2025-10-28 13:44:18,727 - INFO - [upgradebot.py:348] - JASMYUSDT model trained. Accuracy: 0.71
2025-10-28 13:44:18,743 - INFO - [upgradebot.py:473] - [PREDICTION] JASMYUSDT: HOLD at $0.014191
2025-10-28 13:44:21,195 - INFO - [upgradebot.py:304] - No active position found for JASMYUSDT.
2025-10-28 13:44:21,198 - INFO - [upgradebot.py:546] - ML predicts HOLD for JASMYUSDT. No action taken.
2025-10-28 13:44:22,198 - INFO - [upgradebot.py:431] - --- Checking JELLYJELLYUSDT (Price: $0.0803) ---
2025-10-28 13:44:24,877 - INFO - [upgradebot.py:455] - Balance $9.0367 meets minimum value $7.5520 for JELLYJELLYUSDT. Proceeding with analysis.
2025-10-28 13:44:24,878 - INFO - [upgradebot.py:262] - Fetching 90 days of 240-min data for JELLYJELLYUSDT...
2025-10-28 13:44:27,992 - INFO - [upgradebot.py:348] - JELLYJELLYUSDT model trained. Accuracy: 0.81
2025-10-28 13:44:28,015 - INFO - [upgradebot.py:473] - [PREDICTION] JELLYJELLYUSDT: SELL at $0.050295
2025-10-28 13:44:30,823 - INFO - [upgradebot.py:304] - No active position found for JELLYJELLYUSDT.
2025-10-28 13:44:30,826 - INFO - [upgradebot.py:523] - SELL signal for JELLYJELLYUSDT. Considering SHORT entry.
2025-10-28 13:44:30,827 - INFO - [upgradebot.py:535] - Calculated SHORT Intent: Qty~161.706531, Entry~$0.050396, TP~$0.047876, SL~$0.051404
2025-10-28 13:44:30,827 - INFO - [upgradebot.py:537] - Placing SHORT Bracket Order...
2025-10-28 13:44:30,828 - INFO - [upgradebot.py:392] - [ACTION] Submitting LIMIT SELL for JELLYJELLYUSDT (Qty: 161.0) @ Price: 0.050396
2025-10-28 13:44:30,829 - INFO - [upgradebot.py:393] - [DRY-RUN] Would submit order: {"side": "SELL", "symbol": "JELLYJELLYUSDT", "order_type": "LIMIT", "quantity": 161.0, "exchange": "EXCHANGE_2", "price": 0.050396}
2025-10-28 13:44:30,829 - INFO - [upgradebot.py:392] - [ACTION] Submitting TAKE_PROFIT_MARKET BUY for JELLYJELLYUSDT (Qty: 0) @ Trigger: 0.047876
2025-10-28 13:44:30,830 - INFO - [upgradebot.py:393] - [DRY-RUN] Would submit order: {"side": "BUY", "symbol": "JELLYJELLYUSDT", "order_type": "TAKE_PROFIT_MARKET", "quantity": 0, "exchange": "EXCHANGE_2", "trigger_price": 0.047876, "reduce_only": true}
2025-10-28 13:44:30,831 - INFO - [upgradebot.py:392] - [ACTION] Submitting STOP_MARKET BUY for JELLYJELLYUSDT (Qty: 0) @ Trigger: 0.051404
2025-10-28 13:44:30,831 - INFO - [upgradebot.py:393] - [DRY-RUN] Would submit order: {"side": "BUY", "symbol": "JELLYJELLYUSDT", "order_type": "STOP_MARKET", "quantity": 0, "exchange": "EXCHANGE_2", "trigger_price": 0.051404, "reduce_only": true}
2025-10-28 13:44:31,832 - INFO - [upgradebot.py:431] - --- Checking JOEUSDT (Price: $0.1186) ---
2025-10-28 13:44:35,491 - INFO - [upgradebot.py:455] - Balance $9.0367 meets minimum value $7.5904 for JOEUSDT. Proceeding with analysis.
2025-10-28 13:44:35,492 - INFO - [upgradebot.py:262] - Fetching 90 days of 240-min data for JOEUSDT...
2025-10-28 13:44:39,658 - INFO - [upgradebot.py:348] - JOEUSDT model trained. Accuracy: 0.76
2025-10-28 13:44:39,715 - INFO - [upgradebot.py:473] - [PREDICTION] JOEUSDT: BUY at $0.16230
2025-10-28 13:44:44,486 - INFO - [upgradebot.py:304] - No active position found for JOEUSDT.
2025-10-28 13:44:44,491 - INFO - [upgradebot.py:501] - Calculated LONG Intent: Qty~50.111091, Entry~$0.16198, TP~$0.17007, SL~$0.15874
2025-10-28 13:44:44,492 - INFO - [upgradebot.py:503] - Placing LONG Bracket Order...
2025-10-28 13:44:44,494 - ERROR - [upgradebot.py:386] - Final qty 50.0 < minimum 64.0. Cannot place entry.
2025-10-28 13:44:44,495 - ERROR - [upgradebot.py:509] - LONG Entry order failed for JOEUSDT. TP/SL not placed.
2025-10-28 13:44:45,496 - INFO - [upgradebot.py:431] - --- Checking JSTUSDT (Price: $0.0340) ---
2025-10-28 13:44:50,987 - INFO - [upgradebot.py:455] - Balance $9.0367 meets minimum value $7.5162 for JSTUSDT. Proceeding with analysis.
2025-10-28 13:44:50,989 - INFO - [upgradebot.py:262] - Fetching 90 days of 240-min data for JSTUSDT...
2025-10-28 13:45:06,377 - INFO - [upgradebot.py:348] - JSTUSDT model trained. Accuracy: 0.93
2025-10-28 13:45:06,489 - INFO - [upgradebot.py:473] - [PREDICTION] JSTUSDT: SELL at $0.03407
2025-10-28 13:45:18,702 - INFO - [upgradebot.py:304] - No active position found for JSTUSDT.
2025-10-28 13:45:18,729 - INFO - [upgradebot.py:523] - SELL signal for JSTUSDT. Considering SHORT entry.
2025-10-28 13:45:18,733 - INFO - [upgradebot.py:535] - Calculated SHORT Intent: Qty~238.715292, Entry~$0.03414, TP~$0.03243, SL~$0.03482
2025-10-28 13:45:18,737 - INFO - [upgradebot.py:537] - Placing SHORT Bracket Order...
2025-10-28 13:45:18,751 - INFO - [upgradebot.py:392] - [ACTION] Submitting LIMIT SELL for JSTUSDT (Qty: 230.0) @ Price: 0.03414
2025-10-28 13:45:18,805 - INFO - [upgradebot.py:393] - [DRY-RUN] Would submit order: {"side": "SELL", "symbol": "JSTUSDT", "order_type": "LIMIT", "quantity": 230.0, "exchange": "EXCHANGE_2", "price": 0.03414}
2025-10-28 13:45:18,839 - INFO - [upgradebot.py:392] - [ACTION] Submitting TAKE_PROFIT_MARKET BUY for JSTUSDT (Qty: 0) @ Trigger: 0.03243
2025-10-28 13:45:18,893 - INFO - [upgradebot.py:393] - [DRY-RUN] Would submit order: {"side": "BUY", "symbol": "JSTUSDT", "order_type": "TAKE_PROFIT_MARKET", "quantity": 0, "exchange": "EXCHANGE_2", "trigger_price": 0.03243, "reduce_only": true}
2025-10-28 13:45:18,909 - INFO - [upgradebot.py:392] - [ACTION] Submitting STOP_MARKET BUY for JSTUSDT (Qty: 0) @ Trigger: 0.03482
2025-10-28 13:45:18,923 - INFO - [upgradebot.py:393] - [DRY-RUN] Would submit order: {"side": "BUY", "symbol": "JSTUSDT", "order_type": "STOP_MARKET", "quantity": 0, "exchange": "EXCHANGE_2", "trigger_price": 0.03482, "reduce_only": true}
2025-10-28 13:45:19,928 - INFO - [upgradebot.py:431] - --- Checking JTOUSDT (Price: $1.0960) ---
2025-10-28 13:45:23,952 - INFO - [upgradebot.py:455] - Balance $9.0367 meets minimum value $7.5624 for JTOUSDT. Proceeding with analysis.
2025-10-28 13:45:23,953 - INFO - [upgradebot.py:262] - Fetching 90 days of 240-min data for JTOUSDT...
2025-10-28 13:45:28,165 - INFO - [upgradebot.py:348] - JTOUSDT model trained. Accuracy: 0.62
2025-10-28 13:45:28,179 - INFO - [upgradebot.py:473] - [PREDICTION] JTOUSDT: HOLD at $1.821
2025-10-28 13:45:31,472 - INFO - [upgradebot.py:304] - No active position found for JTOUSDT.
2025-10-28 13:45:31,474 - INFO - [upgradebot.py:546] - ML predicts HOLD for JTOUSDT. No action taken.
2025-10-28 13:45:32,475 - INFO - [upgradebot.py:431] - --- Checking JUPUSDT (Price: $0.4382) ---
2025-10-28 13:45:35,293 - INFO - [upgradebot.py:455] - Balance $9.0367 meets minimum value $7.8876 for JUPUSDT. Proceeding with analysis.
2025-10-28 13:45:35,294 - INFO - [upgradebot.py:262] - Fetching 90 days of 240-min data for JUPUSDT...
2025-10-28 13:45:38,005 - INFO - [upgradebot.py:348] - JUPUSDT model trained. Accuracy: 0.79
2025-10-28 13:45:38,012 - INFO - [upgradebot.py:473] - [PREDICTION] JUPUSDT: SELL at $0.5279
2025-10-28 13:45:40,044 - INFO - [upgradebot.py:304] - No active position found for JUPUSDT.
2025-10-28 13:45:40,046 - INFO - [upgradebot.py:523] - SELL signal for JUPUSDT. Considering SHORT entry.
2025-10-28 13:45:40,046 - INFO - [upgradebot.py:535] - Calculated SHORT Intent: Qty~15.406384, Entry~$0.5290, TP~$0.5025, SL~$0.5395
2025-10-28 13:45:40,046 - INFO - [upgradebot.py:537] - Placing SHORT Bracket Order...
2025-10-28 13:45:40,047 - ERROR - [upgradebot.py:386] - Final qty 15.0 < minimum 18.0. Cannot place entry.
2025-10-28 13:45:40,047 - ERROR - [upgradebot.py:543] - SHORT Entry order failed for JUPUSDT. TP/SL not placed.
2025-10-28 13:45:41,047 - INFO - [upgradebot.py:431] - --- Checking KAIAUSDT (Price: $0.1110) ---
2025-10-28 13:45:42,766 - INFO - [upgradebot.py:455] - Balance $9.0367 meets minimum value $7.5480 for KAIAUSDT. Proceeding with analysis.
2025-10-28 13:45:42,767 - INFO - [upgradebot.py:262] - Fetching 90 days of 240-min data for KAIAUSDT...
2025-10-28 13:45:44,873 - INFO - [upgradebot.py:348] - KAIAUSDT model trained. Accuracy: 0.83
2025-10-28 13:45:44,880 - INFO - [upgradebot.py:473] - [PREDICTION] KAIAUSDT: HOLD at $0.1582
2025-10-28 13:45:48,320 - INFO - [upgradebot.py:304] - No active position found for KAIAUSDT.
2025-10-28 13:45:48,323 - INFO - [upgradebot.py:546] - ML predicts HOLD for KAIAUSDT. No action taken.
2025-10-28 13:45:49,323 - INFO - [upgradebot.py:431] - --- Checking KAITOUSDT (Price: $1.1095) ---
2025-10-28 13:45:51,247 - INFO - [upgradebot.py:455] - Balance $9.0367 meets minimum value $7.7665 for KAITOUSDT. Proceeding with analysis.
2025-10-28 13:45:51,248 - INFO - [upgradebot.py:262] - Fetching 90 days of 240-min data for KAITOUSDT...
2025-10-28 13:45:53,371 - INFO - [upgradebot.py:348] - KAITOUSDT model trained. Accuracy: 0.76
2025-10-28 13:45:53,379 - INFO - [upgradebot.py:473] - [PREDICTION] KAITOUSDT: BUY at $1.1095
2025-10-28 13:45:55,061 - INFO - [upgradebot.py:304] - No active position found for KAITOUSDT.
2025-10-28 13:45:55,064 - INFO - [upgradebot.py:501] - Calculated LONG Intent: Qty~7.330356, Entry~$1.1073, TP~$1.1626, SL~$1.0851
2025-10-28 13:45:55,065 - INFO - [upgradebot.py:503] - Placing LONG Bracket Order...
2025-10-28 13:45:55,066 - INFO - [upgradebot.py:392] - [ACTION] Submitting LIMIT BUY for KAITOUSDT (Qty: 7.0) @ Price: 1.1073
2025-10-28 13:45:55,066 - INFO - [upgradebot.py:393] - [DRY-RUN] Would submit order: {"side": "BUY", "symbol": "KAITOUSDT", "order_type": "LIMIT", "quantity": 7.0, "exchange": "EXCHANGE_2", "price": 1.1073}
2025-10-28 13:45:55,067 - INFO - [upgradebot.py:392] - [ACTION] Submitting TAKE_PROFIT_MARKET SELL for KAITOUSDT (Qty: 0) @ Trigger: 1.1626
2025-10-28 13:45:55,068 - INFO - [upgradebot.py:393] - [DRY-RUN] Would submit order: {"side": "SELL", "symbol": "KAITOUSDT", "order_type": "TAKE_PROFIT_MARKET", "quantity": 0, "exchange": "EXCHANGE_2", "trigger_price": 1.1626, "reduce_only": true}
2025-10-28 13:45:55,069 - INFO - [upgradebot.py:392] - [ACTION] Submitting STOP_MARKET SELL for KAITOUSDT (Qty: 0) @ Trigger: 1.0851
2025-10-28 13:45:55,069 - INFO - [upgradebot.py:393] - [DRY-RUN] Would submit order: {"side": "SELL", "symbol": "KAITOUSDT", "order_type": "STOP_MARKET", "quantity": 0, "exchange": "EXCHANGE_2", "trigger_price": 1.0851, "reduce_only": true}
2025-10-28 13:45:56,070 - INFO - [upgradebot.py:431] - --- Checking KASUSDT (Price: $0.0571) ---
2025-10-28 13:45:57,685 - INFO - [upgradebot.py:455] - Balance $9.0367 meets minimum value $7.5346 for KASUSDT. Proceeding with analysis.
2025-10-28 13:45:57,686 - INFO - [upgradebot.py:262] - Fetching 90 days of 240-min data for KASUSDT...
2025-10-28 13:45:59,581 - INFO - [upgradebot.py:348] - KASUSDT model trained. Accuracy: 0.67
2025-10-28 13:45:59,588 - INFO - [upgradebot.py:473] - [PREDICTION] KASUSDT: HOLD at $0.08461
2025-10-28 13:46:01,431 - INFO - [upgradebot.py:304] - No active position found for KASUSDT.
2025-10-28 13:46:01,435 - INFO - [upgradebot.py:546] - ML predicts HOLD for KASUSDT. No action taken.
2025-10-28 13:46:02,436 - INFO - [upgradebot.py:431] - --- Checking KAVAUSDT (Price: $0.1412) ---
2025-10-28 13:46:04,075 - INFO - [upgradebot.py:455] - Balance $9.0367 meets minimum value $7.5118 for KAVAUSDT. Proceeding with analysis.
2025-10-28 13:46:04,076 - INFO - [upgradebot.py:262] - Fetching 90 days of 240-min data for KAVAUSDT...
2025-10-28 13:46:05,981 - INFO - [upgradebot.py:348] - KAVAUSDT model trained. Accuracy: 0.81
2025-10-28 13:46:05,989 - INFO - [upgradebot.py:473] - [PREDICTION] KAVAUSDT: HOLD at $0.3575
2025-10-28 13:46:07,773 - INFO - [upgradebot.py:304] - No active position found for KAVAUSDT.
2025-10-28 13:46:07,775 - INFO - [upgradebot.py:546] - ML predicts HOLD for KAVAUSDT. No action taken.
2025-10-28 13:46:08,776 - INFO - [upgradebot.py:431] - --- Checking KERNELUSDT (Price: $0.2143) ---
2025-10-28 13:46:11,107 - INFO - [upgradebot.py:455] - Balance $9.0367 meets minimum value $7.7148 for KERNELUSDT. Proceeding with analysis.
2025-10-28 13:46:11,108 - INFO - [upgradebot.py:262] - Fetching 90 days of 240-min data for KERNELUSDT...
2025-10-28 13:46:13,801 - INFO - [upgradebot.py:348] - KERNELUSDT model trained. Accuracy: 0.67
2025-10-28 13:46:13,812 - INFO - [upgradebot.py:473] - [PREDICTION] KERNELUSDT: BUY at $0.1849
2025-10-28 13:46:15,994 - INFO - [upgradebot.py:304] - No active position found for KERNELUSDT.
2025-10-28 13:46:15,996 - INFO - [upgradebot.py:501] - Calculated LONG Intent: Qty~43.986101, Entry~$0.1845, TP~$0.1938, SL~$0.1808
2025-10-28 13:46:15,997 - INFO - [upgradebot.py:503] - Placing LONG Bracket Order...
2025-10-28 13:46:15,997 - INFO - [upgradebot.py:392] - [ACTION] Submitting LIMIT BUY for KERNELUSDT (Qty: 43.0) @ Price: 0.1845
2025-10-28 13:46:15,997 - INFO - [upgradebot.py:393] - [DRY-RUN] Would submit order: {"side": "BUY", "symbol": "KERNELUSDT", "order_type": "LIMIT", "quantity": 43.0, "exchange": "EXCHANGE_2", "price": 0.1845}
2025-10-28 13:46:15,998 - INFO - [upgradebot.py:392] - [ACTION] Submitting TAKE_PROFIT_MARKET SELL for KERNELUSDT (Qty: 0) @ Trigger: 0.1938
2025-10-28 13:46:15,998 - INFO - [upgradebot.py:393] - [DRY-RUN] Would submit order: {"side": "SELL", "symbol": "KERNELUSDT", "order_type": "TAKE_PROFIT_MARKET", "quantity": 0, "exchange": "EXCHANGE_2", "trigger_price": 0.1938, "reduce_only": true}
2025-10-28 13:46:15,998 - INFO - [upgradebot.py:392] - [ACTION] Submitting STOP_MARKET SELL for KERNELUSDT (Qty: 0) @ Trigger: 0.1808
2025-10-28 13:46:15,999 - INFO - [upgradebot.py:393] - [DRY-RUN] Would submit order: {"side": "SELL", "symbol": "KERNELUSDT", "order_type": "STOP_MARKET", "quantity": 0, "exchange": "EXCHANGE_2", "trigger_price": 0.1808, "reduce_only": true}
2025-10-28 13:46:17,000 - INFO - [upgradebot.py:431] - --- Checking KGENUSDT (Price: $0.2519) ---
2025-10-28 13:46:19,123 - INFO - [upgradebot.py:455] - Balance $9.0367 meets minimum value $7.5570 for KGENUSDT. Proceeding with analysis.
2025-10-28 13:46:19,123 - INFO - [upgradebot.py:262] - Fetching 90 days of 240-min data for KGENUSDT...
2025-10-28 13:46:21,863 - INFO - [upgradebot.py:348] - KGENUSDT model trained. Accuracy: 1.00
2025-10-28 13:46:21,876 - INFO - [upgradebot.py:473] - [PREDICTION] KGENUSDT: BUY at $0.2454
2025-10-28 13:46:24,237 - INFO - [upgradebot.py:304] - No active position found for KGENUSDT.
2025-10-28 13:46:24,239 - INFO - [upgradebot.py:501] - Calculated LONG Intent: Qty~33.141932, Entry~$0.2449, TP~$0.2572, SL~$0.2400
2025-10-28 13:46:24,240 - INFO - [upgradebot.py:503] - Placing LONG Bracket Order...
2025-10-28 13:46:24,240 - INFO - [upgradebot.py:392] - [ACTION] Submitting LIMIT BUY for KGENUSDT (Qty: 33.0) @ Price: 0.2449
2025-10-28 13:46:24,241 - INFO - [upgradebot.py:393] - [DRY-RUN] Would submit order: {"side": "BUY", "symbol": "KGENUSDT", "order_type": "LIMIT", "quantity": 33.0, "exchange": "EXCHANGE_2", "price": 0.2449}
2025-10-28 13:46:24,241 - INFO - [upgradebot.py:392] - [ACTION] Submitting TAKE_PROFIT_MARKET SELL for KGENUSDT (Qty: 0) @ Trigger: 0.2572
2025-10-28 13:46:24,242 - INFO - [upgradebot.py:393] - [DRY-RUN] Would submit order: {"side": "SELL", "symbol": "KGENUSDT", "order_type": "TAKE_PROFIT_MARKET", "quantity": 0, "exchange": "EXCHANGE_2", "trigger_price": 0.2572, "reduce_only": true}
2025-10-28 13:46:24,242 - INFO - [upgradebot.py:392] - [ACTION] Submitting STOP_MARKET SELL for KGENUSDT (Qty: 0) @ Trigger: 0.24
2025-10-28 13:46:24,243 - INFO - [upgradebot.py:393] - [DRY-RUN] Would submit order: {"side": "SELL", "symbol": "KGENUSDT", "order_type": "STOP_MARKET", "quantity": 0, "exchange": "EXCHANGE_2", "trigger_price": 0.24, "reduce_only": true}
2025-10-28 13:46:25,244 - INFO - [upgradebot.py:431] - --- Checking KMNOUSDT (Price: $0.0632) ---
2025-10-28 13:46:27,579 - INFO - [upgradebot.py:455] - Balance $9.0367 meets minimum value $7.5196 for KMNOUSDT. Proceeding with analysis.
2025-10-28 13:46:27,579 - INFO - [upgradebot.py:262] - Fetching 90 days of 240-min data for KMNOUSDT...
2025-10-28 13:46:30,642 - INFO - [upgradebot.py:348] - KMNOUSDT model trained. Accuracy: 0.86
2025-10-28 13:46:30,662 - INFO - [upgradebot.py:473] - [PREDICTION] KMNOUSDT: SELL at $0.06836
2025-10-28 13:46:33,532 - INFO - [upgradebot.py:304] - No active position found for KMNOUSDT.
2025-10-28 13:46:33,535 - INFO - [upgradebot.py:523] - SELL signal for KMNOUSDT. Considering SHORT entry.
2025-10-28 13:46:33,536 - INFO - [upgradebot.py:535] - Calculated SHORT Intent: Qty~118.973523, Entry~$0.06850, TP~$0.06507, SL~$0.06987
2025-10-28 13:46:33,536 - INFO - [upgradebot.py:537] - Placing SHORT Bracket Order...
2025-10-28 13:46:33,537 - ERROR - [upgradebot.py:386] - Final qty 110.0 < minimum 119.0. Cannot place entry.
2025-10-28 13:46:33,537 - ERROR - [upgradebot.py:543] - SHORT Entry order failed for KMNOUSDT. TP/SL not placed.
2025-10-28 13:46:34,538 - INFO - [upgradebot.py:431] - --- Checking KNCUSDT (Price: $0.3030) ---
2025-10-28 13:46:37,213 - INFO - [upgradebot.py:455] - Balance $9.0367 meets minimum value $7.5144 for KNCUSDT. Proceeding with analysis.
2025-10-28 13:46:37,213 - INFO - [upgradebot.py:262] - Fetching 90 days of 240-min data for KNCUSDT...
2025-10-28 13:46:40,922 - INFO - [upgradebot.py:348] - KNCUSDT model trained. Accuracy: 0.79
2025-10-28 13:46:40,946 - INFO - [upgradebot.py:473] - [PREDICTION] KNCUSDT: HOLD at $0.3688
2025-10-28 13:46:45,144 - INFO - [upgradebot.py:304] - No active position found for KNCUSDT.
2025-10-28 13:46:45,148 - INFO - [upgradebot.py:546] - ML predicts HOLD for KNCUSDT. No action taken.
2025-10-28 13:46:46,150 - INFO - [upgradebot.py:431] - --- Checking KSMUSDT (Price: $10.3200) ---
2025-10-28 13:46:50,738 - INFO - [upgradebot.py:455] - Balance $9.0367 meets minimum value $7.5336 for KSMUSDT. Proceeding with analysis.
2025-10-28 13:46:50,739 - INFO - [upgradebot.py:262] - Fetching 90 days of 240-min data for KSMUSDT...
2025-10-28 13:46:54,949 - INFO - [upgradebot.py:348] - KSMUSDT model trained. Accuracy: 0.78
2025-10-28 13:46:54,969 - INFO - [upgradebot.py:473] - [PREDICTION] KSMUSDT: HOLD at $15.57
2025-10-28 13:46:59,472 - INFO - [upgradebot.py:304] - No active position found for KSMUSDT.
2025-10-28 13:46:59,478 - INFO - [upgradebot.py:546] - ML predicts HOLD for KSMUSDT. No action taken.
2025-10-28 13:47:00,480 - INFO - [upgradebot.py:431] - --- Checking L3USDT (Price: $0.0236) ---
2025-10-28 13:47:07,868 - INFO - [upgradebot.py:455] - Balance $9.0367 meets minimum value $7.5112 for L3USDT. Proceeding with analysis.
2025-10-28 13:47:07,871 - INFO - [upgradebot.py:262] - Fetching 90 days of 240-min data for L3USDT...
2025-10-28 13:47:23,268 - INFO - [upgradebot.py:348] - L3USDT model trained. Accuracy: 0.86
2025-10-28 13:47:23,408 - INFO - [upgradebot.py:473] - [PREDICTION] L3USDT: HOLD at $0.03711
2025-10-28 13:47:30,517 - INFO - [upgradebot.py:304] - No active position found for L3USDT.
2025-10-28 13:47:30,525 - INFO - [upgradebot.py:546] - ML predicts HOLD for L3USDT. No action taken.
2025-10-28 13:47:31,526 - INFO - [upgradebot.py:431] - --- Checking LAUSDT (Price: $0.4028) ---
2025-10-28 13:47:35,243 - INFO - [upgradebot.py:455] - Balance $9.0367 meets minimum value $7.5324 for LAUSDT. Proceeding with analysis.
2025-10-28 13:47:35,244 - INFO - [upgradebot.py:262] - Fetching 90 days of 240-min data for LAUSDT...
2025-10-28 13:47:38,499 - INFO - [upgradebot.py:348] - LAUSDT model trained. Accuracy: 0.74
2025-10-28 13:47:38,515 - INFO - [upgradebot.py:473] - [PREDICTION] LAUSDT: SELL at $0.3651
2025-10-28 13:47:40,957 - INFO - [upgradebot.py:304] - No active position found for LAUSDT.
2025-10-28 13:47:40,960 - INFO - [upgradebot.py:523] - SELL signal for LAUSDT. Considering SHORT entry.
2025-10-28 13:47:40,961 - INFO - [upgradebot.py:535] - Calculated SHORT Intent: Qty~22.276171, Entry~$0.3658, TP~$0.3475, SL~$0.3731
2025-10-28 13:47:40,962 - INFO - [upgradebot.py:537] - Placing SHORT Bracket Order...
2025-10-28 13:47:40,962 - INFO - [upgradebot.py:392] - [ACTION] Submitting LIMIT SELL for LAUSDT (Qty: 22.2) @ Price: 0.3658
2025-10-28 13:47:40,963 - INFO - [upgradebot.py:393] - [DRY-RUN] Would submit order: {"side": "SELL", "symbol": "LAUSDT", "order_type": "LIMIT", "quantity": 22.2, "exchange": "EXCHANGE_2", "price": 0.3658}
2025-10-28 13:47:40,963 - INFO - [upgradebot.py:392] - [ACTION] Submitting TAKE_PROFIT_MARKET BUY for LAUSDT (Qty: 0) @ Trigger: 0.3475
2025-10-28 13:47:40,964 - INFO - [upgradebot.py:393] - [DRY-RUN] Would submit order: {"side": "BUY", "symbol": "LAUSDT", "order_type": "TAKE_PROFIT_MARKET", "quantity": 0, "exchange": "EXCHANGE_2", "trigger_price": 0.3475, "reduce_only": true}
2025-10-28 13:47:40,965 - INFO - [upgradebot.py:392] - [ACTION] Submitting STOP_MARKET BUY for LAUSDT (Qty: 0) @ Trigger: 0.3731
2025-10-28 13:47:40,965 - INFO - [upgradebot.py:393] - [DRY-RUN] Would submit order: {"side": "BUY", "symbol": "LAUSDT", "order_type": "STOP_MARKET", "quantity": 0, "exchange": "EXCHANGE_2", "trigger_price": 0.3731, "reduce_only": true}
2025-10-28 13:47:41,966 - INFO - [upgradebot.py:431] - --- Checking LABUSDT (Price: $0.1705) ---
2025-10-28 13:47:44,594 - INFO - [upgradebot.py:455] - Balance $9.0367 meets minimum value $7.5020 for LABUSDT. Proceeding with analysis.
2025-10-28 13:47:44,595 - INFO - [upgradebot.py:262] - Fetching 90 days of 240-min data for LABUSDT...
2025-10-28 13:47:47,209 - WARNING - [upgradebot.py:335] - Not enough hist data for LABUSDT (5<100). Skip train.
2025-10-28 13:47:47,210 - INFO - [upgradebot.py:473] - [PREDICTION] LABUSDT: HOLD at $0.2105
2025-10-28 13:47:49,703 - INFO - [upgradebot.py:304] - No active position found for LABUSDT.
2025-10-28 13:47:49,705 - INFO - [upgradebot.py:546] - ML predicts HOLD for LABUSDT. No action taken.
2025-10-28 13:47:50,705 - INFO - [upgradebot.py:431] - --- Checking LDOUSDT (Price: $0.9427) ---
2025-10-28 13:47:53,295 - INFO - [upgradebot.py:455] - Balance $9.0367 meets minimum value $7.5416 for LDOUSDT. Proceeding with analysis.
2025-10-28 13:47:53,295 - INFO - [upgradebot.py:262] - Fetching 90 days of 240-min data for LDOUSDT...
2025-10-28 13:47:55,834 - INFO - [upgradebot.py:348] - LDOUSDT model trained. Accuracy: 0.67
2025-10-28 13:47:55,846 - INFO - [upgradebot.py:473] - [PREDICTION] LDOUSDT: SELL at $1.2205
2025-10-28 13:47:58,029 - INFO - [upgradebot.py:304] - No active position found for LDOUSDT.
2025-10-28 13:47:58,032 - INFO - [upgradebot.py:523] - SELL signal for LDOUSDT. Considering SHORT entry.
2025-10-28 13:47:58,033 - INFO - [upgradebot.py:535] - Calculated SHORT Intent: Qty~6.663687, Entry~$1.2229, TP~$1.1618, SL~$1.2474
2025-10-28 13:47:58,033 - INFO - [upgradebot.py:537] - Placing SHORT Bracket Order...
2025-10-28 13:47:58,034 - ERROR - [upgradebot.py:386] - Final qty 6.6 < minimum 8.0. Cannot place entry.
2025-10-28 13:47:58,034 - ERROR - [upgradebot.py:543] - SHORT Entry order failed for LDOUSDT. TP/SL not placed.
2025-10-28 13:47:59,035 - INFO - [upgradebot.py:431] - --- Checking LIGHTUSDT (Price: $2.1331) ---
2025-10-28 13:48:01,272 - INFO - [upgradebot.py:455] - Balance $9.0367 meets minimum value $8.5324 for LIGHTUSDT. Proceeding with analysis.
2025-10-28 13:48:01,272 - INFO - [upgradebot.py:262] - Fetching 90 days of 240-min data for LIGHTUSDT...
2025-10-28 13:48:04,205 - INFO - [upgradebot.py:348] - LIGHTUSDT model trained. Accuracy: 0.89
2025-10-28 13:48:04,217 - INFO - [upgradebot.py:473] - [PREDICTION] LIGHTUSDT: HOLD at $0.9566
2025-10-28 13:48:06,809 - INFO - [upgradebot.py:304] - No active position found for LIGHTUSDT.
2025-10-28 13:48:06,811 - INFO - [upgradebot.py:546] - ML predicts HOLD for LIGHTUSDT. No action taken.
2025-10-28 13:48:07,812 - INFO - [upgradebot.py:431] - --- Checking LINEAUSDT (Price: $0.0142) ---
2025-10-28 13:48:10,169 - INFO - [upgradebot.py:455] - Balance $9.0367 meets minimum value $7.4797 for LINEAUSDT. Proceeding with analysis.
2025-10-28 13:48:10,169 - INFO - [upgradebot.py:262] - Fetching 90 days of 240-min data for LINEAUSDT...
2025-10-28 13:48:13,170 - INFO - [upgradebot.py:348] - LINEAUSDT model trained. Accuracy: 0.76
2025-10-28 13:48:13,182 - INFO - [upgradebot.py:473] - [PREDICTION] LINEAUSDT: HOLD at $0.02989
2025-10-28 13:48:15,583 - INFO - [upgradebot.py:304] - No active position found for LINEAUSDT.
2025-10-28 13:48:15,586 - INFO - [upgradebot.py:546] - ML predicts HOLD for LINEAUSDT. No action taken.
2025-10-28 13:48:16,586 - INFO - [upgradebot.py:431] - --- Checking LINKUSDT (Price: $18.3600) ---
2025-10-28 13:48:19,831 - INFO - [upgradebot.py:451] - Skipping LINKUSDT. Balance $9.0367 is less than minimum order value $9.1800.
2025-10-28 13:48:20,332 - INFO - [upgradebot.py:431] - --- Checking LISTAUSDT (Price: $0.2946) ---
2025-10-28 13:48:23,373 - INFO - [upgradebot.py:455] - Balance $9.0367 meets minimum value $7.6596 for LISTAUSDT. Proceeding with analysis.
2025-10-28 13:48:23,373 - INFO - [upgradebot.py:262] - Fetching 90 days of 240-min data for LISTAUSDT...
2025-10-28 13:48:26,941 - INFO - [upgradebot.py:348] - LISTAUSDT model trained. Accuracy: 0.60
2025-10-28 13:48:26,956 - INFO - [upgradebot.py:473] - [PREDICTION] LISTAUSDT: BUY at $0.2480
2025-10-28 13:48:30,385 - INFO - [upgradebot.py:304] - No active position found for LISTAUSDT.
2025-10-28 13:48:30,390 - INFO - [upgradebot.py:501] - Calculated LONG Intent: Qty~32.794476, Entry~$0.2475, TP~$0.2599, SL~$0.2426
2025-10-28 13:48:30,391 - INFO - [upgradebot.py:503] - Placing LONG Bracket Order...
2025-10-28 13:48:30,392 - INFO - [upgradebot.py:392] - [ACTION] Submitting LIMIT BUY for LISTAUSDT (Qty: 32.0) @ Price: 0.2475
2025-10-28 13:48:30,393 - INFO - [upgradebot.py:393] - [DRY-RUN] Would submit order: {"side": "BUY", "symbol": "LISTAUSDT", "order_type": "LIMIT", "quantity": 32.0, "exchange": "EXCHANGE_2", "price": 0.2475}
2025-10-28 13:48:30,394 - INFO - [upgradebot.py:392] - [ACTION] Submitting TAKE_PROFIT_MARKET SELL for LISTAUSDT (Qty: 0) @ Trigger: 0.2599
2025-10-28 13:48:30,395 - INFO - [upgradebot.py:393] - [DRY-RUN] Would submit order: {"side": "SELL", "symbol": "LISTAUSDT", "order_type": "TAKE_PROFIT_MARKET", "quantity": 0, "exchange": "EXCHANGE_2", "trigger_price": 0.2599, "reduce_only": true}
2025-10-28 13:48:30,395 - INFO - [upgradebot.py:392] - [ACTION] Submitting STOP_MARKET SELL for LISTAUSDT (Qty: 0) @ Trigger: 0.2426
2025-10-28 13:48:30,396 - INFO - [upgradebot.py:393] - [DRY-RUN] Would submit order: {"side": "SELL", "symbol": "LISTAUSDT", "order_type": "STOP_MARKET", "quantity": 0, "exchange": "EXCHANGE_2", "trigger_price": 0.2426, "reduce_only": true}
2025-10-28 13:48:31,398 - INFO - [upgradebot.py:431] - --- Checking LPTUSDT (Price: $5.0670) ---
2025-10-28 13:48:35,651 - INFO - [upgradebot.py:455] - Balance $9.0367 meets minimum value $7.6005 for LPTUSDT. Proceeding with analysis.
2025-10-28 13:48:35,652 - INFO - [upgradebot.py:262] - Fetching 90 days of 240-min data for LPTUSDT...
2025-10-28 13:48:42,182 - INFO - [upgradebot.py:348] - LPTUSDT model trained. Accuracy: 0.81
2025-10-28 13:48:42,277 - INFO - [upgradebot.py:473] - [PREDICTION] LPTUSDT: SELL at $6.727
2025-10-28 13:48:48,556 - INFO - [upgradebot.py:304] - No active position found for LPTUSDT.
2025-10-28 13:48:48,565 - INFO - [upgradebot.py:523] - SELL signal for LPTUSDT. Considering SHORT entry.
2025-10-28 13:48:48,566 - INFO - [upgradebot.py:535] - Calculated SHORT Intent: Qty~1.209013, Entry~$6.740, TP~$6.403, SL~$6.875
2025-10-28 13:48:48,568 - INFO - [upgradebot.py:537] - Placing SHORT Bracket Order...
2025-10-28 13:48:48,570 - ERROR - [upgradebot.py:386] - Final qty 1.2 < minimum 1.5. Cannot place entry.
2025-10-28 13:48:48,572 - ERROR - [upgradebot.py:543] - SHORT Entry order failed for LPTUSDT. TP/SL not placed.
2025-10-28 13:48:49,573 - INFO - [upgradebot.py:431] - --- Checking LQTYUSDT (Price: $0.5201) ---
2025-10-28 13:49:02,092 - INFO - [upgradebot.py:455] - Balance $9.0367 meets minimum value $7.4894 for LQTYUSDT. Proceeding with analysis.
2025-10-28 13:49:02,095 - INFO - [upgradebot.py:262] - Fetching 90 days of 240-min data for LQTYUSDT...
2025-10-28 13:49:10,307 - INFO - [upgradebot.py:348] - LQTYUSDT model trained. Accuracy: 0.83
2025-10-28 13:49:10,331 - INFO - [upgradebot.py:473] - [PREDICTION] LQTYUSDT: SELL at $0.8188
2025-10-28 13:49:14,054 - INFO - [upgradebot.py:304] - No active position found for LQTYUSDT.
2025-10-28 13:49:14,058 - INFO - [upgradebot.py:523] - SELL signal for LQTYUSDT. Considering SHORT entry.
2025-10-28 13:49:14,059 - INFO - [upgradebot.py:535] - Calculated SHORT Intent: Qty~9.932865, Entry~$0.8204, TP~$0.7794, SL~$0.8368
2025-10-28 13:49:14,060 - INFO - [upgradebot.py:537] - Placing SHORT Bracket Order...
2025-10-28 13:49:14,060 - ERROR - [upgradebot.py:386] - Final qty 9.9 < minimum 14.4. Cannot place entry.
2025-10-28 13:49:14,061 - ERROR - [upgradebot.py:543] - SHORT Entry order failed for LQTYUSDT. TP/SL not placed.
2025-10-28 13:49:15,062 - INFO - [upgradebot.py:431] - --- Checking LRCUSDT (Price: $0.0697) ---
2025-10-28 13:49:18,350 - INFO - [upgradebot.py:455] - Balance $9.0367 meets minimum value $7.5083 for LRCUSDT. Proceeding with analysis.
2025-10-28 13:49:18,351 - INFO - [upgradebot.py:262] - Fetching 90 days of 240-min data for LRCUSDT...
2025-10-28 13:49:21,603 - INFO - [upgradebot.py:348] - LRCUSDT model trained. Accuracy: 0.74
2025-10-28 13:49:21,625 - INFO - [upgradebot.py:473] - [PREDICTION] LRCUSDT: HOLD at $0.09233
2025-10-28 13:49:24,372 - INFO - [upgradebot.py:304] - No active position found for LRCUSDT.
2025-10-28 13:49:24,375 - INFO - [upgradebot.py:546] - ML predicts HOLD for LRCUSDT. No action taken.
2025-10-28 13:49:25,376 - INFO - [upgradebot.py:431] - --- Checking LSKUSDT (Price: $0.2176) ---
2025-10-28 13:49:27,821 - INFO - [upgradebot.py:455] - Balance $9.0367 meets minimum value $7.5072 for LSKUSDT. Proceeding with analysis.
2025-10-28 13:49:27,821 - INFO - [upgradebot.py:262] - Fetching 90 days of 240-min data for LSKUSDT...
2025-10-28 13:49:30,344 - INFO - [upgradebot.py:348] - LSKUSDT model trained. Accuracy: 0.79
2025-10-28 13:49:30,355 - INFO - [upgradebot.py:473] - [PREDICTION] LSKUSDT: HOLD at $0.3580
2025-10-28 13:49:32,517 - INFO - [upgradebot.py:304] - No active position found for LSKUSDT.
2025-10-28 13:49:32,520 - INFO - [upgradebot.py:546] - ML predicts HOLD for LSKUSDT. No action taken.
2025-10-28 13:49:33,520 - INFO - [upgradebot.py:431] - --- Checking LTCUSDT (Price: $103.5600) ---
2025-10-28 13:49:35,687 - INFO - [upgradebot.py:451] - Skipping LTCUSDT. Balance $9.0367 is less than minimum order value $10.3560.
2025-10-28 13:49:36,188 - INFO - [upgradebot.py:431] - --- Checking LUMIAUSDT (Price: $0.1369) ---
2025-10-28 13:49:38,222 - INFO - [upgradebot.py:455] - Balance $9.0367 meets minimum value $7.4747 for LUMIAUSDT. Proceeding with analysis.
2025-10-28 13:49:38,223 - INFO - [upgradebot.py:262] - Fetching 90 days of 240-min data for LUMIAUSDT...
2025-10-28 13:49:40,788 - INFO - [upgradebot.py:348] - LUMIAUSDT model trained. Accuracy: 0.81
2025-10-28 13:49:40,799 - INFO - [upgradebot.py:473] - [PREDICTION] LUMIAUSDT: HOLD at $0.3157
2025-10-28 13:49:43,135 - INFO - [upgradebot.py:304] - No active position found for LUMIAUSDT.
2025-10-28 13:49:43,138 - INFO - [upgradebot.py:546] - ML predicts HOLD for LUMIAUSDT. No action taken.
2025-10-28 13:49:44,139 - INFO - [upgradebot.py:431] - --- Checking LUNA2USDT (Price: $0.0997) ---
2025-10-28 13:49:46,439 - INFO - [upgradebot.py:455] - Balance $9.0367 meets minimum value $7.4944 for LUNA2USDT. Proceeding with analysis.
2025-10-28 13:49:46,439 - INFO - [upgradebot.py:262] - Fetching 90 days of 240-min data for LUNA2USDT...
2025-10-28 13:49:48,915 - INFO - [upgradebot.py:348] - LUNA2USDT model trained. Accuracy: 0.76
2025-10-28 13:49:48,927 - INFO - [upgradebot.py:473] - [PREDICTION] LUNA2USDT: SELL at $0.15010
2025-10-28 13:49:51,674 - INFO - [upgradebot.py:304] - No active position found for LUNA2USDT.
2025-10-28 13:49:51,677 - INFO - [upgradebot.py:523] - SELL signal for LUNA2USDT. Considering SHORT entry.
2025-10-28 13:49:51,678 - INFO - [upgradebot.py:535] - Calculated SHORT Intent: Qty~54.184077, Entry~$0.15040, TP~$0.14288, SL~$0.15341
2025-10-28 13:49:51,679 - INFO - [upgradebot.py:537] - Placing SHORT Bracket Order...
2025-10-28 13:49:51,679 - ERROR - [upgradebot.py:386] - Final qty 54.1 < minimum 75.2. Cannot place entry.
2025-10-28 13:49:51,680 - ERROR - [upgradebot.py:543] - SHORT Entry order failed for LUNA2USDT. TP/SL not placed.
2025-10-28 13:49:52,681 - INFO - [upgradebot.py:431] - --- Checking LYNUSDT (Price: $0.1343) ---
2025-10-28 13:49:55,035 - INFO - [upgradebot.py:455] - Balance $9.0367 meets minimum value $7.5208 for LYNUSDT. Proceeding with analysis.
2025-10-28 13:49:55,035 - INFO - [upgradebot.py:262] - Fetching 90 days of 240-min data for LYNUSDT...
2025-10-28 13:49:57,756 - INFO - [upgradebot.py:348] - LYNUSDT model trained. Accuracy: 0.72
2025-10-28 13:49:57,780 - INFO - [upgradebot.py:473] - [PREDICTION] LYNUSDT: BUY at $0.3553
2025-10-28 13:50:00,694 - INFO - [upgradebot.py:304] - No active position found for LYNUSDT.
2025-10-28 13:50:00,698 - INFO - [upgradebot.py:501] - Calculated LONG Intent: Qty~22.890599, Entry~$0.3546, TP~$0.3723, SL~$0.3475
2025-10-28 13:50:00,699 - INFO - [upgradebot.py:503] - Placing LONG Bracket Order...
2025-10-28 13:50:00,700 - ERROR - [upgradebot.py:386] - Final qty 22.0 < minimum 56.0. Cannot place entry.
2025-10-28 13:50:00,701 - ERROR - [upgradebot.py:509] - LONG Entry order failed for LYNUSDT. TP/SL not placed.
2025-10-28 13:50:01,702 - INFO - [upgradebot.py:431] - --- Checking MUSDT (Price: $2.2007) ---
2025-10-28 13:50:05,014 - INFO - [upgradebot.py:455] - Balance $9.0367 meets minimum value $8.8028 for MUSDT. Proceeding with analysis.
2025-10-28 13:50:05,015 - INFO - [upgradebot.py:262] - Fetching 90 days of 240-min data for MUSDT...
2025-10-28 13:50:08,406 - INFO - [upgradebot.py:348] - MUSDT model trained. Accuracy: 0.64
2025-10-28 13:50:08,431 - INFO - [upgradebot.py:473] - [PREDICTION] MUSDT: BUY at $2.4891
2025-10-28 13:50:12,062 - INFO - [upgradebot.py:304] - No active position found for MUSDT.
2025-10-28 13:50:12,067 - WARNING - [upgradebot.py:494] - Skipping MUSDT BUY. Investment $8.1330 < min value $8.8028.
2025-10-28 13:50:12,068 - INFO - [upgradebot.py:431] - --- Checking MAGICUSDT (Price: $0.1419) ---
2025-10-28 13:50:15,889 - INFO - [upgradebot.py:455] - Balance $9.0367 meets minimum value $7.5207 for MAGICUSDT. Proceeding with analysis.
2025-10-28 13:50:15,890 - INFO - [upgradebot.py:262] - Fetching 90 days of 240-min data for MAGICUSDT...
2025-10-28 13:50:21,322 - INFO - [upgradebot.py:348] - MAGICUSDT model trained. Accuracy: 0.78
2025-10-28 13:50:21,423 - INFO - [upgradebot.py:473] - [PREDICTION] MAGICUSDT: HOLD at $0.2070
2025-10-28 13:50:29,478 - INFO - [upgradebot.py:304] - No active position found for MAGICUSDT.
2025-10-28 13:50:29,500 - INFO - [upgradebot.py:546] - ML predicts HOLD for MAGICUSDT. No action taken.
2025-10-28 13:50:30,505 - INFO - [upgradebot.py:431] - --- Checking MANAUSDT (Price: $0.2430) ---
2025-10-28 13:50:38,877 - INFO - [upgradebot.py:455] - Balance $9.0367 meets minimum value $7.5087 for MANAUSDT. Proceeding with analysis.
2025-10-28 13:50:38,878 - INFO - [upgradebot.py:262] - Fetching 90 days of 240-min data for MANAUSDT...
2025-10-28 13:50:43,468 - INFO - [upgradebot.py:348] - MANAUSDT model trained. Accuracy: 0.88
2025-10-28 13:50:43,499 - INFO - [upgradebot.py:473] - [PREDICTION] MANAUSDT: SELL at $0.3319
2025-10-28 13:50:47,249 - INFO - [upgradebot.py:304] - No active position found for MANAUSDT.
2025-10-28 13:50:47,252 - INFO - [upgradebot.py:523] - SELL signal for MANAUSDT. Considering SHORT entry.
2025-10-28 13:50:47,253 - INFO - [upgradebot.py:535] - Calculated SHORT Intent: Qty~24.504459, Entry~$0.3326, TP~$0.3159, SL~$0.3392
2025-10-28 13:50:47,253 - INFO - [upgradebot.py:537] - Placing SHORT Bracket Order...
2025-10-28 13:50:47,254 - ERROR - [upgradebot.py:386] - Final qty 24.5 < minimum 30.9. Cannot place entry.
2025-10-28 13:50:47,254 - ERROR - [upgradebot.py:543] - SHORT Entry order failed for MANAUSDT. TP/SL not placed.
2025-10-28 13:50:48,255 - INFO - [upgradebot.py:431] - --- Checking MANTAUSDT (Price: $0.1155) ---
2025-10-28 13:50:50,927 - INFO - [upgradebot.py:455] - Balance $9.0367 meets minimum value $7.4960 for MANTAUSDT. Proceeding with analysis.
2025-10-28 13:50:50,927 - INFO - [upgradebot.py:262] - Fetching 90 days of 240-min data for MANTAUSDT...
2025-10-28 13:50:53,950 - INFO - [upgradebot.py:348] - MANTAUSDT model trained. Accuracy: 0.69
2025-10-28 13:50:53,962 - INFO - [upgradebot.py:473] - [PREDICTION] MANTAUSDT: HOLD at $0.2144
2025-10-28 13:50:56,648 - INFO - [upgradebot.py:304] - No active position found for MANTAUSDT.
2025-10-28 13:50:56,650 - INFO - [upgradebot.py:546] - ML predicts HOLD for MANTAUSDT. No action taken.
2025-10-28 13:50:57,651 - INFO - [upgradebot.py:431] - --- Checking MASKUSDT (Price: $0.8766) ---
2025-10-28 13:50:59,992 - INFO - [upgradebot.py:455] - Balance $9.0367 meets minimum value $7.5388 for MASKUSDT. Proceeding with analysis.
2025-10-28 13:50:59,992 - INFO - [upgradebot.py:262] - Fetching 90 days of 240-min data for MASKUSDT...
2025-10-28 13:51:02,700 - INFO - [upgradebot.py:348] - MASKUSDT model trained. Accuracy: 0.67
2025-10-28 13:51:02,719 - INFO - [upgradebot.py:473] - [PREDICTION] MASKUSDT: HOLD at $1.2480
2025-10-28 13:51:05,532 - INFO - [upgradebot.py:304] - No active position found for MASKUSDT.
2025-10-28 13:51:05,534 - INFO - [upgradebot.py:546] - ML predicts HOLD for MASKUSDT. No action taken.
2025-10-28 13:51:06,535 - INFO - [upgradebot.py:431] - --- Checking MAVUSDT (Price: $0.0377) ---
2025-10-28 13:51:08,724 - INFO - [upgradebot.py:455] - Balance $9.0367 meets minimum value $7.5122 for MAVUSDT. Proceeding with analysis.
2025-10-28 13:51:08,724 - INFO - [upgradebot.py:262] - Fetching 90 days of 240-min data for MAVUSDT...
2025-10-28 13:51:11,318 - INFO - [upgradebot.py:348] - MAVUSDT model trained. Accuracy: 0.79
2025-10-28 13:51:11,335 - INFO - [upgradebot.py:473] - [PREDICTION] MAVUSDT: HOLD at $0.06915
2025-10-28 13:51:13,912 - INFO - [upgradebot.py:304] - No active position found for MAVUSDT.
2025-10-28 13:51:13,914 - INFO - [upgradebot.py:546] - ML predicts HOLD for MAVUSDT. No action taken.
2025-10-28 13:51:14,915 - INFO - [upgradebot.py:431] - --- Checking MAVIAUSDT (Price: $0.2338) ---
2025-10-28 13:51:17,241 - INFO - [upgradebot.py:455] - Balance $9.0367 meets minimum value $7.5296 for MAVIAUSDT. Proceeding with analysis.
2025-10-28 13:51:17,241 - INFO - [upgradebot.py:262] - Fetching 90 days of 240-min data for MAVIAUSDT...
2025-10-28 13:51:20,172 - INFO - [upgradebot.py:348] - MAVIAUSDT model trained. Accuracy: 0.83
2025-10-28 13:51:20,190 - INFO - [upgradebot.py:473] - [PREDICTION] MAVIAUSDT: BUY at $0.15630
2025-10-28 13:51:23,172 - INFO - [upgradebot.py:304] - No active position found for MAVIAUSDT.
2025-10-28 13:51:23,177 - INFO - [upgradebot.py:501] - Calculated LONG Intent: Qty~52.034741, Entry~$0.15599, TP~$0.16379, SL~$0.15287
2025-10-28 13:51:23,178 - INFO - [upgradebot.py:503] - Placing LONG Bracket Order...
2025-10-28 13:51:23,178 - INFO - [upgradebot.py:392] - [ACTION] Submitting LIMIT BUY for MAVIAUSDT (Qty: 52.0) @ Price: 0.15599
2025-10-28 13:51:23,179 - INFO - [upgradebot.py:393] - [DRY-RUN] Would submit order: {"side": "BUY", "symbol": "MAVIAUSDT", "order_type": "LIMIT", "quantity": 52.0, "exchange": "EXCHANGE_2", "price": 0.15599}
2025-10-28 13:51:23,180 - INFO - [upgradebot.py:392] - [ACTION] Submitting TAKE_PROFIT_MARKET SELL for MAVIAUSDT (Qty: 0) @ Trigger: 0.16379
2025-10-28 13:51:23,181 - INFO - [upgradebot.py:393] - [DRY-RUN] Would submit order: {"side": "SELL", "symbol": "MAVIAUSDT", "order_type": "TAKE_PROFIT_MARKET", "quantity": 0, "exchange": "EXCHANGE_2", "trigger_price": 0.16379, "reduce_only": true}
2025-10-28 13:51:23,182 - INFO - [upgradebot.py:392] - [ACTION] Submitting STOP_MARKET SELL for MAVIAUSDT (Qty: 0) @ Trigger: 0.15287
2025-10-28 13:51:23,182 - INFO - [upgradebot.py:393] - [DRY-RUN] Would submit order: {"side": "SELL", "symbol": "MAVIAUSDT", "order_type": "STOP_MARKET", "quantity": 0, "exchange": "EXCHANGE_2", "trigger_price": 0.15287, "reduce_only": true}
2025-10-28 13:51:24,184 - INFO - [upgradebot.py:431] - --- Checking MBOXUSDT (Price: $0.0496) ---
2025-10-28 13:51:27,066 - INFO - [upgradebot.py:455] - Balance $9.0367 meets minimum value $7.5392 for MBOXUSDT. Proceeding with analysis.
2025-10-28 13:51:27,066 - INFO - [upgradebot.py:262] - Fetching 90 days of 240-min data for MBOXUSDT...
2025-10-28 13:51:31,435 - INFO - [upgradebot.py:348] - MBOXUSDT model trained. Accuracy: 0.74
2025-10-28 13:51:31,470 - INFO - [upgradebot.py:473] - [PREDICTION] MBOXUSDT: HOLD at $0.06694
2025-10-28 13:51:35,096 - INFO - [upgradebot.py:304] - No active position found for MBOXUSDT.
2025-10-28 13:51:35,099 - INFO - [upgradebot.py:546] - ML predicts HOLD for MBOXUSDT. No action taken.
2025-10-28 13:51:36,100 - INFO - [upgradebot.py:431] - --- Checking MEUSDT (Price: $0.4816) ---
2025-10-28 13:51:39,332 - INFO - [upgradebot.py:455] - Balance $9.0367 meets minimum value $7.7056 for MEUSDT. Proceeding with analysis.
2025-10-28 13:51:39,333 - INFO - [upgradebot.py:262] - Fetching 90 days of 240-min data for MEUSDT...
2025-10-28 13:51:43,818 - INFO - [upgradebot.py:348] - MEUSDT model trained. Accuracy: 0.76
2025-10-28 13:51:43,842 - INFO - [upgradebot.py:473] - [PREDICTION] MEUSDT: HOLD at $0.6675
2025-10-28 13:51:47,816 - INFO - [upgradebot.py:304] - No active position found for MEUSDT.
2025-10-28 13:51:47,821 - INFO - [upgradebot.py:546] - ML predicts HOLD for MEUSDT. No action taken.
2025-10-28 13:51:48,823 - INFO - [upgradebot.py:431] - --- Checking MELANIAUSDT (Price: $0.1164) ---
2025-10-28 13:51:55,342 - INFO - [upgradebot.py:455] - Balance $9.0367 meets minimum value $7.5078 for MELANIAUSDT. Proceeding with analysis.
2025-10-28 13:51:55,344 - INFO - [upgradebot.py:262] - Fetching 90 days of 240-min data for MELANIAUSDT...
2025-10-28 13:52:07,703 - INFO - [upgradebot.py:348] - MELANIAUSDT model trained. Accuracy: 0.83
2025-10-28 13:52:07,811 - INFO - [upgradebot.py:473] - [PREDICTION] MELANIAUSDT: HOLD at $0.1970
2025-10-28 13:52:18,822 - INFO - [upgradebot.py:304] - No active position found for MELANIAUSDT.
2025-10-28 13:52:18,826 - INFO - [upgradebot.py:546] - ML predicts HOLD for MELANIAUSDT. No action taken.
2025-10-28 13:52:19,827 - INFO - [upgradebot.py:431] - --- Checking MEMEUSDT (Price: $0.0017) ---
2025-10-28 13:52:24,073 - INFO - [upgradebot.py:455] - Balance $9.0367 meets minimum value $7.4880 for MEMEUSDT. Proceeding with analysis.
2025-10-28 13:52:24,073 - INFO - [upgradebot.py:262] - Fetching 90 days of 240-min data for MEMEUSDT...
2025-10-28 13:52:28,084 - INFO - [upgradebot.py:348] - MEMEUSDT model trained. Accuracy: 0.74
2025-10-28 13:52:28,096 - INFO - [upgradebot.py:473] - [PREDICTION] MEMEUSDT: HOLD at $0.002493
2025-10-28 13:52:30,948 - INFO - [upgradebot.py:304] - No active position found for MEMEUSDT.
2025-10-28 13:52:30,951 - INFO - [upgradebot.py:546] - ML predicts HOLD for MEMEUSDT. No action taken.
2025-10-28 13:52:31,952 - INFO - [upgradebot.py:431] - --- Checking MERLUSDT (Price: $0.3601) ---
2025-10-28 13:52:34,934 - INFO - [upgradebot.py:455] - Balance $9.0367 meets minimum value $7.5255 for MERLUSDT. Proceeding with analysis.
2025-10-28 13:52:34,935 - INFO - [upgradebot.py:262] - Fetching 90 days of 240-min data for MERLUSDT...
2025-10-28 13:52:38,285 - INFO - [upgradebot.py:348] - MERLUSDT model trained. Accuracy: 0.71
2025-10-28 13:52:38,296 - INFO - [upgradebot.py:473] - [PREDICTION] MERLUSDT: SELL at $0.15207
2025-10-28 13:52:40,846 - INFO - [upgradebot.py:304] - No active position found for MERLUSDT.
2025-10-28 13:52:40,848 - INFO - [upgradebot.py:523] - SELL signal for MERLUSDT. Considering SHORT entry.
2025-10-28 13:52:40,849 - INFO - [upgradebot.py:535] - Calculated SHORT Intent: Qty~53.482146, Entry~$0.15237, TP~$0.14476, SL~$0.15542
2025-10-28 13:52:40,849 - INFO - [upgradebot.py:537] - Placing SHORT Bracket Order...
2025-10-28 13:52:40,850 - INFO - [upgradebot.py:392] - [ACTION] Submitting LIMIT SELL for MERLUSDT (Qty: 53.4) @ Price: 0.15237
2025-10-28 13:52:40,850 - INFO - [upgradebot.py:393] - [DRY-RUN] Would submit order: {"side": "SELL", "symbol": "MERLUSDT", "order_type": "LIMIT", "quantity": 53.4, "exchange": "EXCHANGE_2", "price": 0.15237}
2025-10-28 13:52:40,850 - INFO - [upgradebot.py:392] - [ACTION] Submitting TAKE_PROFIT_MARKET BUY for MERLUSDT (Qty: 0) @ Trigger: 0.14476
2025-10-28 13:52:40,851 - INFO - [upgradebot.py:393] - [DRY-RUN] Would submit order: {"side": "BUY", "symbol": "MERLUSDT", "order_type": "TAKE_PROFIT_MARKET", "quantity": 0, "exchange": "EXCHANGE_2", "trigger_price": 0.14476, "reduce_only": true}
2025-10-28 13:52:40,851 - INFO - [upgradebot.py:392] - [ACTION] Submitting STOP_MARKET BUY for MERLUSDT (Qty: 0) @ Trigger: 0.15542
2025-10-28 13:52:40,852 - INFO - [upgradebot.py:393] - [DRY-RUN] Would submit order: {"side": "BUY", "symbol": "MERLUSDT", "order_type": "STOP_MARKET", "quantity": 0, "exchange": "EXCHANGE_2", "trigger_price": 0.15542, "reduce_only": true}
2025-10-28 13:52:41,852 - INFO - [upgradebot.py:431] - --- Checking METUSDT (Price: $0.4420) ---
2025-10-28 13:52:43,862 - INFO - [upgradebot.py:455] - Balance $9.0367 meets minimum value $7.5582 for METUSDT. Proceeding with analysis.
2025-10-28 13:52:43,862 - INFO - [upgradebot.py:262] - Fetching 90 days of 240-min data for METUSDT...
2025-10-28 13:52:46,080 - WARNING - [upgradebot.py:335] - Not enough hist data for METUSDT (32<100). Skip train.
2025-10-28 13:52:46,081 - INFO - [upgradebot.py:473] - [PREDICTION] METUSDT: HOLD at $0.9457
2025-10-28 13:52:48,335 - INFO - [upgradebot.py:304] - No active position found for METUSDT.
2025-10-28 13:52:48,337 - INFO - [upgradebot.py:546] - ML predicts HOLD for METUSDT. No action taken.
2025-10-28 13:52:49,338 - INFO - [upgradebot.py:431] - --- Checking METISUSDT (Price: $10.2130) ---
2025-10-28 13:52:51,438 - INFO - [upgradebot.py:455] - Balance $9.0367 meets minimum value $7.5576 for METISUSDT. Proceeding with analysis.
2025-10-28 13:52:51,439 - INFO - [upgradebot.py:262] - Fetching 90 days of 240-min data for METISUSDT...
2025-10-28 13:52:53,688 - INFO - [upgradebot.py:348] - METISUSDT model trained. Accuracy: 0.90
2025-10-28 13:52:53,701 - INFO - [upgradebot.py:473] - [PREDICTION] METISUSDT: HOLD at $14.550
2025-10-28 13:52:55,720 - INFO - [upgradebot.py:304] - No active position found for METISUSDT.
2025-10-28 13:52:55,722 - INFO - [upgradebot.py:546] - ML predicts HOLD for METISUSDT. No action taken.
2025-10-28 13:52:56,723 - INFO - [upgradebot.py:431] - --- Checking MEWUSDT (Price: $0.0019) ---
2025-10-28 13:52:59,263 - INFO - [upgradebot.py:455] - Balance $9.0367 meets minimum value $7.5001 for MEWUSDT. Proceeding with analysis.
2025-10-28 13:52:59,263 - INFO - [upgradebot.py:262] - Fetching 90 days of 240-min data for MEWUSDT...
2025-10-28 13:53:01,386 - INFO - [upgradebot.py:348] - MEWUSDT model trained. Accuracy: 0.83
2025-10-28 13:53:01,402 - INFO - [upgradebot.py:473] - [PREDICTION] MEWUSDT: HOLD at $0.003114
2025-10-28 13:53:04,782 - INFO - [upgradebot.py:304] - No active position found for MEWUSDT.
2025-10-28 13:53:04,786 - INFO - [upgradebot.py:546] - ML predicts HOLD for MEWUSDT. No action taken.
2025-10-28 13:53:05,787 - INFO - [upgradebot.py:431] - --- Checking MILKUSDT (Price: $0.0366) ---
2025-10-28 13:53:07,735 - INFO - [upgradebot.py:455] - Balance $9.0367 meets minimum value $7.5030 for MILKUSDT. Proceeding with analysis.
2025-10-28 13:53:07,736 - INFO - [upgradebot.py:262] - Fetching 90 days of 240-min data for MILKUSDT...
2025-10-28 13:53:10,531 - INFO - [upgradebot.py:348] - MILKUSDT model trained. Accuracy: 0.64
2025-10-28 13:53:10,548 - INFO - [upgradebot.py:473] - [PREDICTION] MILKUSDT: HOLD at $0.04802
2025-10-28 13:53:12,818 - INFO - [upgradebot.py:304] - No active position found for MILKUSDT.
2025-10-28 13:53:12,821 - INFO - [upgradebot.py:546] - ML predicts HOLD for MILKUSDT. No action taken.
2025-10-28 13:53:13,822 - INFO - [upgradebot.py:431] - --- Checking MINAUSDT (Price: $0.1068) ---
2025-10-28 13:53:15,867 - INFO - [upgradebot.py:455] - Balance $9.0367 meets minimum value $7.5080 for MINAUSDT. Proceeding with analysis.
2025-10-28 13:53:15,868 - INFO - [upgradebot.py:262] - Fetching 90 days of 240-min data for MINAUSDT...
2025-10-28 13:53:18,203 - INFO - [upgradebot.py:348] - MINAUSDT model trained. Accuracy: 0.81
2025-10-28 13:53:18,216 - INFO - [upgradebot.py:473] - [PREDICTION] MINAUSDT: SELL at $0.1831
2025-10-28 13:53:20,443 - INFO - [upgradebot.py:304] - No active position found for MINAUSDT.
2025-10-28 13:53:20,445 - INFO - [upgradebot.py:523] - SELL signal for MINAUSDT. Considering SHORT entry.
2025-10-28 13:53:20,446 - INFO - [upgradebot.py:535] - Calculated SHORT Intent: Qty~44.418514, Entry~$0.1835, TP~$0.1743, SL~$0.1871
2025-10-28 13:53:20,446 - INFO - [upgradebot.py:537] - Placing SHORT Bracket Order...
2025-10-28 13:53:20,447 - ERROR - [upgradebot.py:386] - Final qty 44.4 < minimum 70.3. Cannot place entry.
2025-10-28 13:53:20,447 - ERROR - [upgradebot.py:543] - SHORT Entry order failed for MINAUSDT. TP/SL not placed.
2025-10-28 13:53:21,448 - INFO - [upgradebot.py:431] - --- Checking MIRAUSDT (Price: $0.2990) ---
2025-10-28 13:53:23,771 - INFO - [upgradebot.py:455] - Balance $9.0367 meets minimum value $7.5049 for MIRAUSDT. Proceeding with analysis.
2025-10-28 13:53:23,771 - INFO - [upgradebot.py:262] - Fetching 90 days of 240-min data for MIRAUSDT...
2025-10-28 13:53:26,604 - INFO - [upgradebot.py:348] - MIRAUSDT model trained. Accuracy: 0.67
2025-10-28 13:53:26,635 - INFO - [upgradebot.py:473] - [PREDICTION] MIRAUSDT: BUY at $1.5296
2025-10-28 13:53:29,152 - INFO - [upgradebot.py:304] - No active position found for MIRAUSDT.
2025-10-28 13:53:29,156 - INFO - [upgradebot.py:501] - Calculated LONG Intent: Qty~5.317096, Entry~$1.5265, TP~$1.6029, SL~$1.4960
2025-10-28 13:53:29,156 - INFO - [upgradebot.py:503] - Placing LONG Bracket Order...
2025-10-28 13:53:29,157 - ERROR - [upgradebot.py:386] - Final qty 5.3 < minimum 25.1. Cannot place entry.
2025-10-28 13:53:29,158 - ERROR - [upgradebot.py:509] - LONG Entry order failed for MIRAUSDT. TP/SL not placed.
2025-10-28 13:53:30,158 - INFO - [upgradebot.py:431] - --- Checking MITOUSDT (Price: $0.1124) ---
2025-10-28 13:53:32,598 - INFO - [upgradebot.py:455] - Balance $9.0367 meets minimum value $7.5328 for MITOUSDT. Proceeding with analysis.
2025-10-28 13:53:32,598 - INFO - [upgradebot.py:262] - Fetching 90 days of 240-min data for MITOUSDT...
2025-10-28 13:53:35,592 - INFO - [upgradebot.py:348] - MITOUSDT model trained. Accuracy: 0.79
2025-10-28 13:53:35,614 - INFO - [upgradebot.py:473] - [PREDICTION] MITOUSDT: BUY at $0.28284
2025-10-28 13:53:38,239 - INFO - [upgradebot.py:304] - No active position found for MITOUSDT.
2025-10-28 13:53:38,242 - INFO - [upgradebot.py:501] - Calculated LONG Intent: Qty~28.754879, Entry~$0.28227, TP~$0.29639, SL~$0.27663
2025-10-28 13:53:38,242 - INFO - [upgradebot.py:503] - Placing LONG Bracket Order...
2025-10-28 13:53:38,243 - ERROR - [upgradebot.py:386] - Final qty 28.0 < minimum 67.0. Cannot place entry.
2025-10-28 13:53:38,244 - ERROR - [upgradebot.py:509] - LONG Entry order failed for MITOUSDT. TP/SL not placed.
2025-10-28 13:53:39,245 - INFO - [upgradebot.py:431] - --- Checking MLNUSDT (Price: $7.7860) ---
2025-10-28 13:53:42,298 - INFO - [upgradebot.py:455] - Balance $9.0367 meets minimum value $7.7860 for MLNUSDT. Proceeding with analysis.
2025-10-28 13:53:42,298 - INFO - [upgradebot.py:262] - Fetching 90 days of 240-min data for MLNUSDT...
2025-10-28 13:53:45,776 - INFO - [upgradebot.py:348] - MLNUSDT model trained. Accuracy: 0.79
2025-10-28 13:53:45,791 - INFO - [upgradebot.py:473] - [PREDICTION] MLNUSDT: HOLD at $8.028
2025-10-28 13:53:48,969 - INFO - [upgradebot.py:304] - No active position found for MLNUSDT.
2025-10-28 13:53:48,977 - INFO - [upgradebot.py:546] - ML predicts HOLD for MLNUSDT. No action taken.
2025-10-28 13:53:49,978 - INFO - [upgradebot.py:431] - --- Checking MNTUSDT (Price: $1.6383) ---
2025-10-28 13:53:53,689 - INFO - [upgradebot.py:455] - Balance $9.0367 meets minimum value $7.5362 for MNTUSDT. Proceeding with analysis.
2025-10-28 13:53:53,690 - INFO - [upgradebot.py:262] - Fetching 90 days of 240-min data for MNTUSDT...
2025-10-28 13:53:57,974 - INFO - [upgradebot.py:348] - MNTUSDT model trained. Accuracy: 0.79
2025-10-28 13:53:58,014 - INFO - [upgradebot.py:473] - [PREDICTION] MNTUSDT: BUY at $1.68710
2025-10-28 13:54:04,494 - INFO - [upgradebot.py:304] - No active position found for MNTUSDT.
2025-10-28 13:54:04,503 - INFO - [upgradebot.py:501] - Calculated LONG Intent: Qty~4.820716, Entry~$1.68373, TP~$1.76791, SL~$1.65005
2025-10-28 13:54:04,505 - INFO - [upgradebot.py:503] - Placing LONG Bracket Order...
2025-10-28 13:54:04,506 - INFO - [upgradebot.py:392] - [ACTION] Submitting LIMIT BUY for MNTUSDT (Qty: 4.8) @ Price: 1.68373
2025-10-28 13:54:04,508 - INFO - [upgradebot.py:393] - [DRY-RUN] Would submit order: {"side": "BUY", "symbol": "MNTUSDT", "order_type": "LIMIT", "quantity": 4.8, "exchange": "EXCHANGE_2", "price": 1.68373}
2025-10-28 13:54:04,509 - INFO - [upgradebot.py:392] - [ACTION] Submitting TAKE_PROFIT_MARKET SELL for MNTUSDT (Qty: 0) @ Trigger: 1.76791
2025-10-28 13:54:04,511 - INFO - [upgradebot.py:393] - [DRY-RUN] Would submit order: {"side": "SELL", "symbol": "MNTUSDT", "order_type": "TAKE_PROFIT_MARKET", "quantity": 0, "exchange": "EXCHANGE_2", "trigger_price": 1.76791, "reduce_only": true}
2025-10-28 13:54:04,513 - INFO - [upgradebot.py:392] - [ACTION] Submitting STOP_MARKET SELL for MNTUSDT (Qty: 0) @ Trigger: 1.65005
2025-10-28 13:54:04,514 - INFO - [upgradebot.py:393] - [DRY-RUN] Would submit order: {"side": "SELL", "symbol": "MNTUSDT", "order_type": "STOP_MARKET", "quantity": 0, "exchange": "EXCHANGE_2", "trigger_price": 1.65005, "reduce_only": true}
2025-10-28 13:54:05,516 - INFO - [upgradebot.py:431] - --- Checking MOCAUSDT (Price: $0.0538) ---
2025-10-28 13:54:12,809 - INFO - [upgradebot.py:455] - Balance $9.0367 meets minimum value $7.5362 for MOCAUSDT. Proceeding with analysis.
2025-10-28 13:54:12,810 - INFO - [upgradebot.py:262] - Fetching 90 days of 240-min data for MOCAUSDT...
2025-10-28 13:54:27,841 - INFO - [upgradebot.py:348] - MOCAUSDT model trained. Accuracy: 0.90
2025-10-28 13:54:28,018 - INFO - [upgradebot.py:473] - [PREDICTION] MOCAUSDT: HOLD at $0.06974
2025-10-28 13:54:37,970 - INFO - [upgradebot.py:304] - No active position found for MOCAUSDT.
2025-10-28 13:54:37,974 - INFO - [upgradebot.py:546] - ML predicts HOLD for MOCAUSDT. No action taken.
2025-10-28 13:54:38,975 - INFO - [upgradebot.py:431] - --- Checking MOODENGUSDT (Price: $0.1173) ---
2025-10-28 13:54:42,987 - INFO - [upgradebot.py:455] - Balance $9.0367 meets minimum value $7.5053 for MOODENGUSDT. Proceeding with analysis.
2025-10-28 13:54:42,988 - INFO - [upgradebot.py:262] - Fetching 90 days of 240-min data for MOODENGUSDT...
2025-10-28 13:54:47,395 - INFO - [upgradebot.py:348] - MOODENGUSDT model trained. Accuracy: 0.74
2025-10-28 13:54:47,419 - INFO - [upgradebot.py:473] - [PREDICTION] MOODENGUSDT: SELL at $0.19354
2025-10-28 13:54:49,932 - INFO - [upgradebot.py:304] - No active position found for MOODENGUSDT.
2025-10-28 13:54:49,935 - INFO - [upgradebot.py:523] - SELL signal for MOODENGUSDT. Considering SHORT entry.
2025-10-28 13:54:49,935 - INFO - [upgradebot.py:535] - Calculated SHORT Intent: Qty~42.022476, Entry~$0.19393, TP~$0.18423, SL~$0.19781
2025-10-28 13:54:49,936 - INFO - [upgradebot.py:537] - Placing SHORT Bracket Order...
2025-10-28 13:54:49,937 - ERROR - [upgradebot.py:386] - Final qty 42.0 < minimum 64.0. Cannot place entry.
2025-10-28 13:54:49,937 - ERROR - [upgradebot.py:543] - SHORT Entry order failed for MOODENGUSDT. TP/SL not placed.
2025-10-28 13:54:50,938 - INFO - [upgradebot.py:431] - --- Checking MORPHOUSDT (Price: $2.0643) ---
2025-10-28 13:54:53,734 - INFO - [upgradebot.py:455] - Balance $9.0367 meets minimum value $8.2572 for MORPHOUSDT. Proceeding with analysis.
2025-10-28 13:54:53,734 - INFO - [upgradebot.py:262] - Fetching 90 days of 240-min data for MORPHOUSDT...
2025-10-28 13:54:56,750 - INFO - [upgradebot.py:348] - MORPHOUSDT model trained. Accuracy: 0.71
2025-10-28 13:54:56,764 - INFO - [upgradebot.py:473] - [PREDICTION] MORPHOUSDT: HOLD at $1.9805
2025-10-28 13:54:59,300 - INFO - [upgradebot.py:304] - No active position found for MORPHOUSDT.
2025-10-28 13:54:59,302 - INFO - [upgradebot.py:546] - ML predicts HOLD for MORPHOUSDT. No action taken.
2025-10-28 13:55:00,303 - INFO - [upgradebot.py:431] - --- Checking MOVEUSDT (Price: $0.0754) ---
2025-10-28 13:55:02,700 - INFO - [upgradebot.py:455] - Balance $9.0367 meets minimum value $7.5430 for MOVEUSDT. Proceeding with analysis.
2025-10-28 13:55:02,701 - INFO - [upgradebot.py:262] - Fetching 90 days of 240-min data for MOVEUSDT...
2025-10-28 13:55:05,450 - INFO - [upgradebot.py:348] - MOVEUSDT model trained. Accuracy: 0.74
2025-10-28 13:55:05,461 - INFO - [upgradebot.py:473] - [PREDICTION] MOVEUSDT: HOLD at $0.12460
2025-10-28 13:55:07,742 - INFO - [upgradebot.py:304] - No active position found for MOVEUSDT.
2025-10-28 13:55:07,746 - INFO - [upgradebot.py:546] - ML predicts HOLD for MOVEUSDT. No action taken.
2025-10-28 13:55:08,747 - INFO - [upgradebot.py:431] - --- Checking MOVRUSDT (Price: $3.6330) ---
2025-10-28 13:55:11,060 - INFO - [upgradebot.py:455] - Balance $9.0367 meets minimum value $7.6293 for MOVRUSDT. Proceeding with analysis.
2025-10-28 13:55:11,061 - INFO - [upgradebot.py:262] - Fetching 90 days of 240-min data for MOVRUSDT...
2025-10-28 13:55:13,135 - INFO - [upgradebot.py:348] - MOVRUSDT model trained. Accuracy: 0.71
2025-10-28 13:55:13,144 - INFO - [upgradebot.py:473] - [PREDICTION] MOVRUSDT: SELL at $5.714
2025-10-28 13:55:15,072 - INFO - [upgradebot.py:304] - No active position found for MOVRUSDT.
2025-10-28 13:55:15,075 - INFO - [upgradebot.py:523] - SELL signal for MOVRUSDT. Considering SHORT entry.
2025-10-28 13:55:15,075 - INFO - [upgradebot.py:535] - Calculated SHORT Intent: Qty~1.423351, Entry~$5.725, TP~$5.439, SL~$5.840
2025-10-28 13:55:15,075 - INFO - [upgradebot.py:537] - Placing SHORT Bracket Order...
2025-10-28 13:55:15,076 - ERROR - [upgradebot.py:386] - Final qty 1.4 < minimum 2.1. Cannot place entry.
2025-10-28 13:55:15,076 - ERROR - [upgradebot.py:543] - SHORT Entry order failed for MOVRUSDT. TP/SL not placed.
2025-10-28 13:55:16,077 - INFO - [upgradebot.py:431] - --- Checking MTLUSDT (Price: $0.5022) ---
2025-10-28 13:55:17,921 - INFO - [upgradebot.py:455] - Balance $9.0367 meets minimum value $7.5330 for MTLUSDT. Proceeding with analysis.
2025-10-28 13:55:17,921 - INFO - [upgradebot.py:262] - Fetching 90 days of 240-min data for MTLUSDT...
2025-10-28 13:55:20,214 - INFO - [upgradebot.py:348] - MTLUSDT model trained. Accuracy: 0.79
2025-10-28 13:55:20,224 - INFO - [upgradebot.py:473] - [PREDICTION] MTLUSDT: HOLD at $0.7281
2025-10-28 13:55:22,496 - INFO - [upgradebot.py:304] - No active position found for MTLUSDT.
2025-10-28 13:55:22,498 - INFO - [upgradebot.py:546] - ML predicts HOLD for MTLUSDT. No action taken.
2025-10-28 13:55:23,499 - INFO - [upgradebot.py:431] - --- Checking MUBARAKUSDT (Price: $0.0231) ---
2025-10-28 13:55:25,389 - INFO - [upgradebot.py:455] - Balance $9.0367 meets minimum value $7.4974 for MUBARAKUSDT. Proceeding with analysis.
2025-10-28 13:55:25,389 - INFO - [upgradebot.py:262] - Fetching 90 days of 240-min data for MUBARAKUSDT...
2025-10-28 13:55:27,693 - INFO - [upgradebot.py:348] - MUBARAKUSDT model trained. Accuracy: 0.74
2025-10-28 13:55:27,703 - INFO - [upgradebot.py:473] - [PREDICTION] MUBARAKUSDT: HOLD at $0.03115
2025-10-28 13:55:29,893 - INFO - [upgradebot.py:304] - No active position found for MUBARAKUSDT.
2025-10-28 13:55:29,895 - INFO - [upgradebot.py:546] - ML predicts HOLD for MUBARAKUSDT. No action taken.
2025-10-28 13:55:30,896 - INFO - [upgradebot.py:431] - --- Checking MYROUSDT (Price: $0.0196) ---
2025-10-28 13:55:33,494 - INFO - [upgradebot.py:455] - Balance $9.0367 meets minimum value $7.5025 for MYROUSDT. Proceeding with analysis.
2025-10-28 13:55:33,494 - INFO - [upgradebot.py:262] - Fetching 90 days of 240-min data for MYROUSDT...
2025-10-28 13:55:36,489 - INFO - [upgradebot.py:348] - MYROUSDT model trained. Accuracy: 0.64
2025-10-28 13:55:36,502 - INFO - [upgradebot.py:473] - [PREDICTION] MYROUSDT: SELL at $0.02381
2025-10-28 13:55:38,757 - INFO - [upgradebot.py:304] - No active position found for MYROUSDT.
2025-10-28 13:55:38,761 - INFO - [upgradebot.py:523] - SELL signal for MYROUSDT. Considering SHORT entry.
2025-10-28 13:55:38,761 - INFO - [upgradebot.py:535] - Calculated SHORT Intent: Qty~341.580428, Entry~$0.02386, TP~$0.02266, SL~$0.02433
2025-10-28 13:55:38,762 - INFO - [upgradebot.py:537] - Placing SHORT Bracket Order...
2025-10-28 13:55:38,763 - ERROR - [upgradebot.py:386] - Final qty 341.0 < minimum 382.0. Cannot place entry.
2025-10-28 13:55:38,764 - ERROR - [upgradebot.py:543] - SHORT Entry order failed for MYROUSDT. TP/SL not placed.
2025-10-28 13:55:39,765 - INFO - [upgradebot.py:431] - --- Checking MYXUSDT (Price: $2.6436) ---
2025-10-28 13:55:42,039 - INFO - [upgradebot.py:455] - Balance $9.0367 meets minimum value $7.9308 for MYXUSDT. Proceeding with analysis.
2025-10-28 13:55:42,039 - INFO - [upgradebot.py:262] - Fetching 90 days of 240-min data for MYXUSDT...
2025-10-28 13:55:45,308 - INFO - [upgradebot.py:348] - MYXUSDT model trained. Accuracy: 0.76
2025-10-28 13:55:45,320 - INFO - [upgradebot.py:473] - [PREDICTION] MYXUSDT: SELL at $11.10400
2025-10-28 13:55:47,994 - INFO - [upgradebot.py:304] - No active position found for MYXUSDT.
2025-10-28 13:55:47,997 - INFO - [upgradebot.py:523] - SELL signal for MYXUSDT. Considering SHORT entry.
2025-10-28 13:55:47,998 - INFO - [upgradebot.py:535] - Calculated SHORT Intent: Qty~0.732441, Entry~$11.12621, TP~$10.56990, SL~$11.34873
2025-10-28 13:55:47,998 - INFO - [upgradebot.py:537] - Placing SHORT Bracket Order...
2025-10-28 13:55:47,999 - ERROR - [upgradebot.py:386] - Final qty 1.0 < minimum 3.0. Cannot place entry.
2025-10-28 13:55:48,000 - ERROR - [upgradebot.py:543] - SHORT Entry order failed for MYXUSDT. TP/SL not placed.
2025-10-28 13:55:49,001 - INFO - [upgradebot.py:431] - --- Checking NAORISUSDT (Price: $0.0508) ---
2025-10-28 13:55:52,311 - INFO - [upgradebot.py:455] - Balance $9.0367 meets minimum value $7.5258 for NAORISUSDT. Proceeding with analysis.
2025-10-28 13:55:52,312 - INFO - [upgradebot.py:262] - Fetching 90 days of 240-min data for NAORISUSDT...
2025-10-28 13:55:57,926 - INFO - [upgradebot.py:348] - NAORISUSDT model trained. Accuracy: 0.83
2025-10-28 13:55:57,974 - INFO - [upgradebot.py:473] - [PREDICTION] NAORISUSDT: SELL at $0.08108
2025-10-28 13:56:09,201 - INFO - [upgradebot.py:304] - No active position found for NAORISUSDT.
2025-10-28 13:56:09,204 - INFO - [upgradebot.py:523] - SELL signal for NAORISUSDT. Considering SHORT entry.
2025-10-28 13:56:09,205 - INFO - [upgradebot.py:535] - Calculated SHORT Intent: Qty~100.308707, Entry~$0.08124, TP~$0.07718, SL~$0.08287
2025-10-28 13:56:09,206 - INFO - [upgradebot.py:537] - Placing SHORT Bracket Order...
2025-10-28 13:56:09,207 - ERROR - [upgradebot.py:386] - Final qty 100.0 < minimum 148.0. Cannot place entry.
2025-10-28 13:56:09,207 - ERROR - [upgradebot.py:543] - SHORT Entry order failed for NAORISUSDT. TP/SL not placed.
2025-10-28 13:56:10,209 - INFO - [upgradebot.py:431] - --- Checking NEARUSDT (Price: $2.3380) ---
2025-10-28 13:56:13,318 - INFO - [upgradebot.py:455] - Balance $9.0367 meets minimum value $7.7154 for NEARUSDT. Proceeding with analysis.
2025-10-28 13:56:13,318 - INFO - [upgradebot.py:262] - Fetching 90 days of 240-min data for NEARUSDT...
2025-10-28 13:56:16,258 - INFO - [upgradebot.py:348] - NEARUSDT model trained. Accuracy: 0.60
2025-10-28 13:56:16,271 - INFO - [upgradebot.py:473] - [PREDICTION] NEARUSDT: HOLD at $2.672
2025-10-28 13:56:18,831 - INFO - [upgradebot.py:304] - No active position found for NEARUSDT.
2025-10-28 13:56:18,835 - INFO - [upgradebot.py:546] - ML predicts HOLD for NEARUSDT. No action taken.
2025-10-28 13:56:19,835 - INFO - [upgradebot.py:431] - --- Checking NEOUSDT (Price: $5.2670) ---
2025-10-28 13:56:21,786 - INFO - [upgradebot.py:455] - Balance $9.0367 meets minimum value $7.5318 for NEOUSDT. Proceeding with analysis.
2025-10-28 13:56:21,787 - INFO - [upgradebot.py:262] - Fetching 90 days of 240-min data for NEOUSDT...
2025-10-28 13:56:24,119 - INFO - [upgradebot.py:348] - NEOUSDT model trained. Accuracy: 0.67
2025-10-28 13:56:24,129 - INFO - [upgradebot.py:473] - [PREDICTION] NEOUSDT: SELL at $6.631
2025-10-28 13:56:26,214 - INFO - [upgradebot.py:304] - No active position found for NEOUSDT.
2025-10-28 13:56:26,220 - INFO - [upgradebot.py:523] - SELL signal for NEOUSDT. Considering SHORT entry.
2025-10-28 13:56:26,221 - INFO - [upgradebot.py:535] - Calculated SHORT Intent: Qty~1.226516, Entry~$6.644, TP~$6.312, SL~$6.777
2025-10-28 13:56:26,221 - INFO - [upgradebot.py:537] - Placing SHORT Bracket Order...
2025-10-28 13:56:26,222 - ERROR - [upgradebot.py:386] - Final qty 1.22 < minimum 1.43. Cannot place entry.
2025-10-28 13:56:26,222 - ERROR - [upgradebot.py:543] - SHORT Entry order failed for NEOUSDT. TP/SL not placed.
2025-10-28 13:56:27,223 - INFO - [upgradebot.py:431] - --- Checking NEWTUSDT (Price: $0.1568) ---
2025-10-28 13:56:29,049 - INFO - [upgradebot.py:455] - Balance $9.0367 meets minimum value $7.5264 for NEWTUSDT. Proceeding with analysis.
2025-10-28 13:56:29,049 - INFO - [upgradebot.py:262] - Fetching 90 days of 240-min data for NEWTUSDT...
2025-10-28 13:56:31,611 - INFO - [upgradebot.py:348] - NEWTUSDT model trained. Accuracy: 0.83
2025-10-28 13:56:31,620 - INFO - [upgradebot.py:473] - [PREDICTION] NEWTUSDT: HOLD at $0.2552
2025-10-28 13:56:33,548 - INFO - [upgradebot.py:304] - No active position found for NEWTUSDT.
2025-10-28 13:56:33,550 - INFO - [upgradebot.py:546] - ML predicts HOLD for NEWTUSDT. No action taken.
2025-10-28 13:56:34,551 - INFO - [upgradebot.py:431] - --- Checking NFPUSDT (Price: $0.0426) ---
2025-10-28 13:56:36,364 - INFO - [upgradebot.py:455] - Balance $9.0367 meets minimum value $7.4898 for NFPUSDT. Proceeding with analysis.
2025-10-28 13:56:36,364 - INFO - [upgradebot.py:262] - Fetching 90 days of 240-min data for NFPUSDT...
2025-10-28 13:56:38,345 - INFO - [upgradebot.py:348] - NFPUSDT model trained. Accuracy: 0.67
2025-10-28 13:56:38,354 - INFO - [upgradebot.py:473] - [PREDICTION] NFPUSDT: HOLD at $0.06812
2025-10-28 13:56:40,323 - INFO - [upgradebot.py:304] - No active position found for NFPUSDT.
2025-10-28 13:56:40,325 - INFO - [upgradebot.py:546] - ML predicts HOLD for NFPUSDT. No action taken.
2025-10-28 13:56:41,325 - INFO - [upgradebot.py:431] - --- Checking NILUSDT (Price: $0.2906) ---
2025-10-28 13:56:43,288 - INFO - [upgradebot.py:455] - Balance $9.0367 meets minimum value $7.5556 for NILUSDT. Proceeding with analysis.
2025-10-28 13:56:43,289 - INFO - [upgradebot.py:262] - Fetching 90 days of 240-min data for NILUSDT...
2025-10-28 13:56:45,286 - INFO - [upgradebot.py:348] - NILUSDT model trained. Accuracy: 0.63
2025-10-28 13:56:45,292 - INFO - [upgradebot.py:473] - [PREDICTION] NILUSDT: SELL at $0.3098
2025-10-28 13:56:47,090 - INFO - [upgradebot.py:304] - No active position found for NILUSDT.
2025-10-28 13:56:47,094 - INFO - [upgradebot.py:523] - SELL signal for NILUSDT. Considering SHORT entry.
2025-10-28 13:56:47,095 - INFO - [upgradebot.py:535] - Calculated SHORT Intent: Qty~26.252518, Entry~$0.3104, TP~$0.2949, SL~$0.3166
2025-10-28 13:56:47,097 - INFO - [upgradebot.py:537] - Placing SHORT Bracket Order...
2025-10-28 13:56:47,098 - INFO - [upgradebot.py:392] - [ACTION] Submitting LIMIT SELL for NILUSDT (Qty: 26.0) @ Price: 0.3104
2025-10-28 13:56:47,099 - INFO - [upgradebot.py:393] - [DRY-RUN] Would submit order: {"side": "SELL", "symbol": "NILUSDT", "order_type": "LIMIT", "quantity": 26.0, "exchange": "EXCHANGE_2", "price": 0.3104}
2025-10-28 13:56:47,100 - INFO - [upgradebot.py:392] - [ACTION] Submitting TAKE_PROFIT_MARKET BUY for NILUSDT (Qty: 0) @ Trigger: 0.2949
2025-10-28 13:56:47,101 - INFO - [upgradebot.py:393] - [DRY-RUN] Would submit order: {"side": "BUY", "symbol": "NILUSDT", "order_type": "TAKE_PROFIT_MARKET", "quantity": 0, "exchange": "EXCHANGE_2", "trigger_price": 0.2949, "reduce_only": true}
2025-10-28 13:56:47,101 - INFO - [upgradebot.py:392] - [ACTION] Submitting STOP_MARKET BUY for NILUSDT (Qty: 0) @ Trigger: 0.3166
2025-10-28 13:56:47,102 - INFO - [upgradebot.py:393] - [DRY-RUN] Would submit order: {"side": "BUY", "symbol": "NILUSDT", "order_type": "STOP_MARKET", "quantity": 0, "exchange": "EXCHANGE_2", "trigger_price": 0.3166, "reduce_only": true}
2025-10-28 13:56:48,103 - INFO - [upgradebot.py:431] - --- Checking NKNUSDT (Price: $0.0198) ---
2025-10-28 13:56:50,190 - INFO - [upgradebot.py:455] - Balance $9.0367 meets minimum value $7.4995 for NKNUSDT. Proceeding with analysis.
2025-10-28 13:56:50,190 - INFO - [upgradebot.py:262] - Fetching 90 days of 240-min data for NKNUSDT...
2025-10-28 13:56:52,331 - INFO - [upgradebot.py:348] - NKNUSDT model trained. Accuracy: 0.86
2025-10-28 13:56:52,339 - INFO - [upgradebot.py:473] - [PREDICTION] NKNUSDT: SELL at $0.02622
2025-10-28 13:56:54,252 - INFO - [upgradebot.py:304] - No active position found for NKNUSDT.
2025-10-28 13:56:54,255 - INFO - [upgradebot.py:523] - SELL signal for NKNUSDT. Considering SHORT entry.
2025-10-28 13:56:54,255 - INFO - [upgradebot.py:535] - Calculated SHORT Intent: Qty~310.184211, Entry~$0.02627, TP~$0.02496, SL~$0.02680
2025-10-28 13:56:54,255 - INFO - [upgradebot.py:537] - Placing SHORT Bracket Order...
2025-10-28 13:56:54,256 - ERROR - [upgradebot.py:386] - Final qty 310.0 < minimum 378.0. Cannot place entry.
2025-10-28 13:56:54,256 - ERROR - [upgradebot.py:543] - SHORT Entry order failed for NKNUSDT. TP/SL not placed.
2025-10-28 13:56:55,257 - INFO - [upgradebot.py:431] - --- Checking NMRUSDT (Price: $12.8580) ---
2025-10-28 13:56:57,071 - INFO - [upgradebot.py:455] - Balance $9.0367 meets minimum value $7.7148 for NMRUSDT. Proceeding with analysis.
2025-10-28 13:56:57,071 - INFO - [upgradebot.py:262] - Fetching 90 days of 240-min data for NMRUSDT...
2025-10-28 13:56:59,224 - INFO - [upgradebot.py:348] - NMRUSDT model trained. Accuracy: 0.71
2025-10-28 13:56:59,232 - INFO - [upgradebot.py:473] - [PREDICTION] NMRUSDT: HOLD at $17.695
2025-10-28 13:57:01,369 - INFO - [upgradebot.py:304] - No active position found for NMRUSDT.
2025-10-28 13:57:01,372 - INFO - [upgradebot.py:546] - ML predicts HOLD for NMRUSDT. No action taken.
2025-10-28 13:57:02,373 - INFO - [upgradebot.py:431] - --- Checking NOMUSDT (Price: $0.0217) ---
2025-10-28 13:57:04,188 - INFO - [upgradebot.py:455] - Balance $9.0367 meets minimum value $7.4727 for NOMUSDT. Proceeding with analysis.
2025-10-28 13:57:04,188 - INFO - [upgradebot.py:262] - Fetching 90 days of 240-min data for NOMUSDT...
2025-10-28 13:57:06,065 - INFO - [upgradebot.py:348] - NOMUSDT model trained. Accuracy: 0.83
2025-10-28 13:57:06,071 - INFO - [upgradebot.py:473] - [PREDICTION] NOMUSDT: BUY at $0.04197
2025-10-28 13:57:07,788 - INFO - [upgradebot.py:304] - No active position found for NOMUSDT.
2025-10-28 13:57:07,791 - INFO - [upgradebot.py:501] - Calculated LONG Intent: Qty~193.781987, Entry~$0.04189, TP~$0.04398, SL~$0.04105
2025-10-28 13:57:07,792 - INFO - [upgradebot.py:503] - Placing LONG Bracket Order...
2025-10-28 13:57:07,792 - ERROR - [upgradebot.py:386] - Final qty 190.0 < minimum 345.0. Cannot place entry.
2025-10-28 13:57:07,793 - ERROR - [upgradebot.py:509] - LONG Entry order failed for NOMUSDT. TP/SL not placed.
2025-10-28 13:57:08,794 - INFO - [upgradebot.py:431] - --- Checking NOTUSDT (Price: $0.0008) ---
2025-10-28 13:57:10,705 - INFO - [upgradebot.py:455] - Balance $9.0367 meets minimum value $7.4968 for NOTUSDT. Proceeding with analysis.
2025-10-28 13:57:10,705 - INFO - [upgradebot.py:262] - Fetching 90 days of 240-min data for NOTUSDT...
2025-10-28 13:57:12,908 - INFO - [upgradebot.py:348] - NOTUSDT model trained. Accuracy: 0.81
2025-10-28 13:57:12,919 - INFO - [upgradebot.py:473] - [PREDICTION] NOTUSDT: SELL at $0.0018830
2025-10-28 13:57:14,898 - INFO - [upgradebot.py:304] - No active position found for NOTUSDT.
2025-10-28 13:57:14,899 - INFO - [upgradebot.py:523] - SELL signal for NOTUSDT. Considering SHORT entry.
2025-10-28 13:57:14,900 - INFO - [upgradebot.py:535] - Calculated SHORT Intent: Qty~4319.187467, Entry~$0.0018868, TP~$0.0017924, SL~$0.0019245
2025-10-28 13:57:14,900 - INFO - [upgradebot.py:537] - Placing SHORT Bracket Order...
2025-10-28 13:57:14,900 - ERROR - [upgradebot.py:386] - Final qty 4310.0 < minimum 9167.0. Cannot place entry.
2025-10-28 13:57:14,901 - ERROR - [upgradebot.py:543] - SHORT Entry order failed for NOTUSDT. TP/SL not placed.
2025-10-28 13:57:15,901 - INFO - [upgradebot.py:431] - --- Checking NSUSDT (Price: $0.0792) ---
2025-10-28 13:57:17,791 - INFO - [upgradebot.py:455] - Balance $9.0367 meets minimum value $7.5212 for NSUSDT. Proceeding with analysis.
2025-10-28 13:57:17,791 - INFO - [upgradebot.py:262] - Fetching 90 days of 240-min data for NSUSDT...
2025-10-28 13:57:20,264 - INFO - [upgradebot.py:348] - NSUSDT model trained. Accuracy: 0.69
2025-10-28 13:57:20,276 - INFO - [upgradebot.py:473] - [PREDICTION] NSUSDT: SELL at $0.16670
2025-10-28 13:57:22,536 - INFO - [upgradebot.py:304] - No active position found for NSUSDT.
2025-10-28 13:57:22,538 - INFO - [upgradebot.py:523] - SELL signal for NSUSDT. Considering SHORT entry.
2025-10-28 13:57:22,539 - INFO - [upgradebot.py:535] - Calculated SHORT Intent: Qty~48.788422, Entry~$0.16703, TP~$0.15868, SL~$0.17037
2025-10-28 13:57:22,539 - INFO - [upgradebot.py:537] - Placing SHORT Bracket Order...
2025-10-28 13:57:22,540 - ERROR - [upgradebot.py:386] - Final qty 48.0 < minimum 95.0. Cannot place entry.
2025-10-28 13:57:22,541 - ERROR - [upgradebot.py:543] - SHORT Entry order failed for NSUSDT. TP/SL not placed.
2025-10-28 13:57:23,542 - INFO - [upgradebot.py:431] - --- Checking NTRNUSDT (Price: $0.0490) ---
2025-10-28 13:57:25,539 - INFO - [upgradebot.py:455] - Balance $9.0367 meets minimum value $7.5383 for NTRNUSDT. Proceeding with analysis.
2025-10-28 13:57:25,540 - INFO - [upgradebot.py:262] - Fetching 90 days of 240-min data for NTRNUSDT...
2025-10-28 13:57:27,716 - INFO - [upgradebot.py:348] - NTRNUSDT model trained. Accuracy: 0.81
2025-10-28 13:57:27,729 - INFO - [upgradebot.py:473] - [PREDICTION] NTRNUSDT: HOLD at $0.09460
2025-10-28 13:57:29,885 - INFO - [upgradebot.py:304] - No active position found for NTRNUSDT.
2025-10-28 13:57:29,887 - INFO - [upgradebot.py:546] - ML predicts HOLD for NTRNUSDT. No action taken.
2025-10-28 13:57:30,888 - INFO - [upgradebot.py:431] - --- Checking NXPCUSDT (Price: $0.3683) ---
2025-10-28 13:57:33,287 - INFO - [upgradebot.py:455] - Balance $9.0367 meets minimum value $7.5133 for NXPCUSDT. Proceeding with analysis.
2025-10-28 13:57:33,287 - INFO - [upgradebot.py:262] - Fetching 90 days of 240-min data for NXPCUSDT...
2025-10-28 13:57:36,242 - INFO - [upgradebot.py:348] - NXPCUSDT model trained. Accuracy: 0.74
2025-10-28 13:57:36,257 - INFO - [upgradebot.py:473] - [PREDICTION] NXPCUSDT: HOLD at $0.7035
2025-10-28 13:57:39,279 - INFO - [upgradebot.py:304] - No active position found for NXPCUSDT.
2025-10-28 13:57:39,281 - INFO - [upgradebot.py:546] - ML predicts HOLD for NXPCUSDT. No action taken.
2025-10-28 13:57:40,282 - INFO - [upgradebot.py:431] - --- Checking OBOLUSDT (Price: $0.0983) ---
2025-10-28 13:57:42,452 - INFO - [upgradebot.py:455] - Balance $9.0367 meets minimum value $7.5668 for OBOLUSDT. Proceeding with analysis.
2025-10-28 13:57:42,453 - INFO - [upgradebot.py:262] - Fetching 90 days of 240-min data for OBOLUSDT...
2025-10-28 13:57:45,323 - INFO - [upgradebot.py:348] - OBOLUSDT model trained. Accuracy: 0.59
2025-10-28 13:57:45,337 - INFO - [upgradebot.py:473] - [PREDICTION] OBOLUSDT: SELL at $0.13260
2025-10-28 13:57:47,671 - INFO - [upgradebot.py:304] - No active position found for OBOLUSDT.
2025-10-28 13:57:47,674 - INFO - [upgradebot.py:523] - SELL signal for OBOLUSDT. Considering SHORT entry.
2025-10-28 13:57:47,674 - INFO - [upgradebot.py:535] - Calculated SHORT Intent: Qty~61.335068, Entry~$0.13287, TP~$0.12622, SL~$0.13552
2025-10-28 13:57:47,675 - INFO - [upgradebot.py:537] - Placing SHORT Bracket Order...
2025-10-28 13:57:47,675 - ERROR - [upgradebot.py:386] - Final qty 61.0 < minimum 77.0. Cannot place entry.
2025-10-28 13:57:47,676 - ERROR - [upgradebot.py:543] - SHORT Entry order failed for OBOLUSDT. TP/SL not placed.
2025-10-28 13:57:48,677 - INFO - [upgradebot.py:431] - --- Checking OBTUSDT (Price: $0.0035) ---
2025-10-28 13:57:51,328 - INFO - [upgradebot.py:455] - Balance $9.0367 meets minimum value $7.5220 for OBTUSDT. Proceeding with analysis.
2025-10-28 13:57:51,329 - INFO - [upgradebot.py:262] - Fetching 90 days of 240-min data for OBTUSDT...
2025-10-28 13:57:55,299 - INFO - [upgradebot.py:348] - OBTUSDT model trained. Accuracy: 0.78
2025-10-28 13:57:55,328 - INFO - [upgradebot.py:473] - [PREDICTION] OBTUSDT: BUY at $0.005758
2025-10-28 13:57:59,243 - INFO - [upgradebot.py:304] - No active position found for OBTUSDT.
2025-10-28 13:57:59,249 - INFO - [upgradebot.py:501] - Calculated LONG Intent: Qty~1412.474818, Entry~$0.005746, TP~$0.006034, SL~$0.005632
2025-10-28 13:57:59,250 - INFO - [upgradebot.py:503] - Placing LONG Bracket Order...
2025-10-28 13:57:59,251 - ERROR - [upgradebot.py:386] - Final qty 1410.0 < minimum 2151.0. Cannot place entry.
2025-10-28 13:57:59,252 - ERROR - [upgradebot.py:509] - LONG Entry order failed for OBTUSDT. TP/SL not placed.
2025-10-28 13:58:00,253 - INFO - [upgradebot.py:431] - --- Checking OGUSDT (Price: $13.8744) ---
2025-10-28 13:58:10,712 - INFO - [upgradebot.py:455] - Balance $9.0367 meets minimum value $8.3246 for OGUSDT. Proceeding with analysis.
2025-10-28 13:58:10,714 - INFO - [upgradebot.py:262] - Fetching 90 days of 240-min data for OGUSDT...
2025-10-28 13:58:18,319 - INFO - [upgradebot.py:348] - OGUSDT model trained. Accuracy: 0.69
2025-10-28 13:58:18,354 - INFO - [upgradebot.py:473] - [PREDICTION] OGUSDT: BUY at $15.5400
2025-10-28 13:58:21,462 - INFO - [upgradebot.py:304] - No active position found for OGUSDT.
2025-10-28 13:58:21,465 - WARNING - [upgradebot.py:494] - Skipping OGUSDT BUY. Investment $8.1330 < min value $8.3246.
2025-10-28 13:58:21,466 - INFO - [upgradebot.py:431] - --- Checking OGNUSDT (Price: $0.0482) ---
2025-10-28 13:58:24,400 - INFO - [upgradebot.py:455] - Balance $9.0367 meets minimum value $7.5192 for OGNUSDT. Proceeding with analysis.
2025-10-28 13:58:24,401 - INFO - [upgradebot.py:262] - Fetching 90 days of 240-min data for OGNUSDT...
2025-10-28 13:58:27,483 - INFO - [upgradebot.py:348] - OGNUSDT model trained. Accuracy: 0.79
2025-10-28 13:58:27,496 - INFO - [upgradebot.py:473] - [PREDICTION] OGNUSDT: SELL at $0.06329
2025-10-28 13:58:29,596 - INFO - [upgradebot.py:304] - No active position found for OGNUSDT.
2025-10-28 13:58:29,599 - INFO - [upgradebot.py:523] - SELL signal for OGNUSDT. Considering SHORT entry.
2025-10-28 13:58:29,599 - INFO - [upgradebot.py:535] - Calculated SHORT Intent: Qty~128.504187, Entry~$0.06342, TP~$0.06025, SL~$0.06468
2025-10-28 13:58:29,599 - INFO - [upgradebot.py:537] - Placing SHORT Bracket Order...
2025-10-28 13:58:29,600 - ERROR - [upgradebot.py:386] - Final qty 128.0 < minimum 156.0. Cannot place entry.
2025-10-28 13:58:29,600 - ERROR - [upgradebot.py:543] - SHORT Entry order failed for OGNUSDT. TP/SL not placed.
2025-10-28 13:58:30,601 - INFO - [upgradebot.py:431] - --- Checking OKBUSDT (Price: $165.8100) ---
2025-10-28 13:58:32,902 - INFO - [upgradebot.py:455] - Balance $9.0367 meets minimum value $8.2905 for OKBUSDT. Proceeding with analysis.
2025-10-28 13:58:32,902 - INFO - [upgradebot.py:262] - Fetching 90 days of 240-min data for OKBUSDT...
2025-10-28 13:58:35,368 - INFO - [upgradebot.py:348] - OKBUSDT model trained. Accuracy: 0.90
2025-10-28 13:58:35,378 - INFO - [upgradebot.py:473] - [PREDICTION] OKBUSDT: HOLD at $199.61
2025-10-28 13:58:37,360 - INFO - [upgradebot.py:304] - No active position found for OKBUSDT.
2025-10-28 13:58:37,366 - INFO - [upgradebot.py:546] - ML predicts HOLD for OKBUSDT. No action taken.
2025-10-28 13:58:38,368 - INFO - [upgradebot.py:431] - --- Checking OLUSDT (Price: $0.0360) ---
2025-10-28 13:58:40,234 - INFO - [upgradebot.py:455] - Balance $9.0367 meets minimum value $7.6976 for OLUSDT. Proceeding with analysis.
2025-10-28 13:58:40,234 - INFO - [upgradebot.py:262] - Fetching 90 days of 240-min data for OLUSDT...
2025-10-28 13:58:42,342 - INFO - [upgradebot.py:348] - OLUSDT model trained. Accuracy: 0.74
2025-10-28 13:58:42,350 - INFO - [upgradebot.py:473] - [PREDICTION] OLUSDT: SELL at $0.04343
2025-10-28 13:58:44,230 - INFO - [upgradebot.py:304] - No active position found for OLUSDT.
2025-10-28 13:58:44,235 - INFO - [upgradebot.py:523] - SELL signal for OLUSDT. Considering SHORT entry.
2025-10-28 13:58:44,236 - INFO - [upgradebot.py:535] - Calculated SHORT Intent: Qty~187.267557, Entry~$0.04352, TP~$0.04134, SL~$0.04439
2025-10-28 13:58:44,238 - INFO - [upgradebot.py:537] - Placing SHORT Bracket Order...
2025-10-28 13:58:44,239 - ERROR - [upgradebot.py:386] - Final qty 187.0 < minimum 214.0. Cannot place entry.
2025-10-28 13:58:44,241 - ERROR - [upgradebot.py:543] - SHORT Entry order failed for OLUSDT. TP/SL not placed.
2025-10-28 13:58:45,242 - INFO - [upgradebot.py:431] - --- Checking OMUSDT (Price: $0.1144) ---
2025-10-28 13:58:46,993 - INFO - [upgradebot.py:455] - Balance $9.0367 meets minimum value $7.5504 for OMUSDT. Proceeding with analysis.
2025-10-28 13:58:46,994 - INFO - [upgradebot.py:262] - Fetching 90 days of 240-min data for OMUSDT...
2025-10-28 13:58:48,940 - INFO - [upgradebot.py:348] - OMUSDT model trained. Accuracy: 0.76
2025-10-28 13:58:48,946 - INFO - [upgradebot.py:473] - [PREDICTION] OMUSDT: HOLD at $0.20750
2025-10-28 13:58:50,880 - INFO - [upgradebot.py:304] - No active position found for OMUSDT.
2025-10-28 13:58:50,885 - INFO - [upgradebot.py:546] - ML predicts HOLD for OMUSDT. No action taken.
2025-10-28 13:58:51,887 - INFO - [upgradebot.py:431] - --- Checking ONDOUSDT (Price: $0.7470) ---
2025-10-28 13:58:53,695 - INFO - [upgradebot.py:455] - Balance $9.0367 meets minimum value $8.2170 for ONDOUSDT. Proceeding with analysis.
2025-10-28 13:58:53,696 - INFO - [upgradebot.py:262] - Fetching 90 days of 240-min data for ONDOUSDT...
2025-10-28 13:58:55,927 - INFO - [upgradebot.py:348] - ONDOUSDT model trained. Accuracy: 0.76
2025-10-28 13:58:55,938 - INFO - [upgradebot.py:473] - [PREDICTION] ONDOUSDT: HOLD at $1.0179
2025-10-28 13:58:58,053 - INFO - [upgradebot.py:304] - No active position found for ONDOUSDT.
2025-10-28 13:58:58,055 - INFO - [upgradebot.py:546] - ML predicts HOLD for ONDOUSDT. No action taken.
2025-10-28 13:58:59,056 - INFO - [upgradebot.py:431] - --- Checking ONEUSDT (Price: $0.0065) ---
2025-10-28 13:59:01,408 - INFO - [upgradebot.py:455] - Balance $9.0367 meets minimum value $7.5007 for ONEUSDT. Proceeding with analysis.
2025-10-28 13:59:01,409 - INFO - [upgradebot.py:262] - Fetching 90 days of 240-min data for ONEUSDT...
2025-10-28 13:59:03,847 - INFO - [upgradebot.py:348] - ONEUSDT model trained. Accuracy: 0.76
2025-10-28 13:59:03,858 - INFO - [upgradebot.py:473] - [PREDICTION] ONEUSDT: SELL at $0.010400
2025-10-28 13:59:05,880 - INFO - [upgradebot.py:304] - No active position found for ONEUSDT.
2025-10-28 13:59:05,888 - INFO - [upgradebot.py:523] - SELL signal for ONEUSDT. Considering SHORT entry.
2025-10-28 13:59:05,889 - INFO - [upgradebot.py:535] - Calculated SHORT Intent: Qty~782.022115, Entry~$0.010421, TP~$0.009900, SL~$0.010629
2025-10-28 13:59:05,890 - INFO - [upgradebot.py:537] - Placing SHORT Bracket Order...
2025-10-28 13:59:05,891 - ERROR - [upgradebot.py:386] - Final qty 782.0 < minimum 1162.0. Cannot place entry.
2025-10-28 13:59:05,892 - ERROR - [upgradebot.py:543] - SHORT Entry order failed for ONEUSDT. TP/SL not placed.
2025-10-28 13:59:06,893 - INFO - [upgradebot.py:431] - --- Checking ONGUSDT (Price: $0.1162) ---
2025-10-28 13:59:08,849 - INFO - [upgradebot.py:455] - Balance $9.0367 meets minimum value $7.5530 for ONGUSDT. Proceeding with analysis.
2025-10-28 13:59:08,850 - INFO - [upgradebot.py:262] - Fetching 90 days of 240-min data for ONGUSDT...
2025-10-28 13:59:11,339 - INFO - [upgradebot.py:348] - ONGUSDT model trained. Accuracy: 0.67
2025-10-28 13:59:11,348 - INFO - [upgradebot.py:473] - [PREDICTION] ONGUSDT: HOLD at $0.1649
2025-10-28 13:59:13,562 - INFO - [upgradebot.py:304] - No active position found for ONGUSDT.
2025-10-28 13:59:13,565 - INFO - [upgradebot.py:546] - ML predicts HOLD for ONGUSDT. No action taken.
2025-10-28 13:59:14,566 - INFO - [upgradebot.py:431] - --- Checking ONTUSDT (Price: $0.0919) ---
2025-10-28 13:59:16,708 - INFO - [upgradebot.py:455] - Balance $9.0367 meets minimum value $7.5383 for ONTUSDT. Proceeding with analysis.
2025-10-28 13:59:16,709 - INFO - [upgradebot.py:262] - Fetching 90 days of 240-min data for ONTUSDT...
2025-10-28 13:59:21,033 - INFO - [upgradebot.py:348] - ONTUSDT model trained. Accuracy: 0.81
2025-10-28 13:59:21,061 - INFO - [upgradebot.py:473] - [PREDICTION] ONTUSDT: HOLD at $0.13560
2025-10-28 13:59:25,452 - INFO - [upgradebot.py:304] - No active position found for ONTUSDT.
2025-10-28 13:59:25,457 - INFO - [upgradebot.py:546] - ML predicts HOLD for ONTUSDT. No action taken.
2025-10-28 13:59:26,459 - INFO - [upgradebot.py:431] - --- Checking OPUSDT (Price: $0.4557) ---
2025-10-28 13:59:30,661 - INFO - [upgradebot.py:455] - Balance $9.0367 meets minimum value $7.5191 for OPUSDT. Proceeding with analysis.
2025-10-28 13:59:30,662 - INFO - [upgradebot.py:262] - Fetching 90 days of 240-min data for OPUSDT...
2025-10-28 13:59:37,093 - INFO - [upgradebot.py:348] - OPUSDT model trained. Accuracy: 0.76
2025-10-28 13:59:37,131 - INFO - [upgradebot.py:473] - [PREDICTION] OPUSDT: SELL at $0.7673
2025-10-28 13:59:46,225 - INFO - [upgradebot.py:304] - No active position found for OPUSDT.
2025-10-28 13:59:46,235 - INFO - [upgradebot.py:523] - SELL signal for OPUSDT. Considering SHORT entry.
2025-10-28 13:59:46,236 - INFO - [upgradebot.py:535] - Calculated SHORT Intent: Qty~10.599544, Entry~$0.7688, TP~$0.7304, SL~$0.7842
2025-10-28 13:59:46,238 - INFO - [upgradebot.py:537] - Placing SHORT Bracket Order...
2025-10-28 13:59:46,240 - ERROR - [upgradebot.py:386] - Final qty 10.5 < minimum 16.5. Cannot place entry.
2025-10-28 13:59:46,243 - ERROR - [upgradebot.py:543] - SHORT Entry order failed for OPUSDT. TP/SL not placed.
2025-10-28 13:59:47,245 - INFO - [upgradebot.py:431] - --- Checking OPENUSDT (Price: $0.3750) ---
2025-10-28 13:59:51,523 - INFO - [upgradebot.py:455] - Balance $9.0367 meets minimum value $7.5000 for OPENUSDT. Proceeding with analysis.
2025-10-28 13:59:51,523 - INFO - [upgradebot.py:262] - Fetching 90 days of 240-min data for OPENUSDT...
2025-10-28 13:59:56,532 - INFO - [upgradebot.py:348] - OPENUSDT model trained. Accuracy: 0.90
2025-10-28 13:59:56,572 - INFO - [upgradebot.py:473] - [PREDICTION] OPENUSDT: HOLD at $0.9160
2025-10-28 13:59:59,887 - INFO - [upgradebot.py:304] - No active position found for OPENUSDT.
2025-10-28 13:59:59,889 - INFO - [upgradebot.py:546] - ML predicts HOLD for OPENUSDT. No action taken.
2025-10-28 14:00:00,890 - INFO - [upgradebot.py:431] - --- Checking ORBSUSDT (Price: $0.0133) ---
2025-10-28 14:00:03,768 - INFO - [upgradebot.py:455] - Balance $9.0367 meets minimum value $7.5125 for ORBSUSDT. Proceeding with analysis.
2025-10-28 14:00:03,768 - INFO - [upgradebot.py:262] - Fetching 90 days of 240-min data for ORBSUSDT...
2025-10-28 14:00:08,147 - INFO - [upgradebot.py:348] - ORBSUSDT model trained. Accuracy: 0.86
2025-10-28 14:00:08,168 - INFO - [upgradebot.py:473] - [PREDICTION] ORBSUSDT: HOLD at $0.01819
2025-10-28 14:00:10,641 - INFO - [upgradebot.py:304] - No active position found for ORBSUSDT.
2025-10-28 14:00:10,644 - INFO - [upgradebot.py:546] - ML predicts HOLD for ORBSUSDT. No action taken.
2025-10-28 14:00:11,644 - INFO - [upgradebot.py:431] - --- Checking ORCAUSDT (Price: $1.4930) ---
2025-10-28 14:00:14,047 - INFO - [upgradebot.py:455] - Balance $9.0367 meets minimum value $7.6143 for ORCAUSDT. Proceeding with analysis.
2025-10-28 14:00:14,047 - INFO - [upgradebot.py:262] - Fetching 90 days of 240-min data for ORCAUSDT...
2025-10-28 14:00:16,682 - INFO - [upgradebot.py:348] - ORCAUSDT model trained. Accuracy: 0.79
2025-10-28 14:00:16,694 - INFO - [upgradebot.py:473] - [PREDICTION] ORCAUSDT: SELL at $2.229
2025-10-28 14:00:19,185 - INFO - [upgradebot.py:304] - No active position found for ORCAUSDT.
2025-10-28 14:00:19,188 - INFO - [upgradebot.py:523] - SELL signal for ORCAUSDT. Considering SHORT entry.
2025-10-28 14:00:19,188 - INFO - [upgradebot.py:535] - Calculated SHORT Intent: Qty~3.648735, Entry~$2.233, TP~$2.122, SL~$2.278
2025-10-28 14:00:19,188 - INFO - [upgradebot.py:537] - Placing SHORT Bracket Order...
2025-10-28 14:00:19,189 - ERROR - [upgradebot.py:386] - Final qty 3.6 < minimum 5.1. Cannot place entry.
2025-10-28 14:00:19,189 - ERROR - [upgradebot.py:543] - SHORT Entry order failed for ORCAUSDT. TP/SL not placed.
2025-10-28 14:00:20,190 - INFO - [upgradebot.py:431] - --- Checking ORDERUSDT (Price: $0.2384) ---
2025-10-28 14:00:22,731 - INFO - [upgradebot.py:455] - Balance $9.0367 meets minimum value $7.6288 for ORDERUSDT. Proceeding with analysis.
2025-10-28 14:00:22,732 - INFO - [upgradebot.py:262] - Fetching 90 days of 240-min data for ORDERUSDT...
2025-10-28 14:00:25,614 - INFO - [upgradebot.py:348] - ORDERUSDT model trained. Accuracy: 0.71
2025-10-28 14:00:25,627 - INFO - [upgradebot.py:473] - [PREDICTION] ORDERUSDT: HOLD at $0.1443
2025-10-28 14:00:28,036 - INFO - [upgradebot.py:304] - No active position found for ORDERUSDT.
2025-10-28 14:00:28,039 - INFO - [upgradebot.py:546] - ML predicts HOLD for ORDERUSDT. No action taken.
2025-10-28 14:00:29,040 - INFO - [upgradebot.py:431] - --- Checking ORDIUSDT (Price: $5.2990) ---
2025-10-28 14:00:31,970 - INFO - [upgradebot.py:455] - Balance $9.0367 meets minimum value $7.5246 for ORDIUSDT. Proceeding with analysis.
2025-10-28 14:00:31,971 - INFO - [upgradebot.py:262] - Fetching 90 days of 240-min data for ORDIUSDT...
2025-10-28 14:00:35,316 - INFO - [upgradebot.py:348] - ORDIUSDT model trained. Accuracy: 0.67
2025-10-28 14:00:35,330 - INFO - [upgradebot.py:473] - [PREDICTION] ORDIUSDT: SELL at $9.784
2025-10-28 14:00:38,031 - INFO - [upgradebot.py:304] - No active position found for ORDIUSDT.
2025-10-28 14:00:38,034 - INFO - [upgradebot.py:523] - SELL signal for ORDIUSDT. Considering SHORT entry.
2025-10-28 14:00:38,034 - INFO - [upgradebot.py:535] - Calculated SHORT Intent: Qty~0.831258, Entry~$9.804, TP~$9.313, SL~$10.000
2025-10-28 14:00:38,035 - INFO - [upgradebot.py:537] - Placing SHORT Bracket Order...
2025-10-28 14:00:38,035 - ERROR - [upgradebot.py:386] - Final qty 0.83 < minimum 1.42. Cannot place entry.
2025-10-28 14:00:38,035 - ERROR - [upgradebot.py:543] - SHORT Entry order failed for ORDIUSDT. TP/SL not placed.
2025-10-28 14:00:39,037 - INFO - [upgradebot.py:431] - --- Checking OXTUSDT (Price: $0.0411) ---
2025-10-28 14:00:42,309 - INFO - [upgradebot.py:455] - Balance $9.0367 meets minimum value $7.5140 for OXTUSDT. Proceeding with analysis.
2025-10-28 14:00:42,310 - INFO - [upgradebot.py:262] - Fetching 90 days of 240-min data for OXTUSDT...
2025-10-28 14:00:45,903 - INFO - [upgradebot.py:348] - OXTUSDT model trained. Accuracy: 0.83
2025-10-28 14:00:45,919 - INFO - [upgradebot.py:473] - [PREDICTION] OXTUSDT: HOLD at $0.05410
2025-10-28 14:00:49,904 - INFO - [upgradebot.py:304] - No active position found for OXTUSDT.
2025-10-28 14:00:49,912 - INFO - [upgradebot.py:546] - ML predicts HOLD for OXTUSDT. No action taken.
2025-10-28 14:00:50,913 - INFO - [upgradebot.py:431] - --- Checking PARTIUSDT (Price: $0.0715) ---
2025-10-28 14:00:55,231 - INFO - [upgradebot.py:455] - Balance $9.0367 meets minimum value $7.5117 for PARTIUSDT. Proceeding with analysis.
2025-10-28 14:00:55,232 - INFO - [upgradebot.py:262] - Fetching 90 days of 240-min data for PARTIUSDT...
2025-10-28 14:01:02,083 - INFO - [upgradebot.py:348] - PARTIUSDT model trained. Accuracy: 0.71
2025-10-28 14:01:02,122 - INFO - [upgradebot.py:473] - [PREDICTION] PARTIUSDT: HOLD at $0.17870
2025-10-28 14:01:08,532 - INFO - [upgradebot.py:304] - No active position found for PARTIUSDT.
2025-10-28 14:01:08,548 - INFO - [upgradebot.py:546] - ML predicts HOLD for PARTIUSDT. No action taken.
2025-10-28 14:01:09,551 - INFO - [upgradebot.py:431] - --- Checking PAXGUSDT (Price: $3930.1600) ---
2025-10-28 14:01:21,420 - INFO - [upgradebot.py:455] - Balance $9.0367 meets minimum value $7.8603 for PAXGUSDT. Proceeding with analysis.
2025-10-28 14:01:21,423 - INFO - [upgradebot.py:262] - Fetching 90 days of 240-min data for PAXGUSDT...
2025-10-28 14:01:30,971 - INFO - [upgradebot.py:348] - PAXGUSDT model trained. Accuracy: 1.00
2025-10-28 14:01:30,993 - INFO - [upgradebot.py:473] - [PREDICTION] PAXGUSDT: HOLD at $3681.02
2025-10-28 14:01:34,914 - INFO - [upgradebot.py:304] - No active position found for PAXGUSDT.
2025-10-28 14:01:34,918 - INFO - [upgradebot.py:546] - ML predicts HOLD for PAXGUSDT. No action taken.
2025-10-28 14:01:35,919 - INFO - [upgradebot.py:431] - --- Checking PEAQUSDT (Price: $0.0831) ---
2025-10-28 14:01:39,357 - INFO - [upgradebot.py:455] - Balance $9.0367 meets minimum value $7.5594 for PEAQUSDT. Proceeding with analysis.
2025-10-28 14:01:39,357 - INFO - [upgradebot.py:262] - Fetching 90 days of 240-min data for PEAQUSDT...
2025-10-28 14:01:42,437 - INFO - [upgradebot.py:348] - PEAQUSDT model trained. Accuracy: 0.64
2025-10-28 14:01:42,461 - INFO - [upgradebot.py:473] - [PREDICTION] PEAQUSDT: HOLD at $0.10790
2025-10-28 14:01:45,305 - INFO - [upgradebot.py:304] - No active position found for PEAQUSDT.
2025-10-28 14:01:45,310 - INFO - [upgradebot.py:546] - ML predicts HOLD for PEAQUSDT. No action taken.
2025-10-28 14:01:46,310 - INFO - [upgradebot.py:431] - --- Checking PENDLEUSDT (Price: $3.2883) ---
2025-10-28 14:01:48,915 - INFO - [upgradebot.py:451] - Skipping PENDLEUSDT. Balance $9.0367 is less than minimum order value $9.8649.
2025-10-28 14:01:49,416 - INFO - [upgradebot.py:431] - --- Checking PENGUUSDT (Price: $0.0213) ---
2025-10-28 14:01:52,253 - INFO - [upgradebot.py:455] - Balance $9.0367 meets minimum value $7.4874 for PENGUUSDT. Proceeding with analysis.
2025-10-28 14:01:52,253 - INFO - [upgradebot.py:262] - Fetching 90 days of 240-min data for PENGUUSDT...
2025-10-28 14:01:54,915 - INFO - [upgradebot.py:348] - PENGUUSDT model trained. Accuracy: 0.81
2025-10-28 14:01:54,924 - INFO - [upgradebot.py:473] - [PREDICTION] PENGUUSDT: HOLD at $0.033956
2025-10-28 14:01:56,809 - INFO - [upgradebot.py:304] - No active position found for PENGUUSDT.
2025-10-28 14:01:56,812 - INFO - [upgradebot.py:546] - ML predicts HOLD for PENGUUSDT. No action taken.
2025-10-28 14:01:57,813 - INFO - [upgradebot.py:431] - --- Checking PEOPLEUSDT (Price: $0.0125) ---
2025-10-28 14:01:59,553 - INFO - [upgradebot.py:455] - Balance $9.0367 meets minimum value $7.4940 for PEOPLEUSDT. Proceeding with analysis.
2025-10-28 14:01:59,553 - INFO - [upgradebot.py:262] - Fetching 90 days of 240-min data for PEOPLEUSDT...
2025-10-28 14:02:01,597 - INFO - [upgradebot.py:348] - PEOPLEUSDT model trained. Accuracy: 0.76
2025-10-28 14:02:01,606 - INFO - [upgradebot.py:473] - [PREDICTION] PEOPLEUSDT: SELL at $0.02016
2025-10-28 14:02:03,775 - INFO - [upgradebot.py:304] - No active position found for PEOPLEUSDT.
2025-10-28 14:02:03,778 - INFO - [upgradebot.py:523] - SELL signal for PEOPLEUSDT. Considering SHORT entry.
2025-10-28 14:02:03,778 - INFO - [upgradebot.py:535] - Calculated SHORT Intent: Qty~403.424107, Entry~$0.02020, TP~$0.01919, SL~$0.02060
2025-10-28 14:02:03,779 - INFO - [upgradebot.py:537] - Placing SHORT Bracket Order...
2025-10-28 14:02:03,779 - ERROR - [upgradebot.py:386] - Final qty 403.0 < minimum 600.0. Cannot place entry.
2025-10-28 14:02:03,779 - ERROR - [upgradebot.py:543] - SHORT Entry order failed for PEOPLEUSDT. TP/SL not placed.
2025-10-28 14:02:04,780 - INFO - [upgradebot.py:431] - --- Checking PERPUSDT (Price: $0.2207) ---
2025-10-28 14:02:06,807 - INFO - [upgradebot.py:455] - Balance $9.0367 meets minimum value $7.5038 for PERPUSDT. Proceeding with analysis.
2025-10-28 14:02:06,808 - INFO - [upgradebot.py:262] - Fetching 90 days of 240-min data for PERPUSDT...
2025-10-28 14:02:09,009 - INFO - [upgradebot.py:348] - PERPUSDT model trained. Accuracy: 0.79
2025-10-28 14:02:09,017 - INFO - [upgradebot.py:473] - [PREDICTION] PERPUSDT: HOLD at $0.26100
2025-10-28 14:02:11,070 - INFO - [upgradebot.py:304] - No active position found for PERPUSDT.
2025-10-28 14:02:11,072 - INFO - [upgradebot.py:546] - ML predicts HOLD for PERPUSDT. No action taken.
2025-10-28 14:02:12,073 - INFO - [upgradebot.py:431] - --- Checking PHAUSDT (Price: $0.0607) ---
2025-10-28 14:02:14,347 - INFO - [upgradebot.py:455] - Balance $9.0367 meets minimum value $7.5318 for PHAUSDT. Proceeding with analysis.
2025-10-28 14:02:14,348 - INFO - [upgradebot.py:262] - Fetching 90 days of 240-min data for PHAUSDT...
2025-10-28 14:02:17,477 - INFO - [upgradebot.py:348] - PHAUSDT model trained. Accuracy: 0.79
2025-10-28 14:02:17,489 - INFO - [upgradebot.py:473] - [PREDICTION] PHAUSDT: SELL at $0.10349
2025-10-28 14:02:20,628 - INFO - [upgradebot.py:304] - No active position found for PHAUSDT.
2025-10-28 14:02:20,631 - INFO - [upgradebot.py:523] - SELL signal for PHAUSDT. Considering SHORT entry.
2025-10-28 14:02:20,632 - INFO - [upgradebot.py:535] - Calculated SHORT Intent: Qty~78.587593, Entry~$0.10370, TP~$0.09851, SL~$0.10577
2025-10-28 14:02:20,633 - INFO - [upgradebot.py:537] - Placing SHORT Bracket Order...
2025-10-28 14:02:20,633 - ERROR - [upgradebot.py:386] - Final qty 78.0 < minimum 124.0. Cannot place entry.
2025-10-28 14:02:20,634 - ERROR - [upgradebot.py:543] - SHORT Entry order failed for PHAUSDT. TP/SL not placed.
2025-10-28 14:02:21,635 - INFO - [upgradebot.py:431] - --- Checking PHBUSDT (Price: $0.5786) ---
2025-10-28 14:02:25,190 - INFO - [upgradebot.py:455] - Balance $9.0367 meets minimum value $7.5218 for PHBUSDT. Proceeding with analysis.
2025-10-28 14:02:25,191 - INFO - [upgradebot.py:262] - Fetching 90 days of 240-min data for PHBUSDT...
2025-10-28 14:02:29,220 - INFO - [upgradebot.py:348] - PHBUSDT model trained. Accuracy: 0.79
2025-10-28 14:02:29,246 - INFO - [upgradebot.py:473] - [PREDICTION] PHBUSDT: HOLD at $0.5496
2025-10-28 14:02:33,089 - INFO - [upgradebot.py:304] - No active position found for PHBUSDT.
2025-10-28 14:02:33,097 - INFO - [upgradebot.py:546] - ML predicts HOLD for PHBUSDT. No action taken.
2025-10-28 14:02:34,098 - INFO - [upgradebot.py:431] - --- Checking PIPPINUSDT (Price: $0.0192) ---
2025-10-28 14:02:38,053 - INFO - [upgradebot.py:455] - Balance $9.0367 meets minimum value $7.5264 for PIPPINUSDT. Proceeding with analysis.
2025-10-28 14:02:38,054 - INFO - [upgradebot.py:262] - Fetching 90 days of 240-min data for PIPPINUSDT...
2025-10-28 14:02:45,146 - INFO - [upgradebot.py:348] - PIPPINUSDT model trained. Accuracy: 0.67
2025-10-28 14:02:45,303 - INFO - [upgradebot.py:473] - [PREDICTION] PIPPINUSDT: SELL at $0.02124
2025-10-28 14:02:54,902 - INFO - [upgradebot.py:304] - No active position found for PIPPINUSDT.
2025-10-28 14:02:54,930 - INFO - [upgradebot.py:523] - SELL signal for PIPPINUSDT. Considering SHORT entry.
2025-10-28 14:02:54,934 - INFO - [upgradebot.py:535] - Calculated SHORT Intent: Qty~382.911017, Entry~$0.02128, TP~$0.02022, SL~$0.02171
2025-10-28 14:02:54,937 - INFO - [upgradebot.py:537] - Placing SHORT Bracket Order...
2025-10-28 14:02:54,955 - ERROR - [upgradebot.py:386] - Final qty 382.0 < minimum 392.0. Cannot place entry.
2025-10-28 14:02:54,962 - ERROR - [upgradebot.py:543] - SHORT Entry order failed for PIPPINUSDT. TP/SL not placed.
2025-10-28 14:02:55,966 - INFO - [upgradebot.py:431] - --- Checking PIXELUSDT (Price: $0.0172) ---
2025-10-28 14:03:01,516 - INFO - [upgradebot.py:455] - Balance $9.0367 meets minimum value $7.5164 for PIXELUSDT. Proceeding with analysis.
2025-10-28 14:03:01,517 - INFO - [upgradebot.py:262] - Fetching 90 days of 240-min data for PIXELUSDT...
2025-10-28 14:03:05,930 - INFO - [upgradebot.py:348] - PIXELUSDT model trained. Accuracy: 0.67
2025-10-28 14:03:05,956 - INFO - [upgradebot.py:473] - [PREDICTION] PIXELUSDT: SELL at $0.03315
2025-10-28 14:03:09,420 - INFO - [upgradebot.py:304] - No active position found for PIXELUSDT.
2025-10-28 14:03:09,423 - INFO - [upgradebot.py:523] - SELL signal for PIXELUSDT. Considering SHORT entry.
2025-10-28 14:03:09,424 - INFO - [upgradebot.py:535] - Calculated SHORT Intent: Qty~245.340271, Entry~$0.03322, TP~$0.03156, SL~$0.03388
2025-10-28 14:03:09,424 - INFO - [upgradebot.py:537] - Placing SHORT Bracket Order...
2025-10-28 14:03:09,425 - ERROR - [upgradebot.py:386] - Final qty 245.0 < minimum 437.0. Cannot place entry.
2025-10-28 14:03:09,425 - ERROR - [upgradebot.py:543] - SHORT Entry order failed for PIXELUSDT. TP/SL not placed.
2025-10-28 14:03:10,426 - INFO - [upgradebot.py:431] - --- Checking PLUMEUSDT (Price: $0.0719) ---
2025-10-28 14:03:12,837 - INFO - [upgradebot.py:455] - Balance $9.0367 meets minimum value $7.5516 for PLUMEUSDT. Proceeding with analysis.
2025-10-28 14:03:12,838 - INFO - [upgradebot.py:262] - Fetching 90 days of 240-min data for PLUMEUSDT...
2025-10-28 14:03:15,991 - INFO - [upgradebot.py:348] - PLUMEUSDT model trained. Accuracy: 0.71
2025-10-28 14:03:16,005 - INFO - [upgradebot.py:473] - [PREDICTION] PLUMEUSDT: BUY at $0.13209
2025-10-28 14:03:18,585 - INFO - [upgradebot.py:304] - No active position found for PLUMEUSDT.
2025-10-28 14:03:18,589 - INFO - [upgradebot.py:501] - Calculated LONG Intent: Qty~61.571883, Entry~$0.13183, TP~$0.13842, SL~$0.12919
2025-10-28 14:03:18,589 - INFO - [upgradebot.py:503] - Placing LONG Bracket Order...
2025-10-28 14:03:18,591 - ERROR - [upgradebot.py:386] - Final qty 61.0 < minimum 105.0. Cannot place entry.
2025-10-28 14:03:18,591 - ERROR - [upgradebot.py:509] - LONG Entry order failed for PLUMEUSDT. TP/SL not placed.
2025-10-28 14:03:19,592 - INFO - [upgradebot.py:431] - --- Checking PNUTUSDT (Price: $0.1382) ---
2025-10-28 14:03:21,811 - INFO - [upgradebot.py:455] - Balance $9.0367 meets minimum value $7.6010 for PNUTUSDT. Proceeding with analysis.
2025-10-28 14:03:21,812 - INFO - [upgradebot.py:262] - Fetching 90 days of 240-min data for PNUTUSDT...
2025-10-28 14:03:24,460 - INFO - [upgradebot.py:348] - PNUTUSDT model trained. Accuracy: 0.83
2025-10-28 14:03:24,474 - INFO - [upgradebot.py:473] - [PREDICTION] PNUTUSDT: SELL at $0.2380
2025-10-28 14:03:26,803 - INFO - [upgradebot.py:304] - No active position found for PNUTUSDT.
2025-10-28 14:03:26,805 - INFO - [upgradebot.py:523] - SELL signal for PNUTUSDT. Considering SHORT entry.
2025-10-28 14:03:26,805 - INFO - [upgradebot.py:535] - Calculated SHORT Intent: Qty~34.172395, Entry~$0.2385, TP~$0.2266, SL~$0.2432
2025-10-28 14:03:26,806 - INFO - [upgradebot.py:537] - Placing SHORT Bracket Order...
2025-10-28 14:03:26,806 - ERROR - [upgradebot.py:386] - Final qty 34.0 < minimum 55.0. Cannot place entry.
2025-10-28 14:03:26,806 - ERROR - [upgradebot.py:543] - SHORT Entry order failed for PNUTUSDT. TP/SL not placed.
2025-10-28 14:03:27,807 - INFO - [upgradebot.py:431] - --- Checking POLUSDT (Price: $0.1999) ---
2025-10-28 14:03:30,175 - INFO - [upgradebot.py:455] - Balance $9.0367 meets minimum value $7.5962 for POLUSDT. Proceeding with analysis.
2025-10-28 14:03:30,176 - INFO - [upgradebot.py:262] - Fetching 90 days of 240-min data for POLUSDT...
2025-10-28 14:03:33,002 - INFO - [upgradebot.py:348] - POLUSDT model trained. Accuracy: 0.76
2025-10-28 14:03:33,015 - INFO - [upgradebot.py:473] - [PREDICTION] POLUSDT: HOLD at $0.2675
2025-10-28 14:03:35,601 - INFO - [upgradebot.py:304] - No active position found for POLUSDT.
2025-10-28 14:03:35,604 - INFO - [upgradebot.py:546] - ML predicts HOLD for POLUSDT. No action taken.
2025-10-28 14:03:36,605 - INFO - [upgradebot.py:431] - --- Checking POLYXUSDT (Price: $0.0871) ---
2025-10-28 14:03:39,205 - INFO - [upgradebot.py:455] - Balance $9.0367 meets minimum value $7.5751 for POLYXUSDT. Proceeding with analysis.
2025-10-28 14:03:39,205 - INFO - [upgradebot.py:262] - Fetching 90 days of 240-min data for POLYXUSDT...
2025-10-28 14:03:42,042 - INFO - [upgradebot.py:348] - POLYXUSDT model trained. Accuracy: 0.88
2025-10-28 14:03:42,060 - INFO - [upgradebot.py:473] - [PREDICTION] POLYXUSDT: HOLD at $0.13470
2025-10-28 14:03:44,796 - INFO - [upgradebot.py:304] - No active position found for POLYXUSDT.
2025-10-28 14:03:44,798 - INFO - [upgradebot.py:546] - ML predicts HOLD for POLYXUSDT. No action taken.
2025-10-28 14:03:45,799 - INFO - [upgradebot.py:431] - --- Checking PONKEUSDT (Price: $0.0635) ---
2025-10-28 14:03:48,341 - INFO - [upgradebot.py:455] - Balance $9.0367 meets minimum value $7.4965 for PONKEUSDT. Proceeding with analysis.
2025-10-28 14:03:48,341 - INFO - [upgradebot.py:262] - Fetching 90 days of 240-min data for PONKEUSDT...
2025-10-28 14:03:51,571 - INFO - [upgradebot.py:348] - PONKEUSDT model trained. Accuracy: 0.74
2025-10-28 14:03:51,585 - INFO - [upgradebot.py:473] - [PREDICTION] PONKEUSDT: SELL at $0.10205
2025-10-28 14:03:54,491 - INFO - [upgradebot.py:304] - No active position found for PONKEUSDT.
2025-10-28 14:03:54,494 - INFO - [upgradebot.py:523] - SELL signal for PONKEUSDT. Considering SHORT entry.
2025-10-28 14:03:54,495 - INFO - [upgradebot.py:535] - Calculated SHORT Intent: Qty~79.696521, Entry~$0.10225, TP~$0.09714, SL~$0.10430
2025-10-28 14:03:54,495 - INFO - [upgradebot.py:537] - Placing SHORT Bracket Order...
2025-10-28 14:03:54,496 - ERROR - [upgradebot.py:386] - Final qty 79.0 < minimum 118.0. Cannot place entry.
2025-10-28 14:03:54,497 - ERROR - [upgradebot.py:543] - SHORT Entry order failed for PONKEUSDT. TP/SL not placed.
2025-10-28 14:03:55,497 - INFO - [upgradebot.py:431] - --- Checking POPCATUSDT (Price: $0.1562) ---
2025-10-28 14:03:58,565 - INFO - [upgradebot.py:455] - Balance $9.0367 meets minimum value $7.4976 for POPCATUSDT. Proceeding with analysis.
2025-10-28 14:03:58,566 - INFO - [upgradebot.py:262] - Fetching 90 days of 240-min data for POPCATUSDT...
2025-10-28 14:04:03,429 - INFO - [upgradebot.py:348] - POPCATUSDT model trained. Accuracy: 0.74
2025-10-28 14:04:03,476 - INFO - [upgradebot.py:473] - [PREDICTION] POPCATUSDT: HOLD at $0.2633
2025-10-28 14:04:07,029 - INFO - [upgradebot.py:304] - No active position found for POPCATUSDT.
2025-10-28 14:04:07,033 - INFO - [upgradebot.py:546] - ML predicts HOLD for POPCATUSDT. No action taken.
2025-10-28 14:04:08,034 - INFO - [upgradebot.py:431] - --- Checking PORTALUSDT (Price: $0.0265) ---
2025-10-28 14:04:14,856 - INFO - [upgradebot.py:455] - Balance $9.0367 meets minimum value $7.4896 for PORTALUSDT. Proceeding with analysis.
2025-10-28 14:04:14,857 - INFO - [upgradebot.py:262] - Fetching 90 days of 240-min data for PORTALUSDT...
2025-10-28 14:04:25,425 - INFO - [upgradebot.py:348] - PORTALUSDT model trained. Accuracy: 0.83
2025-10-28 14:04:25,533 - INFO - [upgradebot.py:473] - [PREDICTION] PORTALUSDT: HOLD at $0.04942
2025-10-28 14:04:34,633 - INFO - [upgradebot.py:304] - No active position found for PORTALUSDT.
2025-10-28 14:04:34,640 - INFO - [upgradebot.py:546] - ML predicts HOLD for PORTALUSDT. No action taken.
2025-10-28 14:04:35,641 - INFO - [upgradebot.py:431] - --- Checking POWRUSDT (Price: $0.1185) ---
2025-10-28 14:04:40,969 - INFO - [upgradebot.py:455] - Balance $9.0367 meets minimum value $7.5840 for POWRUSDT. Proceeding with analysis.
2025-10-28 14:04:40,970 - INFO - [upgradebot.py:262] - Fetching 90 days of 240-min data for POWRUSDT...
2025-10-28 14:04:44,674 - INFO - [upgradebot.py:348] - POWRUSDT model trained. Accuracy: 0.81
2025-10-28 14:04:44,689 - INFO - [upgradebot.py:473] - [PREDICTION] POWRUSDT: HOLD at $0.1618
2025-10-28 14:04:47,526 - INFO - [upgradebot.py:304] - No active position found for POWRUSDT.
2025-10-28 14:04:47,529 - INFO - [upgradebot.py:546] - ML predicts HOLD for POWRUSDT. No action taken.
2025-10-28 14:04:48,530 - INFO - [upgradebot.py:431] - --- Checking PRCLUSDT (Price: $0.0409) ---
2025-10-28 14:04:50,951 - INFO - [upgradebot.py:455] - Balance $9.0367 meets minimum value $7.5274 for PRCLUSDT. Proceeding with analysis.
2025-10-28 14:04:50,952 - INFO - [upgradebot.py:262] - Fetching 90 days of 240-min data for PRCLUSDT...
2025-10-28 14:04:53,739 - INFO - [upgradebot.py:348] - PRCLUSDT model trained. Accuracy: 0.71
2025-10-28 14:04:53,750 - INFO - [upgradebot.py:473] - [PREDICTION] PRCLUSDT: SELL at $0.08459
2025-10-28 14:04:55,804 - INFO - [upgradebot.py:304] - No active position found for PRCLUSDT.
2025-10-28 14:04:55,807 - INFO - [upgradebot.py:523] - SELL signal for PRCLUSDT. Considering SHORT entry.
2025-10-28 14:04:55,808 - INFO - [upgradebot.py:535] - Calculated SHORT Intent: Qty~96.146471, Entry~$0.08476, TP~$0.08052, SL~$0.08645
2025-10-28 14:04:55,809 - INFO - [upgradebot.py:537] - Placing SHORT Bracket Order...
2025-10-28 14:04:55,810 - ERROR - [upgradebot.py:386] - Final qty 96.0 < minimum 184.0. Cannot place entry.
2025-10-28 14:04:55,810 - ERROR - [upgradebot.py:543] - SHORT Entry order failed for PRCLUSDT. TP/SL not placed.
2025-10-28 14:04:56,811 - INFO - [upgradebot.py:431] - --- Checking PROMUSDT (Price: $9.7980) ---
2025-10-28 14:04:58,913 - INFO - [upgradebot.py:455] - Balance $9.0367 meets minimum value $7.8384 for PROMUSDT. Proceeding with analysis.
2025-10-28 14:04:58,914 - INFO - [upgradebot.py:262] - Fetching 90 days of 240-min data for PROMUSDT...
2025-10-28 14:05:01,500 - INFO - [upgradebot.py:348] - PROMUSDT model trained. Accuracy: 0.76
2025-10-28 14:05:01,510 - INFO - [upgradebot.py:473] - [PREDICTION] PROMUSDT: BUY at $9.4090
2025-10-28 14:05:03,650 - INFO - [upgradebot.py:304] - No active position found for PROMUSDT.
2025-10-28 14:05:03,652 - INFO - [upgradebot.py:501] - Calculated LONG Intent: Qty~0.864388, Entry~$9.3902, TP~$9.8597, SL~$9.2024
2025-10-28 14:05:03,652 - INFO - [upgradebot.py:503] - Placing LONG Bracket Order...
2025-10-28 14:05:03,652 - INFO - [upgradebot.py:392] - [ACTION] Submitting LIMIT BUY for PROMUSDT (Qty: 0.8) @ Price: 9.3902
2025-10-28 14:05:03,653 - INFO - [upgradebot.py:393] - [DRY-RUN] Would submit order: {"side": "BUY", "symbol": "PROMUSDT", "order_type": "LIMIT", "quantity": 0.8, "exchange": "EXCHANGE_2", "price": 9.3902}
2025-10-28 14:05:03,653 - INFO - [upgradebot.py:392] - [ACTION] Submitting TAKE_PROFIT_MARKET SELL for PROMUSDT (Qty: 0) @ Trigger: 9.8597
2025-10-28 14:05:03,653 - INFO - [upgradebot.py:393] - [DRY-RUN] Would submit order: {"side": "SELL", "symbol": "PROMUSDT", "order_type": "TAKE_PROFIT_MARKET", "quantity": 0, "exchange": "EXCHANGE_2", "trigger_price": 9.8597, "reduce_only": true}
2025-10-28 14:05:03,654 - INFO - [upgradebot.py:392] - [ACTION] Submitting STOP_MARKET SELL for PROMUSDT (Qty: 0) @ Trigger: 9.2024
2025-10-28 14:05:03,654 - INFO - [upgradebot.py:393] - [DRY-RUN] Would submit order: {"side": "SELL", "symbol": "PROMUSDT", "order_type": "STOP_MARKET", "quantity": 0, "exchange": "EXCHANGE_2", "trigger_price": 9.2024, "reduce_only": true}
2025-10-28 14:05:04,655 - INFO - [upgradebot.py:431] - --- Checking PROMPTUSDT (Price: $0.0874) ---
2025-10-28 14:05:08,173 - INFO - [upgradebot.py:455] - Balance $9.0367 meets minimum value $7.5138 for PROMPTUSDT. Proceeding with analysis.
2025-10-28 14:05:08,173 - INFO - [upgradebot.py:262] - Fetching 90 days of 240-min data for PROMPTUSDT...
2025-10-28 14:05:11,668 - INFO - [upgradebot.py:348] - PROMPTUSDT model trained. Accuracy: 0.76
2025-10-28 14:05:11,683 - INFO - [upgradebot.py:473] - [PREDICTION] PROMPTUSDT: HOLD at $0.16816
2025-10-28 14:05:14,735 - INFO - [upgradebot.py:304] - No active position found for PROMPTUSDT.
2025-10-28 14:05:14,740 - INFO - [upgradebot.py:546] - ML predicts HOLD for PROMPTUSDT. No action taken.
2025-10-28 14:05:15,741 - INFO - [upgradebot.py:431] - --- Checking PROVEUSDT (Price: $0.8000) ---
2025-10-28 14:05:18,842 - INFO - [upgradebot.py:455] - Balance $9.0367 meets minimum value $8.0000 for PROVEUSDT. Proceeding with analysis.
2025-10-28 14:05:18,843 - INFO - [upgradebot.py:262] - Fetching 90 days of 240-min data for PROVEUSDT...
2025-10-28 14:05:22,662 - INFO - [upgradebot.py:348] - PROVEUSDT model trained. Accuracy: 0.52
2025-10-28 14:05:22,681 - INFO - [upgradebot.py:473] - [PREDICTION] PROVEUSDT: HOLD at $0.9170
2025-10-28 14:05:26,044 - INFO - [upgradebot.py:304] - No active position found for PROVEUSDT.
2025-10-28 14:05:26,048 - INFO - [upgradebot.py:546] - ML predicts HOLD for PROVEUSDT. No action taken.
2025-10-28 14:05:27,049 - INFO - [upgradebot.py:431] - --- Checking PUFFERUSDT (Price: $0.0989) ---
2025-10-28 14:05:30,480 - INFO - [upgradebot.py:455] - Balance $9.0367 meets minimum value $7.4168 for PUFFERUSDT. Proceeding with analysis.
2025-10-28 14:05:30,481 - INFO - [upgradebot.py:262] - Fetching 90 days of 240-min data for PUFFERUSDT...
2025-10-28 14:05:36,881 - INFO - [upgradebot.py:348] - PUFFERUSDT model trained. Accuracy: 0.79
2025-10-28 14:05:36,919 - INFO - [upgradebot.py:473] - [PREDICTION] PUFFERUSDT: HOLD at $0.20430
2025-10-28 14:05:41,489 - INFO - [upgradebot.py:304] - No active position found for PUFFERUSDT.
2025-10-28 14:05:41,499 - INFO - [upgradebot.py:546] - ML predicts HOLD for PUFFERUSDT. No action taken.
2025-10-28 14:05:42,500 - INFO - [upgradebot.py:431] - --- Checking PUMPBTCUSDT (Price: $0.0472) ---
2025-10-28 14:05:47,621 - INFO - [upgradebot.py:455] - Balance $9.0367 meets minimum value $7.5080 for PUMPBTCUSDT. Proceeding with analysis.
2025-10-28 14:05:47,623 - INFO - [upgradebot.py:262] - Fetching 90 days of 240-min data for PUMPBTCUSDT...
2025-10-28 14:05:58,463 - INFO - [upgradebot.py:348] - PUMPBTCUSDT model trained. Accuracy: 0.83
2025-10-28 14:05:58,521 - INFO - [upgradebot.py:473] - [PREDICTION] PUMPBTCUSDT: SELL at $0.09789
2025-10-28 14:06:02,615 - INFO - [upgradebot.py:304] - No active position found for PUMPBTCUSDT.
2025-10-28 14:06:02,619 - INFO - [upgradebot.py:523] - SELL signal for PUMPBTCUSDT. Considering SHORT entry.
2025-10-28 14:06:02,620 - INFO - [upgradebot.py:535] - Calculated SHORT Intent: Qty~83.083359, Entry~$0.09809, TP~$0.09318, SL~$0.10005
2025-10-28 14:06:02,621 - INFO - [upgradebot.py:537] - Placing SHORT Bracket Order...
2025-10-28 14:06:02,622 - ERROR - [upgradebot.py:386] - Final qty 80.0 < minimum 159.0. Cannot place entry.
2025-10-28 14:06:02,623 - ERROR - [upgradebot.py:543] - SHORT Entry order failed for PUMPBTCUSDT. TP/SL not placed.
2025-10-28 14:06:03,624 - INFO - [upgradebot.py:431] - --- Checking PUMPFUNUSDT (Price: $0.0049) ---
2025-10-28 14:06:08,009 - INFO - [upgradebot.py:455] - Balance $9.0367 meets minimum value $7.5506 for PUMPFUNUSDT. Proceeding with analysis.
2025-10-28 14:06:08,010 - INFO - [upgradebot.py:262] - Fetching 90 days of 240-min data for PUMPFUNUSDT...
2025-10-28 14:06:11,997 - INFO - [upgradebot.py:348] - PUMPFUNUSDT model trained. Accuracy: 0.81
2025-10-28 14:06:12,012 - INFO - [upgradebot.py:473] - [PREDICTION] PUMPFUNUSDT: HOLD at $0.007831
2025-10-28 14:06:14,682 - INFO - [upgradebot.py:304] - No active position found for PUMPFUNUSDT.
2025-10-28 14:06:14,685 - INFO - [upgradebot.py:546] - ML predicts HOLD for PUMPFUNUSDT. No action taken.
2025-10-28 14:06:15,686 - INFO - [upgradebot.py:431] - --- Checking PUNDIXUSDT (Price: $0.3353) ---
2025-10-28 14:06:18,050 - INFO - [upgradebot.py:455] - Balance $9.0367 meets minimum value $7.7119 for PUNDIXUSDT. Proceeding with analysis.
2025-10-28 14:06:18,050 - INFO - [upgradebot.py:262] - Fetching 90 days of 240-min data for PUNDIXUSDT...
2025-10-28 14:06:20,751 - INFO - [upgradebot.py:348] - PUNDIXUSDT model trained. Accuracy: 0.81
2025-10-28 14:06:20,768 - INFO - [upgradebot.py:473] - [PREDICTION] PUNDIXUSDT: HOLD at $0.3127
2025-10-28 14:06:23,013 - INFO - [upgradebot.py:304] - No active position found for PUNDIXUSDT.
2025-10-28 14:06:23,015 - INFO - [upgradebot.py:546] - ML predicts HOLD for PUNDIXUSDT. No action taken.
2025-10-28 14:06:24,016 - INFO - [upgradebot.py:431] - --- Checking PYRUSDT (Price: $0.6545) ---
2025-10-28 14:06:26,301 - INFO - [upgradebot.py:455] - Balance $9.0367 meets minimum value $7.8540 for PYRUSDT. Proceeding with analysis.
2025-10-28 14:06:26,302 - INFO - [upgradebot.py:262] - Fetching 90 days of 240-min data for PYRUSDT...
2025-10-28 14:06:28,923 - INFO - [upgradebot.py:348] - PYRUSDT model trained. Accuracy: 0.81
2025-10-28 14:06:28,933 - INFO - [upgradebot.py:473] - [PREDICTION] PYRUSDT: HOLD at $1.1000
2025-10-28 14:06:31,042 - INFO - [upgradebot.py:304] - No active position found for PYRUSDT.
2025-10-28 14:06:31,045 - INFO - [upgradebot.py:546] - ML predicts HOLD for PYRUSDT. No action taken.
2025-10-28 14:06:32,045 - INFO - [upgradebot.py:431] - --- Checking PYTHUSDT (Price: $0.1158) ---
2025-10-28 14:06:34,296 - INFO - [upgradebot.py:455] - Balance $9.0367 meets minimum value $7.5270 for PYTHUSDT. Proceeding with analysis.
2025-10-28 14:06:34,296 - INFO - [upgradebot.py:262] - Fetching 90 days of 240-min data for PYTHUSDT...
2025-10-28 14:06:36,860 - INFO - [upgradebot.py:348] - PYTHUSDT model trained. Accuracy: 0.76
2025-10-28 14:06:36,870 - INFO - [upgradebot.py:473] - [PREDICTION] PYTHUSDT: SELL at $0.1648
2025-10-28 14:06:38,846 - INFO - [upgradebot.py:304] - No active position found for PYTHUSDT.
2025-10-28 14:06:38,849 - INFO - [upgradebot.py:523] - SELL signal for PYTHUSDT. Considering SHORT entry.
2025-10-28 14:06:38,849 - INFO - [upgradebot.py:535] - Calculated SHORT Intent: Qty~49.350910, Entry~$0.1651, TP~$0.1569, SL~$0.1684
2025-10-28 14:06:38,850 - INFO - [upgradebot.py:537] - Placing SHORT Bracket Order...
2025-10-28 14:06:38,850 - ERROR - [upgradebot.py:386] - Final qty 49.0 < minimum 65.0. Cannot place entry.
2025-10-28 14:06:38,850 - ERROR - [upgradebot.py:543] - SHORT Entry order failed for PYTHUSDT. TP/SL not placed.
2025-10-28 14:06:39,851 - INFO - [upgradebot.py:431] - --- Checking QUSDT (Price: $0.0257) ---
2025-10-28 14:06:41,987 - INFO - [upgradebot.py:455] - Balance $9.0367 meets minimum value $7.5143 for QUSDT. Proceeding with analysis.
2025-10-28 14:06:41,987 - INFO - [upgradebot.py:262] - Fetching 90 days of 240-min data for QUSDT...
2025-10-28 14:06:44,329 - INFO - [upgradebot.py:348] - QUSDT model trained. Accuracy: 0.88
2025-10-28 14:06:44,339 - INFO - [upgradebot.py:473] - [PREDICTION] QUSDT: SELL at $0.026119
2025-10-28 14:06:46,288 - INFO - [upgradebot.py:304] - No active position found for QUSDT.
2025-10-28 14:06:46,290 - INFO - [upgradebot.py:523] - SELL signal for QUSDT. Considering SHORT entry.
2025-10-28 14:06:46,291 - INFO - [upgradebot.py:535] - Calculated SHORT Intent: Qty~311.383667, Entry~$0.026171, TP~$0.024863, SL~$0.026695
2025-10-28 14:06:46,291 - INFO - [upgradebot.py:537] - Placing SHORT Bracket Order...
2025-10-28 14:06:46,291 - INFO - [upgradebot.py:392] - [ACTION] Submitting LIMIT SELL for QUSDT (Qty: 310.0) @ Price: 0.026171
2025-10-28 14:06:46,292 - INFO - [upgradebot.py:393] - [DRY-RUN] Would submit order: {"side": "SELL", "symbol": "QUSDT", "order_type": "LIMIT", "quantity": 310.0, "exchange": "EXCHANGE_2", "price": 0.026171}
2025-10-28 14:06:46,292 - INFO - [upgradebot.py:392] - [ACTION] Submitting TAKE_PROFIT_MARKET BUY for QUSDT (Qty: 0) @ Trigger: 0.024863
2025-10-28 14:06:46,293 - INFO - [upgradebot.py:393] - [DRY-RUN] Would submit order: {"side": "BUY", "symbol": "QUSDT", "order_type": "TAKE_PROFIT_MARKET", "quantity": 0, "exchange": "EXCHANGE_2", "trigger_price": 0.024863, "reduce_only": true}
2025-10-28 14:06:46,293 - INFO - [upgradebot.py:392] - [ACTION] Submitting STOP_MARKET BUY for QUSDT (Qty: 0) @ Trigger: 0.026695
2025-10-28 14:06:46,293 - INFO - [upgradebot.py:393] - [DRY-RUN] Would submit order: {"side": "BUY", "symbol": "QUSDT", "order_type": "STOP_MARKET", "quantity": 0, "exchange": "EXCHANGE_2", "trigger_price": 0.026695, "reduce_only": true}
2025-10-28 14:06:47,294 - INFO - [upgradebot.py:431] - --- Checking QNTUSDT (Price: $81.7400) ---
2025-10-28 14:06:49,185 - INFO - [upgradebot.py:455] - Balance $9.0367 meets minimum value $8.1740 for QNTUSDT. Proceeding with analysis.
2025-10-28 14:06:49,185 - INFO - [upgradebot.py:262] - Fetching 90 days of 240-min data for QNTUSDT...
2025-10-28 14:06:51,560 - INFO - [upgradebot.py:348] - QNTUSDT model trained. Accuracy: 0.76
2025-10-28 14:06:51,572 - INFO - [upgradebot.py:473] - [PREDICTION] QNTUSDT: HOLD at $102.50
2025-10-28 14:06:53,718 - INFO - [upgradebot.py:304] - No active position found for QNTUSDT.
2025-10-28 14:06:53,720 - INFO - [upgradebot.py:546] - ML predicts HOLD for QNTUSDT. No action taken.
2025-10-28 14:06:54,721 - INFO - [upgradebot.py:431] - --- Checking QTUMUSDT (Price: $2.0130) ---
2025-10-28 14:06:56,949 - INFO - [upgradebot.py:455] - Balance $9.0367 meets minimum value $7.6494 for QTUMUSDT. Proceeding with analysis.
2025-10-28 14:06:56,950 - INFO - [upgradebot.py:262] - Fetching 90 days of 240-min data for QTUMUSDT...
2025-10-28 14:06:59,452 - INFO - [upgradebot.py:348] - QTUMUSDT model trained. Accuracy: 0.69
2025-10-28 14:06:59,464 - INFO - [upgradebot.py:473] - [PREDICTION] QTUMUSDT: HOLD at $2.418
2025-10-28 14:07:01,979 - INFO - [upgradebot.py:304] - No active position found for QTUMUSDT.
2025-10-28 14:07:01,982 - INFO - [upgradebot.py:546] - ML predicts HOLD for QTUMUSDT. No action taken.
2025-10-28 14:07:02,983 - INFO - [upgradebot.py:431] - --- Checking QUICKUSDT (Price: $0.0192) ---
2025-10-28 14:07:05,542 - INFO - [upgradebot.py:455] - Balance $9.0367 meets minimum value $7.4955 for QUICKUSDT. Proceeding with analysis.
2025-10-28 14:07:05,542 - INFO - [upgradebot.py:262] - Fetching 90 days of 240-min data for QUICKUSDT...
2025-10-28 14:07:08,103 - INFO - [upgradebot.py:348] - QUICKUSDT model trained. Accuracy: 0.83
2025-10-28 14:07:08,115 - INFO - [upgradebot.py:473] - [PREDICTION] QUICKUSDT: HOLD at $0.02466
2025-10-28 14:07:10,630 - INFO - [upgradebot.py:304] - No active position found for QUICKUSDT.
2025-10-28 14:07:10,633 - INFO - [upgradebot.py:546] - ML predicts HOLD for QUICKUSDT. No action taken.
2025-10-28 14:07:11,634 - INFO - [upgradebot.py:431] - --- Checking RADUSDT (Price: $0.5109) ---
2025-10-28 14:07:14,334 - INFO - [upgradebot.py:455] - Balance $9.0367 meets minimum value $7.5102 for RADUSDT. Proceeding with analysis.
2025-10-28 14:07:14,334 - INFO - [upgradebot.py:262] - Fetching 90 days of 240-min data for RADUSDT...
2025-10-28 14:07:17,413 - INFO - [upgradebot.py:348] - RADUSDT model trained. Accuracy: 0.83
2025-10-28 14:07:17,431 - INFO - [upgradebot.py:473] - [PREDICTION] RADUSDT: HOLD at $0.6681
2025-10-28 14:07:20,654 - INFO - [upgradebot.py:304] - No active position found for RADUSDT.
2025-10-28 14:07:20,659 - INFO - [upgradebot.py:546] - ML predicts HOLD for RADUSDT. No action taken.
2025-10-28 14:07:21,660 - INFO - [upgradebot.py:431] - --- Checking RAREUSDT (Price: $0.0354) ---
2025-10-28 14:07:25,104 - INFO - [upgradebot.py:455] - Balance $9.0367 meets minimum value $7.5027 for RAREUSDT. Proceeding with analysis.
2025-10-28 14:07:25,105 - INFO - [upgradebot.py:262] - Fetching 90 days of 240-min data for RAREUSDT...
2025-10-28 14:07:29,469 - INFO - [upgradebot.py:348] - RAREUSDT model trained. Accuracy: 0.86
2025-10-28 14:07:29,513 - INFO - [upgradebot.py:473] - [PREDICTION] RAREUSDT: BUY at $0.06412
2025-10-28 14:07:33,791 - INFO - [upgradebot.py:304] - No active position found for RAREUSDT.
2025-10-28 14:07:33,796 - INFO - [upgradebot.py:501] - Calculated LONG Intent: Qty~126.840767, Entry~$0.06399, TP~$0.06719, SL~$0.06271
2025-10-28 14:07:33,797 - INFO - [upgradebot.py:503] - Placing LONG Bracket Order...
2025-10-28 14:07:33,798 - ERROR - [upgradebot.py:386] - Final qty 126.0 < minimum 212.0. Cannot place entry.
2025-10-28 14:07:33,799 - ERROR - [upgradebot.py:509] - LONG Entry order failed for RAREUSDT. TP/SL not placed.
2025-10-28 14:07:34,802 - INFO - [upgradebot.py:431] - --- Checking RAYDIUMUSDT (Price: $1.8398) ---
2025-10-28 14:07:39,321 - INFO - [upgradebot.py:455] - Balance $9.0367 meets minimum value $7.5432 for RAYDIUMUSDT. Proceeding with analysis.
2025-10-28 14:07:39,322 - INFO - [upgradebot.py:262] - Fetching 90 days of 240-min data for RAYDIUMUSDT...
2025-10-28 14:07:46,699 - INFO - [upgradebot.py:348] - RAYDIUMUSDT model trained. Accuracy: 0.93
2025-10-28 14:07:46,769 - INFO - [upgradebot.py:473] - [PREDICTION] RAYDIUMUSDT: HOLD at $3.3537
2025-10-28 14:07:57,704 - INFO - [upgradebot.py:304] - No active position found for RAYDIUMUSDT.
2025-10-28 14:07:57,719 - INFO - [upgradebot.py:546] - ML predicts HOLD for RAYDIUMUSDT. No action taken.
2025-10-28 14:07:58,722 - INFO - [upgradebot.py:431] - --- Checking RDNTUSDT (Price: $0.0163) ---
2025-10-28 14:08:02,903 - INFO - [upgradebot.py:455] - Balance $9.0367 meets minimum value $7.5001 for RDNTUSDT. Proceeding with analysis.
2025-10-28 14:08:02,905 - INFO - [upgradebot.py:262] - Fetching 90 days of 240-min data for RDNTUSDT...
2025-10-28 14:08:07,627 - INFO - [upgradebot.py:348] - RDNTUSDT model trained. Accuracy: 0.71
2025-10-28 14:08:07,644 - INFO - [upgradebot.py:473] - [PREDICTION] RDNTUSDT: HOLD at $0.02088
2025-10-28 14:08:10,413 - INFO - [upgradebot.py:304] - No active position found for RDNTUSDT.
2025-10-28 14:08:10,415 - INFO - [upgradebot.py:546] - ML predicts HOLD for RDNTUSDT. No action taken.
2025-10-28 14:08:11,416 - INFO - [upgradebot.py:431] - --- Checking RECALLUSDT (Price: $0.5055) ---
2025-10-28 14:08:14,580 - INFO - [upgradebot.py:455] - Balance $9.0367 meets minimum value $7.5825 for RECALLUSDT. Proceeding with analysis.
2025-10-28 14:08:14,580 - INFO - [upgradebot.py:262] - Fetching 90 days of 240-min data for RECALLUSDT...
2025-10-28 14:08:17,290 - WARNING - [upgradebot.py:335] - Not enough hist data for RECALLUSDT (77<100). Skip train.
2025-10-28 14:08:17,291 - INFO - [upgradebot.py:473] - [PREDICTION] RECALLUSDT: HOLD at $0.5403
2025-10-28 14:08:20,096 - INFO - [upgradebot.py:304] - No active position found for RECALLUSDT.
2025-10-28 14:08:20,098 - INFO - [upgradebot.py:546] - ML predicts HOLD for RECALLUSDT. No action taken.
2025-10-28 14:08:21,099 - INFO - [upgradebot.py:431] - --- Checking REDUSDT (Price: $0.3486) ---
2025-10-28 14:08:23,800 - INFO - [upgradebot.py:455] - Balance $9.0367 meets minimum value $7.6692 for REDUSDT. Proceeding with analysis.
2025-10-28 14:08:23,801 - INFO - [upgradebot.py:262] - Fetching 90 days of 240-min data for REDUSDT...
2025-10-28 14:08:26,832 - INFO - [upgradebot.py:348] - REDUSDT model trained. Accuracy: 0.81
2025-10-28 14:08:26,845 - INFO - [upgradebot.py:473] - [PREDICTION] REDUSDT: HOLD at $0.5984
2025-10-28 14:08:29,318 - INFO - [upgradebot.py:304] - No active position found for REDUSDT.
2025-10-28 14:08:29,320 - INFO - [upgradebot.py:546] - ML predicts HOLD for REDUSDT. No action taken.
2025-10-28 14:08:30,321 - INFO - [upgradebot.py:431] - --- Checking RENDERUSDT (Price: $2.4960) ---
2025-10-28 14:08:32,394 - INFO - [upgradebot.py:455] - Balance $9.0367 meets minimum value $7.4880 for RENDERUSDT. Proceeding with analysis.
2025-10-28 14:08:32,394 - INFO - [upgradebot.py:262] - Fetching 90 days of 240-min data for RENDERUSDT...
2025-10-28 14:08:34,623 - INFO - [upgradebot.py:348] - RENDERUSDT model trained. Accuracy: 0.67
2025-10-28 14:08:34,632 - INFO - [upgradebot.py:473] - [PREDICTION] RENDERUSDT: SELL at $3.837
2025-10-28 14:08:36,397 - INFO - [upgradebot.py:304] - No active position found for RENDERUSDT.
2025-10-28 14:08:36,399 - INFO - [upgradebot.py:523] - SELL signal for RENDERUSDT. Considering SHORT entry.
2025-10-28 14:08:36,399 - INFO - [upgradebot.py:535] - Calculated SHORT Intent: Qty~2.119633, Entry~$3.845, TP~$3.652, SL~$3.922
2025-10-28 14:08:36,400 - INFO - [upgradebot.py:537] - Placing SHORT Bracket Order...
2025-10-28 14:08:36,400 - ERROR - [upgradebot.py:386] - Final qty 2.1 < minimum 3.0. Cannot place entry.
2025-10-28 14:08:36,400 - ERROR - [upgradebot.py:543] - SHORT Entry order failed for RENDERUSDT. TP/SL not placed.
2025-10-28 14:08:37,401 - INFO - [upgradebot.py:431] - --- Checking REQUSDT (Price: $0.1220) ---
2025-10-28 14:08:39,123 - INFO - [upgradebot.py:455] - Balance $9.0367 meets minimum value $7.5634 for REQUSDT. Proceeding with analysis.
2025-10-28 14:08:39,124 - INFO - [upgradebot.py:262] - Fetching 90 days of 240-min data for REQUSDT...
2025-10-28 14:08:41,024 - INFO - [upgradebot.py:348] - REQUSDT model trained. Accuracy: 0.83
2025-10-28 14:08:41,031 - INFO - [upgradebot.py:473] - [PREDICTION] REQUSDT: HOLD at $0.12636
2025-10-28 14:08:42,695 - INFO - [upgradebot.py:304] - No active position found for REQUSDT.
2025-10-28 14:08:42,699 - INFO - [upgradebot.py:546] - ML predicts HOLD for REQUSDT. No action taken.
2025-10-28 14:08:43,699 - INFO - [upgradebot.py:431] - --- Checking RESOLVUSDT (Price: $0.0591) ---
2025-10-28 14:08:45,321 - INFO - [upgradebot.py:455] - Balance $9.0367 meets minimum value $7.5108 for RESOLVUSDT. Proceeding with analysis.
2025-10-28 14:08:45,322 - INFO - [upgradebot.py:262] - Fetching 90 days of 240-min data for RESOLVUSDT...
2025-10-28 14:08:47,075 - INFO - [upgradebot.py:348] - RESOLVUSDT model trained. Accuracy: 0.83
2025-10-28 14:08:47,083 - INFO - [upgradebot.py:473] - [PREDICTION] RESOLVUSDT: HOLD at $0.15430
2025-10-28 14:08:48,637 - INFO - [upgradebot.py:304] - No active position found for RESOLVUSDT.
2025-10-28 14:08:48,642 - INFO - [upgradebot.py:546] - ML predicts HOLD for RESOLVUSDT. No action taken.
2025-10-28 14:08:49,643 - INFO - [upgradebot.py:431] - --- Checking REZUSDT (Price: $0.0102) ---
2025-10-28 14:08:52,023 - INFO - [upgradebot.py:455] - Balance $9.0367 meets minimum value $7.4913 for REZUSDT. Proceeding with analysis.
2025-10-28 14:08:52,023 - INFO - [upgradebot.py:262] - Fetching 90 days of 240-min data for REZUSDT...
2025-10-28 14:08:55,060 - INFO - [upgradebot.py:348] - REZUSDT model trained. Accuracy: 0.76
2025-10-28 14:08:55,073 - INFO - [upgradebot.py:473] - [PREDICTION] REZUSDT: SELL at $0.01186
2025-10-28 14:08:57,586 - INFO - [upgradebot.py:304] - No active position found for REZUSDT.
2025-10-28 14:08:57,588 - INFO - [upgradebot.py:523] - SELL signal for REZUSDT. Considering SHORT entry.
2025-10-28 14:08:57,589 - INFO - [upgradebot.py:535] - Calculated SHORT Intent: Qty~685.752951, Entry~$0.01188, TP~$0.01129, SL~$0.01212
2025-10-28 14:08:57,589 - INFO - [upgradebot.py:537] - Placing SHORT Bracket Order...
2025-10-28 14:08:57,590 - ERROR - [upgradebot.py:386] - Final qty 685.0 < minimum 733.0. Cannot place entry.
2025-10-28 14:08:57,590 - ERROR - [upgradebot.py:543] - SHORT Entry order failed for REZUSDT. TP/SL not placed.
2025-10-28 14:08:58,591 - INFO - [upgradebot.py:431] - --- Checking RIFUSDT (Price: $0.0482) ---
2025-10-28 14:09:01,601 - INFO - [upgradebot.py:455] - Balance $9.0367 meets minimum value $7.5176 for RIFUSDT. Proceeding with analysis.
2025-10-28 14:09:01,601 - INFO - [upgradebot.py:262] - Fetching 90 days of 240-min data for RIFUSDT...
2025-10-28 14:09:04,709 - INFO - [upgradebot.py:348] - RIFUSDT model trained. Accuracy: 0.81
2025-10-28 14:09:04,723 - INFO - [upgradebot.py:473] - [PREDICTION] RIFUSDT: HOLD at $0.05984
2025-10-28 14:09:07,105 - INFO - [upgradebot.py:304] - No active position found for RIFUSDT.
2025-10-28 14:09:07,107 - INFO - [upgradebot.py:546] - ML predicts HOLD for RIFUSDT. No action taken.
2025-10-28 14:09:08,109 - INFO - [upgradebot.py:431] - --- Checking RIVERUSDT (Price: $8.3130) ---
2025-10-28 14:09:10,623 - INFO - [upgradebot.py:455] - Balance $9.0367 meets minimum value $7.4817 for RIVERUSDT. Proceeding with analysis.
2025-10-28 14:09:10,624 - INFO - [upgradebot.py:262] - Fetching 90 days of 240-min data for RIVERUSDT...
2025-10-28 14:09:13,431 - WARNING - [upgradebot.py:335] - Not enough hist data for RIVERUSDT (34<100). Skip train.
2025-10-28 14:09:13,432 - INFO - [upgradebot.py:473] - [PREDICTION] RIVERUSDT: HOLD at $7.792
2025-10-28 14:09:16,293 - INFO - [upgradebot.py:304] - No active position found for RIVERUSDT.
2025-10-28 14:09:16,295 - INFO - [upgradebot.py:546] - ML predicts HOLD for RIVERUSDT. No action taken.
2025-10-28 14:09:17,296 - INFO - [upgradebot.py:431] - --- Checking RLCUSDT (Price: $0.8736) ---
2025-10-28 14:09:20,081 - INFO - [upgradebot.py:455] - Balance $9.0367 meets minimum value $7.5130 for RLCUSDT. Proceeding with analysis.
2025-10-28 14:09:20,081 - INFO - [upgradebot.py:262] - Fetching 90 days of 240-min data for RLCUSDT...
2025-10-28 14:09:23,915 - INFO - [upgradebot.py:348] - RLCUSDT model trained. Accuracy: 0.71
2025-10-28 14:09:23,947 - INFO - [upgradebot.py:473] - [PREDICTION] RLCUSDT: HOLD at $1.2257
2025-10-28 14:09:26,815 - INFO - [upgradebot.py:304] - No active position found for RLCUSDT.
2025-10-28 14:09:26,819 - INFO - [upgradebot.py:546] - ML predicts HOLD for RLCUSDT. No action taken.
2025-10-28 14:09:27,820 - INFO - [upgradebot.py:431] - --- Checking ROAMUSDT (Price: $0.0883) ---
2025-10-28 14:09:31,199 - INFO - [upgradebot.py:455] - Balance $9.0367 meets minimum value $7.5089 for ROAMUSDT. Proceeding with analysis.
2025-10-28 14:09:31,199 - INFO - [upgradebot.py:262] - Fetching 90 days of 240-min data for ROAMUSDT...
2025-10-28 14:09:35,944 - INFO - [upgradebot.py:348] - ROAMUSDT model trained. Accuracy: 0.88
2025-10-28 14:09:35,974 - INFO - [upgradebot.py:473] - [PREDICTION] ROAMUSDT: HOLD at $0.11550
2025-10-28 14:09:41,275 - INFO - [upgradebot.py:304] - No active position found for ROAMUSDT.
2025-10-28 14:09:41,287 - INFO - [upgradebot.py:546] - ML predicts HOLD for ROAMUSDT. No action taken.
2025-10-28 14:09:42,289 - INFO - [upgradebot.py:431] - --- Checking RONINUSDT (Price: $0.3589) ---
2025-10-28 14:09:48,613 - INFO - [upgradebot.py:455] - Balance $9.0367 meets minimum value $7.5010 for RONINUSDT. Proceeding with analysis.
2025-10-28 14:09:48,614 - INFO - [upgradebot.py:262] - Fetching 90 days of 240-min data for RONINUSDT...
2025-10-28 14:09:51,966 - INFO - [upgradebot.py:348] - RONINUSDT model trained. Accuracy: 0.79
2025-10-28 14:09:51,979 - INFO - [upgradebot.py:473] - [PREDICTION] RONINUSDT: HOLD at $0.4919
2025-10-28 14:09:55,334 - INFO - [upgradebot.py:304] - No active position found for RONINUSDT.
2025-10-28 14:09:55,340 - INFO - [upgradebot.py:546] - ML predicts HOLD for RONINUSDT. No action taken.
2025-10-28 14:09:56,342 - INFO - [upgradebot.py:431] - --- Checking ROSEUSDT (Price: $0.0167) ---
2025-10-28 14:10:00,382 - INFO - [upgradebot.py:455] - Balance $9.0367 meets minimum value $7.4938 for ROSEUSDT. Proceeding with analysis.
2025-10-28 14:10:00,383 - INFO - [upgradebot.py:262] - Fetching 90 days of 240-min data for ROSEUSDT...
2025-10-28 14:10:04,729 - INFO - [upgradebot.py:348] - ROSEUSDT model trained. Accuracy: 0.81
2025-10-28 14:10:04,743 - INFO - [upgradebot.py:473] - [PREDICTION] ROSEUSDT: HOLD at $0.02902
2025-10-28 14:10:07,603 - INFO - [upgradebot.py:304] - No active position found for ROSEUSDT.
2025-10-28 14:10:07,605 - INFO - [upgradebot.py:546] - ML predicts HOLD for ROSEUSDT. No action taken.
2025-10-28 14:10:08,606 - INFO - [upgradebot.py:431] - --- Checking RPLUSDT (Price: $3.4500) ---
2025-10-28 14:10:10,922 - INFO - [upgradebot.py:455] - Balance $9.0367 meets minimum value $7.4865 for RPLUSDT. Proceeding with analysis.
2025-10-28 14:10:10,922 - INFO - [upgradebot.py:262] - Fetching 90 days of 240-min data for RPLUSDT...
2025-10-28 14:10:13,370 - INFO - [upgradebot.py:348] - RPLUSDT model trained. Accuracy: 0.83
2025-10-28 14:10:13,390 - INFO - [upgradebot.py:473] - [PREDICTION] RPLUSDT: BUY at $6.390
2025-10-28 14:10:15,970 - INFO - [upgradebot.py:304] - No active position found for RPLUSDT.
2025-10-28 14:10:15,973 - INFO - [upgradebot.py:501] - Calculated LONG Intent: Qty~1.272775, Entry~$6.377, TP~$6.696, SL~$6.250
2025-10-28 14:10:15,973 - INFO - [upgradebot.py:503] - Placing LONG Bracket Order...
2025-10-28 14:10:15,973 - ERROR - [upgradebot.py:386] - Final qty 1.27 < minimum 2.17. Cannot place entry.
2025-10-28 14:10:15,974 - ERROR - [upgradebot.py:509] - LONG Entry order failed for RPLUSDT. TP/SL not placed.
2025-10-28 14:10:16,975 - INFO - [upgradebot.py:431] - --- Checking RSRUSDT (Price: $0.0054) ---
2025-10-28 14:10:19,450 - INFO - [upgradebot.py:455] - Balance $9.0367 meets minimum value $7.5006 for RSRUSDT. Proceeding with analysis.
2025-10-28 14:10:19,450 - INFO - [upgradebot.py:262] - Fetching 90 days of 240-min data for RSRUSDT...
2025-10-28 14:10:22,191 - INFO - [upgradebot.py:348] - RSRUSDT model trained. Accuracy: 0.64
2025-10-28 14:10:22,202 - INFO - [upgradebot.py:473] - [PREDICTION] RSRUSDT: SELL at $0.007402
2025-10-28 14:10:24,603 - INFO - [upgradebot.py:304] - No active position found for RSRUSDT.
2025-10-28 14:10:24,605 - INFO - [upgradebot.py:523] - SELL signal for RSRUSDT. Considering SHORT entry.
2025-10-28 14:10:24,606 - INFO - [upgradebot.py:535] - Calculated SHORT Intent: Qty~1098.761146, Entry~$0.007417, TP~$0.007046, SL~$0.007565
2025-10-28 14:10:24,606 - INFO - [upgradebot.py:537] - Placing SHORT Bracket Order...
2025-10-28 14:10:24,606 - ERROR - [upgradebot.py:386] - Final qty 1090.0 < minimum 1389.0. Cannot place entry.
2025-10-28 14:10:24,607 - ERROR - [upgradebot.py:543] - SHORT Entry order failed for RSRUSDT. TP/SL not placed.
2025-10-28 14:10:25,607 - INFO - [upgradebot.py:431] - --- Checking RSS3USDT (Price: $0.0282) ---
2025-10-28 14:10:28,448 - INFO - [upgradebot.py:455] - Balance $9.0367 meets minimum value $7.4985 for RSS3USDT. Proceeding with analysis.
2025-10-28 14:10:28,449 - INFO - [upgradebot.py:262] - Fetching 90 days of 240-min data for RSS3USDT...
2025-10-28 14:10:31,696 - INFO - [upgradebot.py:348] - RSS3USDT model trained. Accuracy: 0.83
2025-10-28 14:10:31,711 - INFO - [upgradebot.py:473] - [PREDICTION] RSS3USDT: HOLD at $0.04194
2025-10-28 14:10:34,209 - INFO - [upgradebot.py:304] - No active position found for RSS3USDT.
2025-10-28 14:10:34,212 - INFO - [upgradebot.py:546] - ML predicts HOLD for RSS3USDT. No action taken.
2025-10-28 14:10:35,212 - INFO - [upgradebot.py:431] - --- Checking RUNEUSDT (Price: $0.8879) ---
2025-10-28 14:10:37,635 - INFO - [upgradebot.py:455] - Balance $9.0367 meets minimum value $7.5472 for RUNEUSDT. Proceeding with analysis.
2025-10-28 14:10:37,635 - INFO - [upgradebot.py:262] - Fetching 90 days of 240-min data for RUNEUSDT...
2025-10-28 14:10:41,284 - INFO - [upgradebot.py:348] - RUNEUSDT model trained. Accuracy: 0.83
2025-10-28 14:10:41,301 - INFO - [upgradebot.py:473] - [PREDICTION] RUNEUSDT: SELL at $1.2590
2025-10-28 14:10:44,296 - INFO - [upgradebot.py:304] - No active position found for RUNEUSDT.
2025-10-28 14:10:44,300 - INFO - [upgradebot.py:523] - SELL signal for RUNEUSDT. Considering SHORT entry.
2025-10-28 14:10:44,300 - INFO - [upgradebot.py:535] - Calculated SHORT Intent: Qty~6.459913, Entry~$1.2615, TP~$1.1984, SL~$1.2867
2025-10-28 14:10:44,301 - INFO - [upgradebot.py:537] - Placing SHORT Bracket Order...
2025-10-28 14:10:44,301 - ERROR - [upgradebot.py:386] - Final qty 6.4 < minimum 8.5. Cannot place entry.
2025-10-28 14:10:44,302 - ERROR - [upgradebot.py:543] - SHORT Entry order failed for RUNEUSDT. TP/SL not placed.
2025-10-28 14:10:45,303 - INFO - [upgradebot.py:431] - --- Checking RVNUSDT (Price: $0.0100) ---
2025-10-28 14:10:47,908 - INFO - [upgradebot.py:455] - Balance $9.0367 meets minimum value $7.5009 for RVNUSDT. Proceeding with analysis.
2025-10-28 14:10:47,909 - INFO - [upgradebot.py:262] - Fetching 90 days of 240-min data for RVNUSDT...
2025-10-28 14:10:51,397 - INFO - [upgradebot.py:348] - RVNUSDT model trained. Accuracy: 0.79
2025-10-28 14:10:51,419 - INFO - [upgradebot.py:473] - [PREDICTION] RVNUSDT: HOLD at $0.013080
2025-10-28 14:10:54,493 - INFO - [upgradebot.py:304] - No active position found for RVNUSDT.
2025-10-28 14:10:54,498 - INFO - [upgradebot.py:546] - ML predicts HOLD for RVNUSDT. No action taken.
2025-10-28 14:10:55,499 - INFO - [upgradebot.py:431] - --- Checking SUSDT (Price: $0.1681) ---
2025-10-28 14:11:00,065 - INFO - [upgradebot.py:455] - Balance $9.0367 meets minimum value $7.5645 for SUSDT. Proceeding with analysis.
2025-10-28 14:11:00,067 - INFO - [upgradebot.py:262] - Fetching 90 days of 240-min data for SUSDT...
2025-10-28 14:11:04,939 - INFO - [upgradebot.py:348] - SUSDT model trained. Accuracy: 0.81
2025-10-28 14:11:04,986 - INFO - [upgradebot.py:473] - [PREDICTION] SUSDT: HOLD at $0.3033
2025-10-28 14:11:09,005 - INFO - [upgradebot.py:304] - No active position found for SUSDT.
2025-10-28 14:11:09,007 - INFO - [upgradebot.py:546] - ML predicts HOLD for SUSDT. No action taken.
2025-10-28 14:11:10,008 - INFO - [upgradebot.py:431] - --- Checking SAFEUSDT (Price: $0.2543) ---
2025-10-28 14:11:13,122 - INFO - [upgradebot.py:455] - Balance $9.0367 meets minimum value $7.5019 for SAFEUSDT. Proceeding with analysis.
2025-10-28 14:11:13,123 - INFO - [upgradebot.py:262] - Fetching 90 days of 240-min data for SAFEUSDT...
2025-10-28 14:11:16,477 - INFO - [upgradebot.py:348] - SAFEUSDT model trained. Accuracy: 0.83
2025-10-28 14:11:16,491 - INFO - [upgradebot.py:473] - [PREDICTION] SAFEUSDT: HOLD at $0.4346
2025-10-28 14:11:19,168 - INFO - [upgradebot.py:304] - No active position found for SAFEUSDT.
2025-10-28 14:11:19,172 - INFO - [upgradebot.py:546] - ML predicts HOLD for SAFEUSDT. No action taken.
2025-10-28 14:11:20,173 - INFO - [upgradebot.py:431] - --- Checking SAGAUSDT (Price: $0.1077) ---
2025-10-28 14:11:23,134 - INFO - [upgradebot.py:455] - Balance $9.0367 meets minimum value $7.4959 for SAGAUSDT. Proceeding with analysis.
2025-10-28 14:11:23,135 - INFO - [upgradebot.py:262] - Fetching 90 days of 240-min data for SAGAUSDT...
2025-10-28 14:11:26,696 - INFO - [upgradebot.py:348] - SAGAUSDT model trained. Accuracy: 0.69
2025-10-28 14:11:26,710 - INFO - [upgradebot.py:473] - [PREDICTION] SAGAUSDT: SELL at $0.2460
2025-10-28 14:11:29,482 - INFO - [upgradebot.py:304] - No active position found for SAGAUSDT.
2025-10-28 14:11:29,486 - INFO - [upgradebot.py:523] - SELL signal for SAGAUSDT. Considering SHORT entry.
2025-10-28 14:11:29,487 - INFO - [upgradebot.py:535] - Calculated SHORT Intent: Qty~33.061098, Entry~$0.2465, TP~$0.2342, SL~$0.2514
2025-10-28 14:11:29,487 - INFO - [upgradebot.py:537] - Placing SHORT Bracket Order...
2025-10-28 14:11:29,488 - ERROR - [upgradebot.py:386] - Final qty 33.0 < minimum 69.6. Cannot place entry.
2025-10-28 14:11:29,488 - ERROR - [upgradebot.py:543] - SHORT Entry order failed for SAGAUSDT. TP/SL not placed.
2025-10-28 14:11:30,489 - INFO - [upgradebot.py:431] - --- Checking SAHARAUSDT (Price: $0.0783) ---
2025-10-28 14:11:32,954 - INFO - [upgradebot.py:455] - Balance $9.0367 meets minimum value $7.5178 for SAHARAUSDT. Proceeding with analysis.
2025-10-28 14:11:32,955 - INFO - [upgradebot.py:262] - Fetching 90 days of 240-min data for SAHARAUSDT...
2025-10-28 14:11:35,913 - INFO - [upgradebot.py:348] - SAHARAUSDT model trained. Accuracy: 0.67
2025-10-28 14:11:35,928 - INFO - [upgradebot.py:473] - [PREDICTION] SAHARAUSDT: HOLD at $0.08761
2025-10-28 14:11:38,287 - INFO - [upgradebot.py:304] - No active position found for SAHARAUSDT.
2025-10-28 14:11:38,290 - INFO - [upgradebot.py:546] - ML predicts HOLD for SAHARAUSDT. No action taken.
2025-10-28 14:11:39,290 - INFO - [upgradebot.py:431] - --- Checking SANDUSDT (Price: $0.2152) ---
2025-10-28 14:11:41,566 - INFO - [upgradebot.py:455] - Balance $9.0367 meets minimum value $7.5320 for SANDUSDT. Proceeding with analysis.
2025-10-28 14:11:41,566 - INFO - [upgradebot.py:262] - Fetching 90 days of 240-min data for SANDUSDT...
2025-10-28 14:11:43,869 - INFO - [upgradebot.py:348] - SANDUSDT model trained. Accuracy: 0.83
2025-10-28 14:11:43,881 - INFO - [upgradebot.py:473] - [PREDICTION] SANDUSDT: HOLD at $0.2988
2025-10-28 14:11:46,300 - INFO - [upgradebot.py:304] - No active position found for SANDUSDT.
2025-10-28 14:11:46,303 - INFO - [upgradebot.py:546] - ML predicts HOLD for SANDUSDT. No action taken.
2025-10-28 14:11:47,303 - INFO - [upgradebot.py:431] - --- Checking SAPIENUSDT (Price: $0.1313) ---
2025-10-28 14:11:49,658 - INFO - [upgradebot.py:455] - Balance $9.0367 meets minimum value $7.6125 for SAPIENUSDT. Proceeding with analysis.
2025-10-28 14:11:49,658 - INFO - [upgradebot.py:262] - Fetching 90 days of 240-min data for SAPIENUSDT...
2025-10-28 14:11:52,818 - INFO - [upgradebot.py:348] - SAPIENUSDT model trained. Accuracy: 0.93
2025-10-28 14:11:52,832 - INFO - [upgradebot.py:473] - [PREDICTION] SAPIENUSDT: BUY at $0.29232
2025-10-28 14:11:54,963 - INFO - [upgradebot.py:304] - No active position found for SAPIENUSDT.
2025-10-28 14:11:54,966 - INFO - [upgradebot.py:501] - Calculated LONG Intent: Qty~27.822352, Entry~$0.29174, TP~$0.30632, SL~$0.28590
2025-10-28 14:11:54,967 - INFO - [upgradebot.py:503] - Placing LONG Bracket Order...
2025-10-28 14:11:54,967 - ERROR - [upgradebot.py:386] - Final qty 27.0 < minimum 58.0. Cannot place entry.
2025-10-28 14:11:54,968 - ERROR - [upgradebot.py:509] - LONG Entry order failed for SAPIENUSDT. TP/SL not placed.
2025-10-28 14:11:55,968 - INFO - [upgradebot.py:431] - --- Checking SAROSUSDT (Price: $0.0848) ---
2025-10-28 14:11:58,381 - INFO - [upgradebot.py:455] - Balance $9.0367 meets minimum value $7.5481 for SAROSUSDT. Proceeding with analysis.
2025-10-28 14:11:58,381 - INFO - [upgradebot.py:262] - Fetching 90 days of 240-min data for SAROSUSDT...
2025-10-28 14:12:00,980 - INFO - [upgradebot.py:348] - SAROSUSDT model trained. Accuracy: 0.81
2025-10-28 14:12:00,995 - INFO - [upgradebot.py:473] - [PREDICTION] SAROSUSDT: HOLD at $0.40284
2025-10-28 14:12:03,252 - INFO - [upgradebot.py:304] - No active position found for SAROSUSDT.
2025-10-28 14:12:03,255 - INFO - [upgradebot.py:546] - ML predicts HOLD for SAROSUSDT. No action taken.
2025-10-28 14:12:04,256 - INFO - [upgradebot.py:431] - --- Checking SCUSDT (Price: $0.0020) ---
2025-10-28 14:12:06,869 - INFO - [upgradebot.py:455] - Balance $9.0367 meets minimum value $7.5015 for SCUSDT. Proceeding with analysis.
2025-10-28 14:12:06,870 - INFO - [upgradebot.py:262] - Fetching 90 days of 240-min data for SCUSDT...
2025-10-28 14:12:09,653 - INFO - [upgradebot.py:348] - SCUSDT model trained. Accuracy: 0.81
2025-10-28 14:12:09,674 - INFO - [upgradebot.py:473] - [PREDICTION] SCUSDT: HOLD at $0.002962
2025-10-28 14:12:12,810 - INFO - [upgradebot.py:304] - No active position found for SCUSDT.
2025-10-28 14:12:12,813 - INFO - [upgradebot.py:546] - ML predicts HOLD for SCUSDT. No action taken.
2025-10-28 14:12:13,814 - INFO - [upgradebot.py:431] - --- Checking SCRUSDT (Price: $0.1574) ---
2025-10-28 14:12:16,198 - INFO - [upgradebot.py:455] - Balance $9.0367 meets minimum value $7.4922 for SCRUSDT. Proceeding with analysis.
2025-10-28 14:12:16,199 - INFO - [upgradebot.py:262] - Fetching 90 days of 240-min data for SCRUSDT...
2025-10-28 14:12:18,989 - INFO - [upgradebot.py:348] - SCRUSDT model trained. Accuracy: 0.81
2025-10-28 14:12:19,008 - INFO - [upgradebot.py:473] - [PREDICTION] SCRUSDT: HOLD at $0.3299
2025-10-28 14:12:22,381 - INFO - [upgradebot.py:304] - No active position found for SCRUSDT.
2025-10-28 14:12:22,384 - INFO - [upgradebot.py:546] - ML predicts HOLD for SCRUSDT. No action taken.
2025-10-28 14:12:23,385 - INFO - [upgradebot.py:431] - --- Checking SCRTUSDT (Price: $0.1579) ---
2025-10-28 14:12:26,733 - INFO - [upgradebot.py:455] - Balance $9.0367 meets minimum value $7.5003 for SCRTUSDT. Proceeding with analysis.
2025-10-28 14:12:26,734 - INFO - [upgradebot.py:262] - Fetching 90 days of 240-min data for SCRTUSDT...
2025-10-28 14:12:30,933 - INFO - [upgradebot.py:348] - SCRTUSDT model trained. Accuracy: 0.86
2025-10-28 14:12:30,959 - INFO - [upgradebot.py:473] - [PREDICTION] SCRTUSDT: HOLD at $0.1737
2025-10-28 14:12:35,703 - INFO - [upgradebot.py:304] - No active position found for SCRTUSDT.
2025-10-28 14:12:35,711 - INFO - [upgradebot.py:546] - ML predicts HOLD for SCRTUSDT. No action taken.
2025-10-28 14:12:36,713 - INFO - [upgradebot.py:431] - --- Checking SDUSDT (Price: $0.4668) ---
2025-10-28 14:12:41,073 - INFO - [upgradebot.py:455] - Balance $9.0367 meets minimum value $7.9356 for SDUSDT. Proceeding with analysis.
2025-10-28 14:12:41,075 - INFO - [upgradebot.py:262] - Fetching 90 days of 240-min data for SDUSDT...
2025-10-28 14:12:48,647 - INFO - [upgradebot.py:348] - SDUSDT model trained. Accuracy: 0.83
2025-10-28 14:12:48,704 - INFO - [upgradebot.py:473] - [PREDICTION] SDUSDT: HOLD at $0.6232
2025-10-28 14:12:52,473 - INFO - [upgradebot.py:304] - No active position found for SDUSDT.
2025-10-28 14:12:52,476 - INFO - [upgradebot.py:546] - ML predicts HOLD for SDUSDT. No action taken.
2025-10-28 14:12:53,477 - INFO - [upgradebot.py:431] - --- Checking SEIUSDT (Price: $0.2015) ---
2025-10-28 14:12:56,736 - INFO - [upgradebot.py:455] - Balance $9.0367 meets minimum value $7.6570 for SEIUSDT. Proceeding with analysis.
2025-10-28 14:12:56,736 - INFO - [upgradebot.py:262] - Fetching 90 days of 240-min data for SEIUSDT...
2025-10-28 14:13:00,680 - INFO - [upgradebot.py:348] - SEIUSDT model trained. Accuracy: 0.74
2025-10-28 14:13:00,702 - INFO - [upgradebot.py:473] - [PREDICTION] SEIUSDT: SELL at $0.31420
2025-10-28 14:13:03,376 - INFO - [upgradebot.py:304] - No active position found for SEIUSDT.
2025-10-28 14:13:03,379 - INFO - [upgradebot.py:523] - SELL signal for SEIUSDT. Considering SHORT entry.
2025-10-28 14:13:03,379 - INFO - [upgradebot.py:535] - Calculated SHORT Intent: Qty~25.884882, Entry~$0.31483, TP~$0.29909, SL~$0.32112
2025-10-28 14:13:03,380 - INFO - [upgradebot.py:537] - Placing SHORT Bracket Order...
2025-10-28 14:13:03,380 - ERROR - [upgradebot.py:386] - Final qty 25.0 < minimum 38.0. Cannot place entry.
2025-10-28 14:13:03,380 - ERROR - [upgradebot.py:543] - SHORT Entry order failed for SEIUSDT. TP/SL not placed.
2025-10-28 14:13:04,381 - INFO - [upgradebot.py:431] - --- Checking SFPUSDT (Price: $0.3905) ---
2025-10-28 14:13:07,198 - INFO - [upgradebot.py:455] - Balance $9.0367 meets minimum value $7.4976 for SFPUSDT. Proceeding with analysis.
2025-10-28 14:13:07,199 - INFO - [upgradebot.py:262] - Fetching 90 days of 240-min data for SFPUSDT...
2025-10-28 14:13:09,969 - INFO - [upgradebot.py:348] - SFPUSDT model trained. Accuracy: 0.86
2025-10-28 14:13:09,981 - INFO - [upgradebot.py:473] - [PREDICTION] SFPUSDT: BUY at $0.4539
2025-10-28 14:13:12,732 - INFO - [upgradebot.py:304] - No active position found for SFPUSDT.
2025-10-28 14:13:12,734 - INFO - [upgradebot.py:501] - Calculated LONG Intent: Qty~17.918110, Entry~$0.4530, TP~$0.4756, SL~$0.4439
2025-10-28 14:13:12,735 - INFO - [upgradebot.py:503] - Placing LONG Bracket Order...
2025-10-28 14:13:12,735 - ERROR - [upgradebot.py:386] - Final qty 17.9 < minimum 19.2. Cannot place entry.
2025-10-28 14:13:12,736 - ERROR - [upgradebot.py:509] - LONG Entry order failed for SFPUSDT. TP/SL not placed.
2025-10-28 14:13:13,736 - INFO - [upgradebot.py:431] - --- Checking SHELLUSDT (Price: $0.1042) ---
2025-10-28 14:13:16,239 - INFO - [upgradebot.py:455] - Balance $9.0367 meets minimum value $7.5053 for SHELLUSDT. Proceeding with analysis.
2025-10-28 14:13:16,239 - INFO - [upgradebot.py:262] - Fetching 90 days of 240-min data for SHELLUSDT...
2025-10-28 14:13:18,628 - INFO - [upgradebot.py:348] - SHELLUSDT model trained. Accuracy: 0.69
2025-10-28 14:13:18,638 - INFO - [upgradebot.py:473] - [PREDICTION] SHELLUSDT: SELL at $0.13050
2025-10-28 14:13:20,742 - INFO - [upgradebot.py:304] - No active position found for SHELLUSDT.
2025-10-28 14:13:20,746 - INFO - [upgradebot.py:523] - SELL signal for SHELLUSDT. Considering SHORT entry.
2025-10-28 14:13:20,747 - INFO - [upgradebot.py:535] - Calculated SHORT Intent: Qty~62.322069, Entry~$0.13076, TP~$0.12422, SL~$0.13338
2025-10-28 14:13:20,747 - INFO - [upgradebot.py:537] - Placing SHORT Bracket Order...
2025-10-28 14:13:20,748 - ERROR - [upgradebot.py:386] - Final qty 62.0 < minimum 72.0. Cannot place entry.
2025-10-28 14:13:20,748 - ERROR - [upgradebot.py:543] - SHORT Entry order failed for SHELLUSDT. TP/SL not placed.
2025-10-28 14:13:21,749 - INFO - [upgradebot.py:431] - --- Checking SHIB1000USDT (Price: $0.0103) ---
2025-10-28 14:13:23,695 - INFO - [upgradebot.py:455] - Balance $9.0367 meets minimum value $7.5038 for SHIB1000USDT. Proceeding with analysis.
2025-10-28 14:13:23,695 - INFO - [upgradebot.py:262] - Fetching 90 days of 240-min data for SHIB1000USDT...
2025-10-28 14:13:26,256 - INFO - [upgradebot.py:348] - SHIB1000USDT model trained. Accuracy: 0.74
2025-10-28 14:13:26,265 - INFO - [upgradebot.py:473] - [PREDICTION] SHIB1000USDT: HOLD at $0.013325
2025-10-28 14:13:28,209 - INFO - [upgradebot.py:304] - No active position found for SHIB1000USDT.
2025-10-28 14:13:28,211 - INFO - [upgradebot.py:546] - ML predicts HOLD for SHIB1000USDT. No action taken.
2025-10-28 14:13:29,212 - INFO - [upgradebot.py:431] - --- Checking SIGNUSDT (Price: $0.0406) ---
2025-10-28 14:13:31,169 - INFO - [upgradebot.py:455] - Balance $9.0367 meets minimum value $7.5202 for SIGNUSDT. Proceeding with analysis.
2025-10-28 14:13:31,169 - INFO - [upgradebot.py:262] - Fetching 90 days of 240-min data for SIGNUSDT...
2025-10-28 14:13:33,814 - INFO - [upgradebot.py:348] - SIGNUSDT model trained. Accuracy: 0.62
2025-10-28 14:13:33,824 - INFO - [upgradebot.py:473] - [PREDICTION] SIGNUSDT: HOLD at $0.07461
2025-10-28 14:13:36,007 - INFO - [upgradebot.py:304] - No active position found for SIGNUSDT.
2025-10-28 14:13:36,009 - INFO - [upgradebot.py:546] - ML predicts HOLD for SIGNUSDT. No action taken.
2025-10-28 14:13:37,010 - INFO - [upgradebot.py:431] - --- Checking SIRENUSDT (Price: $0.0857) ---
2025-10-28 14:13:39,282 - INFO - [upgradebot.py:455] - Balance $9.0367 meets minimum value $7.5442 for SIRENUSDT. Proceeding with analysis.
2025-10-28 14:13:39,283 - INFO - [upgradebot.py:262] - Fetching 90 days of 240-min data for SIRENUSDT...
2025-10-28 14:13:41,412 - INFO - [upgradebot.py:348] - SIRENUSDT model trained. Accuracy: 0.67
2025-10-28 14:13:41,420 - INFO - [upgradebot.py:473] - [PREDICTION] SIRENUSDT: SELL at $0.10035
2025-10-28 14:13:43,250 - INFO - [upgradebot.py:304] - No active position found for SIRENUSDT.
2025-10-28 14:13:43,252 - INFO - [upgradebot.py:523] - SELL signal for SIRENUSDT. Considering SHORT entry.
2025-10-28 14:13:43,252 - INFO - [upgradebot.py:535] - Calculated SHORT Intent: Qty~81.046637, Entry~$0.10055, TP~$0.09552, SL~$0.10256
2025-10-28 14:13:43,253 - INFO - [upgradebot.py:537] - Placing SHORT Bracket Order...
2025-10-28 14:13:43,253 - ERROR - [upgradebot.py:386] - Final qty 81.0 < minimum 88.0. Cannot place entry.
2025-10-28 14:13:43,253 - ERROR - [upgradebot.py:543] - SHORT Entry order failed for SIRENUSDT. TP/SL not placed.
2025-10-28 14:13:44,254 - INFO - [upgradebot.py:431] - --- Checking SKLUSDT (Price: $0.0194) ---
2025-10-28 14:13:46,426 - INFO - [upgradebot.py:455] - Balance $9.0367 meets minimum value $7.5117 for SKLUSDT. Proceeding with analysis.
2025-10-28 14:13:46,426 - INFO - [upgradebot.py:262] - Fetching 90 days of 240-min data for SKLUSDT...
2025-10-28 14:13:48,537 - INFO - [upgradebot.py:348] - SKLUSDT model trained. Accuracy: 0.76
2025-10-28 14:13:48,547 - INFO - [upgradebot.py:473] - [PREDICTION] SKLUSDT: HOLD at $0.02771
2025-10-28 14:13:50,413 - INFO - [upgradebot.py:304] - No active position found for SKLUSDT.
2025-10-28 14:13:50,416 - INFO - [upgradebot.py:546] - ML predicts HOLD for SKLUSDT. No action taken.
2025-10-28 14:13:51,416 - INFO - [upgradebot.py:431] - --- Checking SKYUSDT (Price: $0.0591) ---
2025-10-28 14:13:53,508 - INFO - [upgradebot.py:455] - Balance $9.0367 meets minimum value $7.5082 for SKYUSDT. Proceeding with analysis.
2025-10-28 14:13:53,509 - INFO - [upgradebot.py:262] - Fetching 90 days of 240-min data for SKYUSDT...
2025-10-28 14:13:55,956 - INFO - [upgradebot.py:348] - SKYUSDT model trained. Accuracy: 0.76
2025-10-28 14:13:55,964 - INFO - [upgradebot.py:473] - [PREDICTION] SKYUSDT: HOLD at $0.07313
2025-10-28 14:13:58,059 - INFO - [upgradebot.py:304] - No active position found for SKYUSDT.
2025-10-28 14:13:58,061 - INFO - [upgradebot.py:546] - ML predicts HOLD for SKYUSDT. No action taken.
2025-10-28 14:13:59,062 - INFO - [upgradebot.py:431] - --- Checking SKYAIUSDT (Price: $0.0232) ---
2025-10-28 14:14:01,348 - INFO - [upgradebot.py:455] - Balance $9.0367 meets minimum value $7.5237 for SKYAIUSDT. Proceeding with analysis.
2025-10-28 14:14:01,349 - INFO - [upgradebot.py:262] - Fetching 90 days of 240-min data for SKYAIUSDT...
2025-10-28 14:14:03,861 - INFO - [upgradebot.py:348] - SKYAIUSDT model trained. Accuracy: 0.76
2025-10-28 14:14:03,875 - INFO - [upgradebot.py:473] - [PREDICTION] SKYAIUSDT: SELL at $0.04113
2025-10-28 14:14:06,258 - INFO - [upgradebot.py:304] - No active position found for SKYAIUSDT.
2025-10-28 14:14:06,259 - INFO - [upgradebot.py:523] - SELL signal for SKYAIUSDT. Considering SHORT entry.
2025-10-28 14:14:06,260 - INFO - [upgradebot.py:535] - Calculated SHORT Intent: Qty~197.739606, Entry~$0.04121, TP~$0.03915, SL~$0.04204
2025-10-28 14:14:06,260 - INFO - [upgradebot.py:537] - Placing SHORT Bracket Order...
2025-10-28 14:14:06,260 - ERROR - [upgradebot.py:386] - Final qty 190.0 < minimum 325.0. Cannot place entry.
2025-10-28 14:14:06,261 - ERROR - [upgradebot.py:543] - SHORT Entry order failed for SKYAIUSDT. TP/SL not placed.
2025-10-28 14:14:07,261 - INFO - [upgradebot.py:431] - --- Checking SLPUSDT (Price: $0.0012) ---
2025-10-28 14:14:09,231 - INFO - [upgradebot.py:455] - Balance $9.0367 meets minimum value $7.4884 for SLPUSDT. Proceeding with analysis.
2025-10-28 14:14:09,232 - INFO - [upgradebot.py:262] - Fetching 90 days of 240-min data for SLPUSDT...
2025-10-28 14:14:11,724 - INFO - [upgradebot.py:348] - SLPUSDT model trained. Accuracy: 0.79
2025-10-28 14:14:11,739 - INFO - [upgradebot.py:473] - [PREDICTION] SLPUSDT: SELL at $0.001799
2025-10-28 14:14:14,103 - INFO - [upgradebot.py:304] - No active position found for SLPUSDT.
2025-10-28 14:14:14,105 - INFO - [upgradebot.py:523] - SELL signal for SLPUSDT. Considering SHORT entry.
2025-10-28 14:14:14,105 - INFO - [upgradebot.py:535] - Calculated SHORT Intent: Qty~4520.861590, Entry~$0.001803, TP~$0.001712, SL~$0.001839
2025-10-28 14:14:14,106 - INFO - [upgradebot.py:537] - Placing SHORT Bracket Order...
2025-10-28 14:14:14,106 - ERROR - [upgradebot.py:386] - Final qty 4520.0 < minimum 6314.0. Cannot place entry.
2025-10-28 14:14:14,106 - ERROR - [upgradebot.py:543] - SHORT Entry order failed for SLPUSDT. TP/SL not placed.
2025-10-28 14:14:15,107 - INFO - [upgradebot.py:431] - --- Checking SNTUSDT (Price: $0.0183) ---
2025-10-28 14:14:17,176 - INFO - [upgradebot.py:455] - Balance $9.0367 meets minimum value $7.5049 for SNTUSDT. Proceeding with analysis.
2025-10-28 14:14:17,176 - INFO - [upgradebot.py:262] - Fetching 90 days of 240-min data for SNTUSDT...
2025-10-28 14:14:19,455 - INFO - [upgradebot.py:348] - SNTUSDT model trained. Accuracy: 0.81
2025-10-28 14:14:19,469 - INFO - [upgradebot.py:473] - [PREDICTION] SNTUSDT: HOLD at $0.02571
2025-10-28 14:14:21,718 - INFO - [upgradebot.py:304] - No active position found for SNTUSDT.
2025-10-28 14:14:21,721 - INFO - [upgradebot.py:546] - ML predicts HOLD for SNTUSDT. No action taken.
2025-10-28 14:14:22,722 - INFO - [upgradebot.py:431] - --- Checking SNXUSDT (Price: $1.1708) ---
2025-10-28 14:14:25,091 - INFO - [upgradebot.py:455] - Balance $9.0367 meets minimum value $7.4931 for SNXUSDT. Proceeding with analysis.
2025-10-28 14:14:25,092 - INFO - [upgradebot.py:262] - Fetching 90 days of 240-min data for SNXUSDT...
2025-10-28 14:14:27,816 - INFO - [upgradebot.py:348] - SNXUSDT model trained. Accuracy: 0.62
2025-10-28 14:14:27,825 - INFO - [upgradebot.py:473] - [PREDICTION] SNXUSDT: HOLD at $0.6736
2025-10-28 14:14:30,474 - INFO - [upgradebot.py:304] - No active position found for SNXUSDT.
2025-10-28 14:14:30,476 - INFO - [upgradebot.py:546] - ML predicts HOLD for SNXUSDT. No action taken.
2025-10-28 14:14:31,477 - INFO - [upgradebot.py:431] - --- Checking SOLUSDT (Price: $202.6900) ---
2025-10-28 14:14:33,918 - INFO - [upgradebot.py:451] - Skipping SOLUSDT. Balance $9.0367 is less than minimum order value $20.2690.
2025-10-28 14:14:34,419 - INFO - [upgradebot.py:431] - --- Checking SOLAYERUSDT (Price: $0.2867) ---
2025-10-28 14:14:37,115 - INFO - [upgradebot.py:455] - Balance $9.0367 meets minimum value $7.7409 for SOLAYERUSDT. Proceeding with analysis.
2025-10-28 14:14:37,116 - INFO - [upgradebot.py:262] - Fetching 90 days of 240-min data for SOLAYERUSDT...
2025-10-28 14:14:40,356 - INFO - [upgradebot.py:348] - SOLAYERUSDT model trained. Accuracy: 0.74
2025-10-28 14:14:40,371 - INFO - [upgradebot.py:473] - [PREDICTION] SOLAYERUSDT: HOLD at $0.5228
2025-10-28 14:14:43,256 - INFO - [upgradebot.py:304] - No active position found for SOLAYERUSDT.
2025-10-28 14:14:43,259 - INFO - [upgradebot.py:546] - ML predicts HOLD for SOLAYERUSDT. No action taken.
2025-10-28 14:14:44,260 - INFO - [upgradebot.py:431] - --- Checking SOLVUSDT (Price: $0.0185) ---
2025-10-28 14:14:47,590 - INFO - [upgradebot.py:455] - Balance $9.0367 meets minimum value $7.5173 for SOLVUSDT. Proceeding with analysis.
2025-10-28 14:14:47,590 - INFO - [upgradebot.py:262] - Fetching 90 days of 240-min data for SOLVUSDT...
2025-10-28 14:14:51,086 - INFO - [upgradebot.py:348] - SOLVUSDT model trained. Accuracy: 0.86
2025-10-28 14:14:51,105 - INFO - [upgradebot.py:473] - [PREDICTION] SOLVUSDT: HOLD at $0.04164
2025-10-28 14:14:54,544 - INFO - [upgradebot.py:304] - No active position found for SOLVUSDT.
2025-10-28 14:14:54,547 - INFO - [upgradebot.py:546] - ML predicts HOLD for SOLVUSDT. No action taken.
2025-10-28 14:14:55,548 - INFO - [upgradebot.py:431] - --- Checking SOMIUSDT (Price: $0.4823) ---
2025-10-28 14:14:58,806 - INFO - [upgradebot.py:455] - Balance $9.0367 meets minimum value $7.5239 for SOMIUSDT. Proceeding with analysis.
2025-10-28 14:14:58,807 - INFO - [upgradebot.py:262] - Fetching 90 days of 240-min data for SOMIUSDT...
2025-10-28 14:15:04,578 - INFO - [upgradebot.py:348] - SOMIUSDT model trained. Accuracy: 0.86
2025-10-28 14:15:04,621 - INFO - [upgradebot.py:473] - [PREDICTION] SOMIUSDT: SELL at $1.1843
2025-10-28 14:15:08,600 - INFO - [upgradebot.py:304] - No active position found for SOMIUSDT.
2025-10-28 14:15:08,603 - INFO - [upgradebot.py:523] - SELL signal for SOMIUSDT. Considering SHORT entry.
2025-10-28 14:15:08,604 - INFO - [upgradebot.py:535] - Calculated SHORT Intent: Qty~6.867373, Entry~$1.1867, TP~$1.1273, SL~$1.2104
2025-10-28 14:15:08,605 - INFO - [upgradebot.py:537] - Placing SHORT Bracket Order...
2025-10-28 14:15:08,606 - ERROR - [upgradebot.py:386] - Final qty 6.8 < minimum 15.6. Cannot place entry.
2025-10-28 14:15:08,606 - ERROR - [upgradebot.py:543] - SHORT Entry order failed for SOMIUSDT. TP/SL not placed.
2025-10-28 14:15:09,608 - INFO - [upgradebot.py:431] - --- Checking SONICUSDT (Price: $0.1352) ---
2025-10-28 14:15:14,519 - INFO - [upgradebot.py:455] - Balance $9.0367 meets minimum value $7.5712 for SONICUSDT. Proceeding with analysis.
2025-10-28 14:15:14,521 - INFO - [upgradebot.py:262] - Fetching 90 days of 240-min data for SONICUSDT...
2025-10-28 14:15:20,356 - INFO - [upgradebot.py:348] - SONICUSDT model trained. Accuracy: 0.86
2025-10-28 14:15:20,380 - INFO - [upgradebot.py:473] - [PREDICTION] SONICUSDT: HOLD at $0.2371
2025-10-28 14:15:23,996 - INFO - [upgradebot.py:304] - No active position found for SONICUSDT.
2025-10-28 14:15:24,000 - INFO - [upgradebot.py:546] - ML predicts HOLD for SONICUSDT. No action taken.
2025-10-28 14:15:25,001 - INFO - [upgradebot.py:431] - --- Checking SOONUSDT (Price: $0.7464) ---
2025-10-28 14:15:28,838 - INFO - [upgradebot.py:455] - Balance $9.0367 meets minimum value $8.2104 for SOONUSDT. Proceeding with analysis.
2025-10-28 14:15:28,839 - INFO - [upgradebot.py:262] - Fetching 90 days of 240-min data for SOONUSDT...
2025-10-28 14:15:31,543 - INFO - [upgradebot.py:348] - SOONUSDT model trained. Accuracy: 0.79
2025-10-28 14:15:31,557 - INFO - [upgradebot.py:473] - [PREDICTION] SOONUSDT: BUY at $0.3154
2025-10-28 14:15:34,154 - INFO - [upgradebot.py:304] - No active position found for SOONUSDT.
2025-10-28 14:15:34,157 - WARNING - [upgradebot.py:494] - Skipping SOONUSDT BUY. Investment $8.1330 < min value $8.2104.
2025-10-28 14:15:34,158 - INFO - [upgradebot.py:431] - --- Checking SOPHUSDT (Price: $0.0273) ---
2025-10-28 14:15:36,753 - INFO - [upgradebot.py:455] - Balance $9.0367 meets minimum value $7.5185 for SOPHUSDT. Proceeding with analysis.
2025-10-28 14:15:36,753 - INFO - [upgradebot.py:262] - Fetching 90 days of 240-min data for SOPHUSDT...
2025-10-28 14:15:39,529 - INFO - [upgradebot.py:348] - SOPHUSDT model trained. Accuracy: 0.76
2025-10-28 14:15:39,539 - INFO - [upgradebot.py:473] - [PREDICTION] SOPHUSDT: SELL at $0.03042
2025-10-28 14:15:41,961 - INFO - [upgradebot.py:304] - No active position found for SOPHUSDT.
2025-10-28 14:15:41,966 - INFO - [upgradebot.py:523] - SELL signal for SOPHUSDT. Considering SHORT entry.
2025-10-28 14:15:41,966 - INFO - [upgradebot.py:535] - Calculated SHORT Intent: Qty~267.357988, Entry~$0.03048, TP~$0.02896, SL~$0.03109
2025-10-28 14:15:41,967 - INFO - [upgradebot.py:537] - Placing SHORT Bracket Order...
2025-10-28 14:15:41,967 - ERROR - [upgradebot.py:386] - Final qty 260.0 < minimum 275.0. Cannot place entry.
2025-10-28 14:15:41,968 - ERROR - [upgradebot.py:543] - SHORT Entry order failed for SOPHUSDT. TP/SL not placed.
2025-10-28 14:15:42,969 - INFO - [upgradebot.py:431] - --- Checking SOSOUSDT (Price: $0.9011) ---
2025-10-28 14:15:45,218 - INFO - [upgradebot.py:455] - Balance $9.0367 meets minimum value $8.1099 for SOSOUSDT. Proceeding with analysis.
2025-10-28 14:15:45,218 - INFO - [upgradebot.py:262] - Fetching 90 days of 240-min data for SOSOUSDT...
2025-10-28 14:15:47,564 - INFO - [upgradebot.py:348] - SOSOUSDT model trained. Accuracy: 0.98
2025-10-28 14:15:47,573 - INFO - [upgradebot.py:473] - [PREDICTION] SOSOUSDT: HOLD at $0.6745
2025-10-28 14:15:49,528 - INFO - [upgradebot.py:304] - No active position found for SOSOUSDT.
2025-10-28 14:15:49,530 - INFO - [upgradebot.py:546] - ML predicts HOLD for SOSOUSDT. No action taken.
2025-10-28 14:15:50,530 - INFO - [upgradebot.py:431] - --- Checking SPELLUSDT (Price: $0.0004) ---
2025-10-28 14:15:52,446 - INFO - [upgradebot.py:455] - Balance $9.0367 meets minimum value $7.5195 for SPELLUSDT. Proceeding with analysis.
2025-10-28 14:15:52,446 - INFO - [upgradebot.py:262] - Fetching 90 days of 240-min data for SPELLUSDT...
2025-10-28 14:15:54,619 - INFO - [upgradebot.py:348] - SPELLUSDT model trained. Accuracy: 0.79
2025-10-28 14:15:54,629 - INFO - [upgradebot.py:473] - [PREDICTION] SPELLUSDT: HOLD at $0.0004892
2025-10-28 14:15:56,574 - INFO - [upgradebot.py:304] - No active position found for SPELLUSDT.
2025-10-28 14:15:56,576 - INFO - [upgradebot.py:546] - ML predicts HOLD for SPELLUSDT. No action taken.
2025-10-28 14:15:57,577 - INFO - [upgradebot.py:431] - --- Checking SPKUSDT (Price: $0.0382) ---
2025-10-28 14:15:59,509 - INFO - [upgradebot.py:455] - Balance $9.0367 meets minimum value $7.5254 for SPKUSDT. Proceeding with analysis.
2025-10-28 14:15:59,509 - INFO - [upgradebot.py:262] - Fetching 90 days of 240-min data for SPKUSDT...
2025-10-28 14:16:01,587 - INFO - [upgradebot.py:348] - SPKUSDT model trained. Accuracy: 0.67
2025-10-28 14:16:01,596 - INFO - [upgradebot.py:473] - [PREDICTION] SPKUSDT: SELL at $0.06283
2025-10-28 14:16:03,289 - INFO - [upgradebot.py:304] - No active position found for SPKUSDT.
2025-10-28 14:16:03,291 - INFO - [upgradebot.py:523] - SELL signal for SPKUSDT. Considering SHORT entry.
2025-10-28 14:16:03,291 - INFO - [upgradebot.py:535] - Calculated SHORT Intent: Qty~129.445010, Entry~$0.06296, TP~$0.05981, SL~$0.06421
2025-10-28 14:16:03,292 - INFO - [upgradebot.py:537] - Placing SHORT Bracket Order...
2025-10-28 14:16:03,292 - ERROR - [upgradebot.py:386] - Final qty 120.0 < minimum 197.0. Cannot place entry.
2025-10-28 14:16:03,292 - ERROR - [upgradebot.py:543] - SHORT Entry order failed for SPKUSDT. TP/SL not placed.
2025-10-28 14:16:04,293 - INFO - [upgradebot.py:431] - --- Checking SPXUSDT (Price: $1.0599) ---
2025-10-28 14:16:06,060 - INFO - [upgradebot.py:455] - Balance $9.0367 meets minimum value $8.4792 for SPXUSDT. Proceeding with analysis.
2025-10-28 14:16:06,060 - INFO - [upgradebot.py:262] - Fetching 90 days of 240-min data for SPXUSDT...
2025-10-28 14:16:08,036 - INFO - [upgradebot.py:348] - SPXUSDT model trained. Accuracy: 0.83
2025-10-28 14:16:08,043 - INFO - [upgradebot.py:473] - [PREDICTION] SPXUSDT: BUY at $1.3103
2025-10-28 14:16:09,813 - INFO - [upgradebot.py:304] - No active position found for SPXUSDT.
2025-10-28 14:16:09,815 - WARNING - [upgradebot.py:494] - Skipping SPXUSDT BUY. Investment $8.1330 < min value $8.4792.
2025-10-28 14:16:09,815 - INFO - [upgradebot.py:431] - --- Checking SQDUSDT (Price: $0.1172) ---
2025-10-28 14:16:11,868 - INFO - [upgradebot.py:455] - Balance $9.0367 meets minimum value $7.4989 for SQDUSDT. Proceeding with analysis.
2025-10-28 14:16:11,868 - INFO - [upgradebot.py:262] - Fetching 90 days of 240-min data for SQDUSDT...
2025-10-28 14:16:14,046 - INFO - [upgradebot.py:348] - SQDUSDT model trained. Accuracy: 0.74
2025-10-28 14:16:14,057 - INFO - [upgradebot.py:473] - [PREDICTION] SQDUSDT: SELL at $0.08070
2025-10-28 14:16:15,807 - INFO - [upgradebot.py:304] - No active position found for SQDUSDT.
2025-10-28 14:16:15,809 - INFO - [upgradebot.py:523] - SELL signal for SQDUSDT. Considering SHORT entry.
2025-10-28 14:16:15,809 - INFO - [upgradebot.py:535] - Calculated SHORT Intent: Qty~100.781041, Entry~$0.08086, TP~$0.07682, SL~$0.08248
2025-10-28 14:16:15,810 - INFO - [upgradebot.py:537] - Placing SHORT Bracket Order...
2025-10-28 14:16:15,810 - INFO - [upgradebot.py:392] - [ACTION] Submitting LIMIT SELL for SQDUSDT (Qty: 100.0) @ Price: 0.08086
2025-10-28 14:16:15,810 - INFO - [upgradebot.py:393] - [DRY-RUN] Would submit order: {"side": "SELL", "symbol": "SQDUSDT", "order_type": "LIMIT", "quantity": 100.0, "exchange": "EXCHANGE_2", "price": 0.08086}
2025-10-28 14:16:15,811 - INFO - [upgradebot.py:392] - [ACTION] Submitting TAKE_PROFIT_MARKET BUY for SQDUSDT (Qty: 0) @ Trigger: 0.07682
2025-10-28 14:16:15,811 - INFO - [upgradebot.py:393] - [DRY-RUN] Would submit order: {"side": "BUY", "symbol": "SQDUSDT", "order_type": "TAKE_PROFIT_MARKET", "quantity": 0, "exchange": "EXCHANGE_2", "trigger_price": 0.07682, "reduce_only": true}
2025-10-28 14:16:15,812 - INFO - [upgradebot.py:392] - [ACTION] Submitting STOP_MARKET BUY for SQDUSDT (Qty: 0) @ Trigger: 0.08248
2025-10-28 14:16:15,812 - INFO - [upgradebot.py:393] - [DRY-RUN] Would submit order: {"side": "BUY", "symbol": "SQDUSDT", "order_type": "STOP_MARKET", "quantity": 0, "exchange": "EXCHANGE_2", "trigger_price": 0.08248, "reduce_only": true}
2025-10-28 14:16:16,813 - INFO - [upgradebot.py:431] - --- Checking SSVUSDT (Price: $5.5410) ---
2025-10-28 14:16:18,382 - INFO - [upgradebot.py:455] - Balance $9.0367 meets minimum value $7.5358 for SSVUSDT. Proceeding with analysis.
2025-10-28 14:16:18,382 - INFO - [upgradebot.py:262] - Fetching 90 days of 240-min data for SSVUSDT...
2025-10-28 14:16:20,543 - INFO - [upgradebot.py:348] - SSVUSDT model trained. Accuracy: 0.71
2025-10-28 14:16:20,554 - INFO - [upgradebot.py:473] - [PREDICTION] SSVUSDT: HOLD at $9.024
2025-10-28 14:16:22,393 - INFO - [upgradebot.py:304] - No active position found for SSVUSDT.
2025-10-28 14:16:22,395 - INFO - [upgradebot.py:546] - ML predicts HOLD for SSVUSDT. No action taken.
2025-10-28 14:16:23,395 - INFO - [upgradebot.py:431] - --- Checking STBLUSDT (Price: $0.0993) ---
2025-10-28 14:16:25,372 - INFO - [upgradebot.py:455] - Balance $9.0367 meets minimum value $7.5468 for STBLUSDT. Proceeding with analysis.
2025-10-28 14:16:25,372 - INFO - [upgradebot.py:262] - Fetching 90 days of 240-min data for STBLUSDT...
2025-10-28 14:16:27,876 - INFO - [upgradebot.py:348] - STBLUSDT model trained. Accuracy: 0.82
2025-10-28 14:16:27,890 - INFO - [upgradebot.py:473] - [PREDICTION] STBLUSDT: BUY at $0.16809
2025-10-28 14:16:29,925 - INFO - [upgradebot.py:304] - No active position found for STBLUSDT.
2025-10-28 14:16:29,929 - INFO - [upgradebot.py:501] - Calculated LONG Intent: Qty~48.384972, Entry~$0.16775, TP~$0.17614, SL~$0.16440
2025-10-28 14:16:29,930 - INFO - [upgradebot.py:503] - Placing LONG Bracket Order...
2025-10-28 14:16:29,931 - ERROR - [upgradebot.py:386] - Final qty 48.0 < minimum 76.0. Cannot place entry.
2025-10-28 14:16:29,932 - ERROR - [upgradebot.py:509] - LONG Entry order failed for STBLUSDT. TP/SL not placed.
2025-10-28 14:16:30,934 - INFO - [upgradebot.py:431] - --- Checking STEEMUSDT (Price: $0.0912) ---
2025-10-28 14:16:33,427 - INFO - [upgradebot.py:455] - Balance $9.0367 meets minimum value $7.5729 for STEEMUSDT. Proceeding with analysis.
2025-10-28 14:16:33,428 - INFO - [upgradebot.py:262] - Fetching 90 days of 240-min data for STEEMUSDT...
2025-10-28 14:16:35,905 - INFO - [upgradebot.py:348] - STEEMUSDT model trained. Accuracy: 0.86
2025-10-28 14:16:35,917 - INFO - [upgradebot.py:473] - [PREDICTION] STEEMUSDT: HOLD at $0.13140
2025-10-28 14:16:38,184 - INFO - [upgradebot.py:304] - No active position found for STEEMUSDT.
2025-10-28 14:16:38,186 - INFO - [upgradebot.py:546] - ML predicts HOLD for STEEMUSDT. No action taken.
2025-10-28 14:16:39,187 - INFO - [upgradebot.py:431] - --- Checking STGUSDT (Price: $0.1507) ---
2025-10-28 14:16:41,446 - INFO - [upgradebot.py:455] - Balance $9.0367 meets minimum value $7.5199 for STGUSDT. Proceeding with analysis.
2025-10-28 14:16:41,446 - INFO - [upgradebot.py:262] - Fetching 90 days of 240-min data for STGUSDT...
2025-10-28 14:16:44,082 - INFO - [upgradebot.py:348] - STGUSDT model trained. Accuracy: 0.81
2025-10-28 14:16:44,091 - INFO - [upgradebot.py:473] - [PREDICTION] STGUSDT: BUY at $0.1687
2025-10-28 14:16:46,268 - INFO - [upgradebot.py:304] - No active position found for STGUSDT.
2025-10-28 14:16:46,270 - INFO - [upgradebot.py:501] - Calculated LONG Intent: Qty~48.210018, Entry~$0.1684, TP~$0.1768, SL~$0.1650
2025-10-28 14:16:46,270 - INFO - [upgradebot.py:503] - Placing LONG Bracket Order...
2025-10-28 14:16:46,270 - ERROR - [upgradebot.py:386] - Final qty 48.2 < minimum 49.9. Cannot place entry.
2025-10-28 14:16:46,271 - ERROR - [upgradebot.py:509] - LONG Entry order failed for STGUSDT. TP/SL not placed.
2025-10-28 14:16:47,272 - INFO - [upgradebot.py:431] - --- Checking STOUSDT (Price: $0.1612) ---
2025-10-28 14:16:49,422 - INFO - [upgradebot.py:455] - Balance $9.0367 meets minimum value $7.5783 for STOUSDT. Proceeding with analysis.
2025-10-28 14:16:49,423 - INFO - [upgradebot.py:262] - Fetching 90 days of 240-min data for STOUSDT...
2025-10-28 14:16:51,968 - INFO - [upgradebot.py:348] - STOUSDT model trained. Accuracy: 0.83
2025-10-28 14:16:51,980 - INFO - [upgradebot.py:473] - [PREDICTION] STOUSDT: SELL at $0.08966
2025-10-28 14:16:54,276 - INFO - [upgradebot.py:304] - No active position found for STOUSDT.
2025-10-28 14:16:54,280 - INFO - [upgradebot.py:523] - SELL signal for STOUSDT. Considering SHORT entry.
2025-10-28 14:16:54,281 - INFO - [upgradebot.py:535] - Calculated SHORT Intent: Qty~90.709681, Entry~$0.08984, TP~$0.08535, SL~$0.09164
2025-10-28 14:16:54,281 - INFO - [upgradebot.py:537] - Placing SHORT Bracket Order...
2025-10-28 14:16:54,282 - INFO - [upgradebot.py:392] - [ACTION] Submitting LIMIT SELL for STOUSDT (Qty: 90.0) @ Price: 0.08984
2025-10-28 14:16:54,282 - INFO - [upgradebot.py:393] - [DRY-RUN] Would submit order: {"side": "SELL", "symbol": "STOUSDT", "order_type": "LIMIT", "quantity": 90.0, "exchange": "EXCHANGE_2", "price": 0.08984}
2025-10-28 14:16:54,282 - INFO - [upgradebot.py:392] - [ACTION] Submitting TAKE_PROFIT_MARKET BUY for STOUSDT (Qty: 0) @ Trigger: 0.08535
2025-10-28 14:16:54,283 - INFO - [upgradebot.py:393] - [DRY-RUN] Would submit order: {"side": "BUY", "symbol": "STOUSDT", "order_type": "TAKE_PROFIT_MARKET", "quantity": 0, "exchange": "EXCHANGE_2", "trigger_price": 0.08535, "reduce_only": true}
2025-10-28 14:16:54,283 - INFO - [upgradebot.py:392] - [ACTION] Submitting STOP_MARKET BUY for STOUSDT (Qty: 0) @ Trigger: 0.09164
2025-10-28 14:16:54,284 - INFO - [upgradebot.py:393] - [DRY-RUN] Would submit order: {"side": "BUY", "symbol": "STOUSDT", "order_type": "STOP_MARKET", "quantity": 0, "exchange": "EXCHANGE_2", "trigger_price": 0.09164, "reduce_only": true}
2025-10-28 14:16:55,284 - INFO - [upgradebot.py:431] - --- Checking STORJUSDT (Price: $0.1813) ---
2025-10-28 14:16:57,842 - INFO - [upgradebot.py:455] - Balance $9.0367 meets minimum value $7.5239 for STORJUSDT. Proceeding with analysis.
2025-10-28 14:16:57,842 - INFO - [upgradebot.py:262] - Fetching 90 days of 240-min data for STORJUSDT...
2025-10-28 14:17:00,615 - INFO - [upgradebot.py:348] - STORJUSDT model trained. Accuracy: 0.83
2025-10-28 14:17:00,627 - INFO - [upgradebot.py:473] - [PREDICTION] STORJUSDT: HOLD at $0.2550
2025-10-28 14:17:03,054 - INFO - [upgradebot.py:304] - No active position found for STORJUSDT.
2025-10-28 14:17:03,056 - INFO - [upgradebot.py:546] - ML predicts HOLD for STORJUSDT. No action taken.
2025-10-28 14:17:04,057 - INFO - [upgradebot.py:431] - --- Checking STRKUSDT (Price: $0.1221) ---
2025-10-28 14:17:06,599 - INFO - [upgradebot.py:455] - Balance $9.0367 meets minimum value $7.5091 for STRKUSDT. Proceeding with analysis.
2025-10-28 14:17:06,600 - INFO - [upgradebot.py:262] - Fetching 90 days of 240-min data for STRKUSDT...
2025-10-28 14:17:09,781 - INFO - [upgradebot.py:348] - STRKUSDT model trained. Accuracy: 0.69
2025-10-28 14:17:09,803 - INFO - [upgradebot.py:473] - [PREDICTION] STRKUSDT: SELL at $0.1357
2025-10-28 14:17:13,180 - INFO - [upgradebot.py:304] - No active position found for STRKUSDT.
2025-10-28 14:17:13,183 - INFO - [upgradebot.py:523] - SELL signal for STRKUSDT. Considering SHORT entry.
2025-10-28 14:17:13,183 - INFO - [upgradebot.py:535] - Calculated SHORT Intent: Qty~59.933898, Entry~$0.1360, TP~$0.1292, SL~$0.1387
2025-10-28 14:17:13,184 - INFO - [upgradebot.py:537] - Placing SHORT Bracket Order...
2025-10-28 14:17:13,184 - ERROR - [upgradebot.py:386] - Final qty 59.9 < minimum 61.5. Cannot place entry.
2025-10-28 14:17:13,185 - ERROR - [upgradebot.py:543] - SHORT Entry order failed for STRKUSDT. TP/SL not placed.
2025-10-28 14:17:14,186 - INFO - [upgradebot.py:431] - --- Checking STXUSDT (Price: $0.4563) ---
2025-10-28 14:17:17,089 - INFO - [upgradebot.py:455] - Balance $9.0367 meets minimum value $7.5290 for STXUSDT. Proceeding with analysis.
2025-10-28 14:17:17,090 - INFO - [upgradebot.py:262] - Fetching 90 days of 240-min data for STXUSDT...
2025-10-28 14:17:20,782 - INFO - [upgradebot.py:348] - STXUSDT model trained. Accuracy: 0.83
2025-10-28 14:17:20,804 - INFO - [upgradebot.py:473] - [PREDICTION] STXUSDT: HOLD at $0.66020
2025-10-28 14:17:24,100 - INFO - [upgradebot.py:304] - No active position found for STXUSDT.
2025-10-28 14:17:24,105 - INFO - [upgradebot.py:546] - ML predicts HOLD for STXUSDT. No action taken.
2025-10-28 14:17:25,106 - INFO - [upgradebot.py:431] - --- Checking SUIUSDT (Price: $2.6173) ---
2025-10-28 14:17:28,394 - INFO - [upgradebot.py:455] - Balance $9.0367 meets minimum value $7.8519 for SUIUSDT. Proceeding with analysis.
2025-10-28 14:17:28,395 - INFO - [upgradebot.py:262] - Fetching 90 days of 240-min data for SUIUSDT...
2025-10-28 14:17:33,069 - INFO - [upgradebot.py:348] - SUIUSDT model trained. Accuracy: 0.76
2025-10-28 14:17:33,099 - INFO - [upgradebot.py:473] - [PREDICTION] SUIUSDT: SELL at $3.60000
2025-10-28 14:17:36,819 - INFO - [upgradebot.py:304] - No active position found for SUIUSDT.
2025-10-28 14:17:36,822 - INFO - [upgradebot.py:523] - SELL signal for SUIUSDT. Considering SHORT entry.
2025-10-28 14:17:36,823 - INFO - [upgradebot.py:535] - Calculated SHORT Intent: Qty~2.259175, Entry~$3.60720, TP~$3.42684, SL~$3.67934
2025-10-28 14:17:36,824 - INFO - [upgradebot.py:537] - Placing SHORT Bracket Order...
2025-10-28 14:17:36,824 - INFO - [upgradebot.py:392] - [ACTION] Submitting LIMIT SELL for SUIUSDT (Qty: 10.0) @ Price: 3.6072
2025-10-28 14:17:36,825 - INFO - [upgradebot.py:393] - [DRY-RUN] Would submit order: {"side": "SELL", "symbol": "SUIUSDT", "order_type": "LIMIT", "quantity": 10.0, "exchange": "EXCHANGE_2", "price": 3.6072}
2025-10-28 14:17:36,826 - INFO - [upgradebot.py:392] - [ACTION] Submitting TAKE_PROFIT_MARKET BUY for SUIUSDT (Qty: 0) @ Trigger: 3.42684
2025-10-28 14:17:36,827 - INFO - [upgradebot.py:393] - [DRY-RUN] Would submit order: {"side": "BUY", "symbol": "SUIUSDT", "order_type": "TAKE_PROFIT_MARKET", "quantity": 0, "exchange": "EXCHANGE_2", "trigger_price": 3.42684, "reduce_only": true}
2025-10-28 14:17:36,828 - INFO - [upgradebot.py:392] - [ACTION] Submitting STOP_MARKET BUY for SUIUSDT (Qty: 0) @ Trigger: 3.67934
2025-10-28 14:17:36,828 - INFO - [upgradebot.py:393] - [DRY-RUN] Would submit order: {"side": "BUY", "symbol": "SUIUSDT", "order_type": "STOP_MARKET", "quantity": 0, "exchange": "EXCHANGE_2", "trigger_price": 3.67934, "reduce_only": true}
2025-10-28 14:17:37,830 - INFO - [upgradebot.py:431] - --- Checking SUNUSDT (Price: $0.0227) ---
2025-10-28 14:17:42,770 - INFO - [upgradebot.py:455] - Balance $9.0367 meets minimum value $7.5048 for SUNUSDT. Proceeding with analysis.
2025-10-28 14:17:42,771 - INFO - [upgradebot.py:262] - Fetching 90 days of 240-min data for SUNUSDT...
2025-10-28 14:17:50,253 - INFO - [upgradebot.py:348] - SUNUSDT model trained. Accuracy: 0.79
2025-10-28 14:17:50,277 - INFO - [upgradebot.py:473] - [PREDICTION] SUNUSDT: HOLD at $0.020690
2025-10-28 14:17:53,547 - INFO - [upgradebot.py:304] - No active position found for SUNUSDT.
2025-10-28 14:17:53,550 - INFO - [upgradebot.py:546] - ML predicts HOLD for SUNUSDT. No action taken.
2025-10-28 14:17:54,551 - INFO - [upgradebot.py:431] - --- Checking SUNDOGUSDT (Price: $0.0191) ---
2025-10-28 14:17:58,332 - INFO - [upgradebot.py:455] - Balance $9.0367 meets minimum value $7.4945 for SUNDOGUSDT. Proceeding with analysis.
2025-10-28 14:17:58,333 - INFO - [upgradebot.py:262] - Fetching 90 days of 240-min data for SUNDOGUSDT...
2025-10-28 14:18:01,648 - INFO - [upgradebot.py:348] - SUNDOGUSDT model trained. Accuracy: 0.71
2025-10-28 14:18:01,673 - INFO - [upgradebot.py:473] - [PREDICTION] SUNDOGUSDT: HOLD at $0.03630
2025-10-28 14:18:04,665 - INFO - [upgradebot.py:304] - No active position found for SUNDOGUSDT.
2025-10-28 14:18:04,668 - INFO - [upgradebot.py:546] - ML predicts HOLD for SUNDOGUSDT. No action taken.
2025-10-28 14:18:05,669 - INFO - [upgradebot.py:431] - --- Checking SUPERUSDT (Price: $0.4038) ---
2025-10-28 14:18:08,273 - INFO - [upgradebot.py:455] - Balance $9.0367 meets minimum value $7.6722 for SUPERUSDT. Proceeding with analysis.
2025-10-28 14:18:08,274 - INFO - [upgradebot.py:262] - Fetching 90 days of 240-min data for SUPERUSDT...
2025-10-28 14:18:10,827 - INFO - [upgradebot.py:348] - SUPERUSDT model trained. Accuracy: 0.74
2025-10-28 14:18:10,836 - INFO - [upgradebot.py:473] - [PREDICTION] SUPERUSDT: HOLD at $0.5937
2025-10-28 14:18:12,921 - INFO - [upgradebot.py:304] - No active position found for SUPERUSDT.
2025-10-28 14:18:12,923 - INFO - [upgradebot.py:546] - ML predicts HOLD for SUPERUSDT. No action taken.
2025-10-28 14:18:13,924 - INFO - [upgradebot.py:431] - --- Checking SUSHIUSDT (Price: $0.5388) ---
2025-10-28 14:18:16,293 - INFO - [upgradebot.py:455] - Balance $9.0367 meets minimum value $7.5432 for SUSHIUSDT. Proceeding with analysis.
2025-10-28 14:18:16,293 - INFO - [upgradebot.py:262] - Fetching 90 days of 240-min data for SUSHIUSDT...
2025-10-28 14:18:18,875 - INFO - [upgradebot.py:348] - SUSHIUSDT model trained. Accuracy: 0.86
2025-10-28 14:18:18,887 - INFO - [upgradebot.py:473] - [PREDICTION] SUSHIUSDT: HOLD at $0.7958
2025-10-28 14:18:21,043 - INFO - [upgradebot.py:304] - No active position found for SUSHIUSDT.
2025-10-28 14:18:21,045 - INFO - [upgradebot.py:546] - ML predicts HOLD for SUSHIUSDT. No action taken.
2025-10-28 14:18:22,046 - INFO - [upgradebot.py:431] - --- Checking SWARMSUSDT (Price: $0.0154) ---
2025-10-28 14:18:24,085 - INFO - [upgradebot.py:455] - Balance $9.0367 meets minimum value $7.4893 for SWARMSUSDT. Proceeding with analysis.
2025-10-28 14:18:24,086 - INFO - [upgradebot.py:262] - Fetching 90 days of 240-min data for SWARMSUSDT...
2025-10-28 14:18:26,419 - INFO - [upgradebot.py:348] - SWARMSUSDT model trained. Accuracy: 0.62
2025-10-28 14:18:26,428 - INFO - [upgradebot.py:473] - [PREDICTION] SWARMSUSDT: SELL at $0.02302
2025-10-28 14:18:28,936 - INFO - [upgradebot.py:304] - No active position found for SWARMSUSDT.
2025-10-28 14:18:28,938 - INFO - [upgradebot.py:523] - SELL signal for SWARMSUSDT. Considering SHORT entry.
2025-10-28 14:18:28,939 - INFO - [upgradebot.py:535] - Calculated SHORT Intent: Qty~353.302780, Entry~$0.02307, TP~$0.02191, SL~$0.02353
2025-10-28 14:18:28,939 - INFO - [upgradebot.py:537] - Placing SHORT Bracket Order...
2025-10-28 14:18:28,940 - ERROR - [upgradebot.py:386] - Final qty 353.0 < minimum 486.0. Cannot place entry.
2025-10-28 14:18:28,940 - ERROR - [upgradebot.py:543] - SHORT Entry order failed for SWARMSUSDT. TP/SL not placed.
2025-10-28 14:18:29,941 - INFO - [upgradebot.py:431] - --- Checking SXPUSDT (Price: $0.1225) ---
2025-10-28 14:18:31,906 - INFO - [upgradebot.py:455] - Balance $9.0367 meets minimum value $7.4970 for SXPUSDT. Proceeding with analysis.
2025-10-28 14:18:31,907 - INFO - [upgradebot.py:262] - Fetching 90 days of 240-min data for SXPUSDT...
2025-10-28 14:18:34,311 - INFO - [upgradebot.py:348] - SXPUSDT model trained. Accuracy: 0.74
2025-10-28 14:18:34,319 - INFO - [upgradebot.py:473] - [PREDICTION] SXPUSDT: HOLD at $0.1730
2025-10-28 14:18:36,209 - INFO - [upgradebot.py:304] - No active position found for SXPUSDT.
2025-10-28 14:18:36,213 - INFO - [upgradebot.py:546] - ML predicts HOLD for SXPUSDT. No action taken.
2025-10-28 14:18:37,214 - INFO - [upgradebot.py:431] - --- Checking SXTUSDT (Price: $0.0555) ---
2025-10-28 14:18:39,073 - INFO - [upgradebot.py:455] - Balance $9.0367 meets minimum value $7.4952 for SXTUSDT. Proceeding with analysis.
2025-10-28 14:18:39,074 - INFO - [upgradebot.py:262] - Fetching 90 days of 240-min data for SXTUSDT...
2025-10-28 14:18:41,273 - INFO - [upgradebot.py:348] - SXTUSDT model trained. Accuracy: 0.74
2025-10-28 14:18:41,282 - INFO - [upgradebot.py:473] - [PREDICTION] SXTUSDT: SELL at $0.07860
2025-10-28 14:18:43,232 - INFO - [upgradebot.py:304] - No active position found for SXTUSDT.
2025-10-28 14:18:43,234 - INFO - [upgradebot.py:523] - SELL signal for SXTUSDT. Considering SHORT entry.
2025-10-28 14:18:43,235 - INFO - [upgradebot.py:535] - Calculated SHORT Intent: Qty~103.473664, Entry~$0.07876, TP~$0.07482, SL~$0.08033
2025-10-28 14:18:43,235 - INFO - [upgradebot.py:537] - Placing SHORT Bracket Order...
2025-10-28 14:18:43,235 - ERROR - [upgradebot.py:386] - Final qty 103.0 < minimum 135.0. Cannot place entry.
2025-10-28 14:18:43,236 - ERROR - [upgradebot.py:543] - SHORT Entry order failed for SXTUSDT. TP/SL not placed.
2025-10-28 14:18:44,236 - INFO - [upgradebot.py:431] - --- Checking SYNUSDT (Price: $0.0782) ---
2025-10-28 14:18:46,213 - INFO - [upgradebot.py:455] - Balance $9.0367 meets minimum value $7.5082 for SYNUSDT. Proceeding with analysis.
2025-10-28 14:18:46,214 - INFO - [upgradebot.py:262] - Fetching 90 days of 240-min data for SYNUSDT...
2025-10-28 14:18:48,794 - INFO - [upgradebot.py:348] - SYNUSDT model trained. Accuracy: 0.74
2025-10-28 14:18:48,807 - INFO - [upgradebot.py:473] - [PREDICTION] SYNUSDT: HOLD at $0.12810
2025-10-28 14:18:51,142 - INFO - [upgradebot.py:304] - No active position found for SYNUSDT.
2025-10-28 14:18:51,144 - INFO - [upgradebot.py:546] - ML predicts HOLD for SYNUSDT. No action taken.
2025-10-28 14:18:52,145 - INFO - [upgradebot.py:431] - --- Checking SYRUPUSDT (Price: $0.3913) ---
2025-10-28 14:18:54,183 - INFO - [upgradebot.py:455] - Balance $9.0367 meets minimum value $7.8266 for SYRUPUSDT. Proceeding with analysis.
2025-10-28 14:18:54,184 - INFO - [upgradebot.py:262] - Fetching 90 days of 240-min data for SYRUPUSDT...
2025-10-28 14:18:56,464 - INFO - [upgradebot.py:348] - SYRUPUSDT model trained. Accuracy: 0.79
2025-10-28 14:18:56,472 - INFO - [upgradebot.py:473] - [PREDICTION] SYRUPUSDT: HOLD at $0.44842
2025-10-28 14:18:58,533 - INFO - [upgradebot.py:304] - No active position found for SYRUPUSDT.
2025-10-28 14:18:58,535 - INFO - [upgradebot.py:546] - ML predicts HOLD for SYRUPUSDT. No action taken.
2025-10-28 14:18:59,535 - INFO - [upgradebot.py:431] - --- Checking SYSUSDT (Price: $0.0302) ---
2025-10-28 14:19:01,826 - INFO - [upgradebot.py:455] - Balance $9.0367 meets minimum value $7.4846 for SYSUSDT. Proceeding with analysis.
2025-10-28 14:19:01,827 - INFO - [upgradebot.py:262] - Fetching 90 days of 240-min data for SYSUSDT...
2025-10-28 14:19:04,813 - INFO - [upgradebot.py:348] - SYSUSDT model trained. Accuracy: 0.69
2025-10-28 14:19:04,830 - INFO - [upgradebot.py:473] - [PREDICTION] SYSUSDT: HOLD at $0.04176
2025-10-28 14:19:07,266 - INFO - [upgradebot.py:304] - No active position found for SYSUSDT.
2025-10-28 14:19:07,268 - INFO - [upgradebot.py:546] - ML predicts HOLD for SYSUSDT. No action taken.
2025-10-28 14:19:08,269 - INFO - [upgradebot.py:431] - --- Checking TUSDT (Price: $0.0131) ---
2025-10-28 14:19:10,675 - INFO - [upgradebot.py:455] - Balance $9.0367 meets minimum value $7.4964 for TUSDT. Proceeding with analysis.
2025-10-28 14:19:10,675 - INFO - [upgradebot.py:262] - Fetching 90 days of 240-min data for TUSDT...
2025-10-28 14:19:13,092 - INFO - [upgradebot.py:348] - TUSDT model trained. Accuracy: 0.79
2025-10-28 14:19:13,104 - INFO - [upgradebot.py:473] - [PREDICTION] TUSDT: HOLD at $0.01696
2025-10-28 14:19:15,144 - INFO - [upgradebot.py:304] - No active position found for TUSDT.
2025-10-28 14:19:15,146 - INFO - [upgradebot.py:546] - ML predicts HOLD for TUSDT. No action taken.
2025-10-28 14:19:16,147 - INFO - [upgradebot.py:431] - --- Checking TAUSDT (Price: $0.0506) ---
2025-10-28 14:19:18,321 - INFO - [upgradebot.py:455] - Balance $9.0367 meets minimum value $7.5424 for TAUSDT. Proceeding with analysis.
2025-10-28 14:19:18,321 - INFO - [upgradebot.py:262] - Fetching 90 days of 240-min data for TAUSDT...
2025-10-28 14:19:20,859 - INFO - [upgradebot.py:348] - TAUSDT model trained. Accuracy: 0.81
2025-10-28 14:19:20,879 - INFO - [upgradebot.py:473] - [PREDICTION] TAUSDT: HOLD at $0.10120
2025-10-28 14:19:23,179 - INFO - [upgradebot.py:304] - No active position found for TAUSDT.
2025-10-28 14:19:23,182 - INFO - [upgradebot.py:546] - ML predicts HOLD for TAUSDT. No action taken.
2025-10-28 14:19:24,183 - INFO - [upgradebot.py:431] - --- Checking TACUSDT (Price: $0.0051) ---
2025-10-28 14:19:26,831 - INFO - [upgradebot.py:455] - Balance $9.0367 meets minimum value $7.4628 for TACUSDT. Proceeding with analysis.
2025-10-28 14:19:26,832 - INFO - [upgradebot.py:262] - Fetching 90 days of 240-min data for TACUSDT...
2025-10-28 14:19:29,980 - INFO - [upgradebot.py:348] - TACUSDT model trained. Accuracy: 0.83
2025-10-28 14:19:29,999 - INFO - [upgradebot.py:473] - [PREDICTION] TACUSDT: BUY at $0.010620
2025-10-28 14:19:32,691 - INFO - [upgradebot.py:304] - No active position found for TACUSDT.
2025-10-28 14:19:32,693 - INFO - [upgradebot.py:501] - Calculated LONG Intent: Qty~765.822034, Entry~$0.010599, TP~$0.011129, SL~$0.010387
2025-10-28 14:19:32,694 - INFO - [upgradebot.py:503] - Placing LONG Bracket Order...
2025-10-28 14:19:32,694 - ERROR - [upgradebot.py:386] - Final qty 760.0 < minimum 1459.0. Cannot place entry.
2025-10-28 14:19:32,695 - ERROR - [upgradebot.py:509] - LONG Entry order failed for TACUSDT. TP/SL not placed.
2025-10-28 14:19:33,695 - INFO - [upgradebot.py:431] - --- Checking TAIUSDT (Price: $0.0440) ---
2025-10-28 14:19:36,229 - INFO - [upgradebot.py:455] - Balance $9.0367 meets minimum value $7.5240 for TAIUSDT. Proceeding with analysis.
2025-10-28 14:19:36,230 - INFO - [upgradebot.py:262] - Fetching 90 days of 240-min data for TAIUSDT...
2025-10-28 14:19:39,142 - INFO - [upgradebot.py:348] - TAIUSDT model trained. Accuracy: 0.76
2025-10-28 14:19:39,160 - INFO - [upgradebot.py:473] - [PREDICTION] TAIUSDT: HOLD at $0.06850
2025-10-28 14:19:42,085 - INFO - [upgradebot.py:304] - No active position found for TAIUSDT.
2025-10-28 14:19:42,088 - INFO - [upgradebot.py:546] - ML predicts HOLD for TAIUSDT. No action taken.
2025-10-28 14:19:43,089 - INFO - [upgradebot.py:431] - --- Checking TAIKOUSDT (Price: $0.2578) ---
2025-10-28 14:19:45,777 - INFO - [upgradebot.py:455] - Balance $9.0367 meets minimum value $7.5020 for TAIKOUSDT. Proceeding with analysis.
2025-10-28 14:19:45,778 - INFO - [upgradebot.py:262] - Fetching 90 days of 240-min data for TAIKOUSDT...
2025-10-28 14:19:48,720 - INFO - [upgradebot.py:348] - TAIKOUSDT model trained. Accuracy: 0.79
2025-10-28 14:19:48,731 - INFO - [upgradebot.py:473] - [PREDICTION] TAIKOUSDT: HOLD at $0.4028
2025-10-28 14:19:51,737 - INFO - [upgradebot.py:304] - No active position found for TAIKOUSDT.
2025-10-28 14:19:51,743 - INFO - [upgradebot.py:546] - ML predicts HOLD for TAIKOUSDT. No action taken.
2025-10-28 14:19:52,744 - INFO - [upgradebot.py:431] - --- Checking TAOUSDT (Price: $417.7500) ---
2025-10-28 14:19:56,462 - INFO - [upgradebot.py:455] - Balance $9.0367 meets minimum value $7.5195 for TAOUSDT. Proceeding with analysis.
2025-10-28 14:19:56,463 - INFO - [upgradebot.py:262] - Fetching 90 days of 240-min data for TAOUSDT...
2025-10-28 14:20:01,076 - INFO - [upgradebot.py:348] - TAOUSDT model trained. Accuracy: 0.68
2025-10-28 14:20:01,132 - INFO - [upgradebot.py:473] - [PREDICTION] TAOUSDT: BUY at $346.86
2025-10-28 14:20:05,505 - INFO - [upgradebot.py:304] - No active position found for TAOUSDT.
2025-10-28 14:20:05,511 - INFO - [upgradebot.py:501] - Calculated LONG Intent: Qty~0.023448, Entry~$346.17, TP~$363.47, SL~$339.24
2025-10-28 14:20:05,511 - INFO - [upgradebot.py:503] - Placing LONG Bracket Order...
2025-10-28 14:20:05,512 - INFO - [upgradebot.py:392] - [ACTION] Submitting LIMIT BUY for TAOUSDT (Qty: 0.023) @ Price: 346.17
2025-10-28 14:20:05,513 - INFO - [upgradebot.py:393] - [DRY-RUN] Would submit order: {"side": "BUY", "symbol": "TAOUSDT", "order_type": "LIMIT", "quantity": 0.023, "exchange": "EXCHANGE_2", "price": 346.17}
2025-10-28 14:20:05,514 - INFO - [upgradebot.py:392] - [ACTION] Submitting TAKE_PROFIT_MARKET SELL for TAOUSDT (Qty: 0) @ Trigger: 363.47
2025-10-28 14:20:05,515 - INFO - [upgradebot.py:393] - [DRY-RUN] Would submit order: {"side": "SELL", "symbol": "TAOUSDT", "order_type": "TAKE_PROFIT_MARKET", "quantity": 0, "exchange": "EXCHANGE_2", "trigger_price": 363.47, "reduce_only": true}
2025-10-28 14:20:05,516 - INFO - [upgradebot.py:392] - [ACTION] Submitting STOP_MARKET SELL for TAOUSDT (Qty: 0) @ Trigger: 339.24
2025-10-28 14:20:05,517 - INFO - [upgradebot.py:393] - [DRY-RUN] Would submit order: {"side": "SELL", "symbol": "TAOUSDT", "order_type": "STOP_MARKET", "quantity": 0, "exchange": "EXCHANGE_2", "trigger_price": 339.24, "reduce_only": true}
2025-10-28 14:20:06,518 - INFO - [upgradebot.py:431] - --- Checking THEUSDT (Price: $0.2567) ---
2025-10-28 14:20:11,001 - INFO - [upgradebot.py:455] - Balance $9.0367 meets minimum value $7.7010 for THEUSDT. Proceeding with analysis.
2025-10-28 14:20:11,003 - INFO - [upgradebot.py:262] - Fetching 90 days of 240-min data for THEUSDT...
2025-10-28 14:20:17,315 - INFO - [upgradebot.py:348] - THEUSDT model trained. Accuracy: 0.79
2025-10-28 14:20:17,350 - INFO - [upgradebot.py:473] - [PREDICTION] THEUSDT: BUY at $0.3234
2025-10-28 14:20:21,157 - INFO - [upgradebot.py:304] - No active position found for THEUSDT.
2025-10-28 14:20:21,160 - INFO - [upgradebot.py:501] - Calculated LONG Intent: Qty~25.148516, Entry~$0.3228, TP~$0.3389, SL~$0.3163
2025-10-28 14:20:21,160 - INFO - [upgradebot.py:503] - Placing LONG Bracket Order...
2025-10-28 14:20:21,161 - ERROR - [upgradebot.py:386] - Final qty 25.0 < minimum 30.0. Cannot place entry.
2025-10-28 14:20:21,161 - ERROR - [upgradebot.py:509] - LONG Entry order failed for THEUSDT. TP/SL not placed.
2025-10-28 14:20:22,162 - INFO - [upgradebot.py:431] - --- Checking THETAUSDT (Price: $0.5380) ---
2025-10-28 14:20:25,080 - INFO - [upgradebot.py:455] - Balance $9.0367 meets minimum value $7.5320 for THETAUSDT. Proceeding with analysis.
2025-10-28 14:20:25,081 - INFO - [upgradebot.py:262] - Fetching 90 days of 240-min data for THETAUSDT...
2025-10-28 14:20:29,758 - INFO - [upgradebot.py:348] - THETAUSDT model trained. Accuracy: 0.81
2025-10-28 14:20:29,780 - INFO - [upgradebot.py:473] - [PREDICTION] THETAUSDT: HOLD at $0.8283
2025-10-28 14:20:32,409 - INFO - [upgradebot.py:304] - No active position found for THETAUSDT.
2025-10-28 14:20:32,412 - INFO - [upgradebot.py:546] - ML predicts HOLD for THETAUSDT. No action taken.
2025-10-28 14:20:33,413 - INFO - [upgradebot.py:431] - --- Checking TIAUSDT (Price: $1.0500) ---
2025-10-28 14:20:35,918 - INFO - [upgradebot.py:455] - Balance $9.0367 meets minimum value $7.5600 for TIAUSDT. Proceeding with analysis.
2025-10-28 14:20:35,919 - INFO - [upgradebot.py:262] - Fetching 90 days of 240-min data for TIAUSDT...
2025-10-28 14:20:38,464 - INFO - [upgradebot.py:348] - TIAUSDT model trained. Accuracy: 0.81
2025-10-28 14:20:38,487 - INFO - [upgradebot.py:473] - [PREDICTION] TIAUSDT: HOLD at $1.7360
2025-10-28 14:20:40,793 - INFO - [upgradebot.py:304] - No active position found for TIAUSDT.
2025-10-28 14:20:40,795 - INFO - [upgradebot.py:546] - ML predicts HOLD for TIAUSDT. No action taken.
2025-10-28 14:20:41,796 - INFO - [upgradebot.py:431] - --- Checking TLMUSDT (Price: $0.0034) ---
2025-10-28 14:20:43,649 - INFO - [upgradebot.py:455] - Balance $9.0367 meets minimum value $7.4872 for TLMUSDT. Proceeding with analysis.
2025-10-28 14:20:43,649 - INFO - [upgradebot.py:262] - Fetching 90 days of 240-min data for TLMUSDT...
2025-10-28 14:20:45,978 - INFO - [upgradebot.py:348] - TLMUSDT model trained. Accuracy: 0.71
2025-10-28 14:20:45,992 - INFO - [upgradebot.py:473] - [PREDICTION] TLMUSDT: HOLD at $0.004641
2025-10-28 14:20:47,903 - INFO - [upgradebot.py:304] - No active position found for TLMUSDT.
2025-10-28 14:20:47,906 - INFO - [upgradebot.py:546] - ML predicts HOLD for TLMUSDT. No action taken.
2025-10-28 14:20:48,906 - INFO - [upgradebot.py:431] - --- Checking TNSRUSDT (Price: $0.0628) ---
2025-10-28 14:20:51,103 - INFO - [upgradebot.py:455] - Balance $9.0367 meets minimum value $7.4881 for TNSRUSDT. Proceeding with analysis.
2025-10-28 14:20:51,104 - INFO - [upgradebot.py:262] - Fetching 90 days of 240-min data for TNSRUSDT...
2025-10-28 14:20:53,365 - INFO - [upgradebot.py:348] - TNSRUSDT model trained. Accuracy: 0.79
2025-10-28 14:20:53,374 - INFO - [upgradebot.py:473] - [PREDICTION] TNSRUSDT: SELL at $0.11700
2025-10-28 14:20:55,520 - INFO - [upgradebot.py:304] - No active position found for TNSRUSDT.
2025-10-28 14:20:55,523 - INFO - [upgradebot.py:523] - SELL signal for TNSRUSDT. Considering SHORT entry.
2025-10-28 14:20:55,523 - INFO - [upgradebot.py:535] - Calculated SHORT Intent: Qty~69.513077, Entry~$0.11723, TP~$0.11137, SL~$0.11958
2025-10-28 14:20:55,524 - INFO - [upgradebot.py:537] - Placing SHORT Bracket Order...
2025-10-28 14:20:55,524 - ERROR - [upgradebot.py:386] - Final qty 69.5 < minimum 119.2. Cannot place entry.
2025-10-28 14:20:55,525 - ERROR - [upgradebot.py:543] - SHORT Entry order failed for TNSRUSDT. TP/SL not placed.
2025-10-28 14:20:56,525 - INFO - [upgradebot.py:431] - --- Checking TONUSDT (Price: $2.2424) ---
2025-10-28 14:20:58,281 - INFO - [upgradebot.py:455] - Balance $9.0367 meets minimum value $7.6242 for TONUSDT. Proceeding with analysis.
2025-10-28 14:20:58,281 - INFO - [upgradebot.py:262] - Fetching 90 days of 240-min data for TONUSDT...
2025-10-28 14:21:00,607 - INFO - [upgradebot.py:348] - TONUSDT model trained. Accuracy: 0.88
2025-10-28 14:21:00,616 - INFO - [upgradebot.py:473] - [PREDICTION] TONUSDT: HOLD at $3.1797
2025-10-28 14:21:03,201 - INFO - [upgradebot.py:304] - No active position found for TONUSDT.
2025-10-28 14:21:03,203 - INFO - [upgradebot.py:546] - ML predicts HOLD for TONUSDT. No action taken.
2025-10-28 14:21:04,204 - INFO - [upgradebot.py:431] - --- Checking TOWNSUSDT (Price: $0.0113) ---
2025-10-28 14:21:05,953 - INFO - [upgradebot.py:455] - Balance $9.0367 meets minimum value $7.4946 for TOWNSUSDT. Proceeding with analysis.
2025-10-28 14:21:05,953 - INFO - [upgradebot.py:262] - Fetching 90 days of 240-min data for TOWNSUSDT...
2025-10-28 14:21:08,732 - INFO - [upgradebot.py:348] - TOWNSUSDT model trained. Accuracy: 0.71
2025-10-28 14:21:08,742 - INFO - [upgradebot.py:473] - [PREDICTION] TOWNSUSDT: HOLD at $0.02731
2025-10-28 14:21:10,434 - INFO - [upgradebot.py:304] - No active position found for TOWNSUSDT.
2025-10-28 14:21:10,436 - INFO - [upgradebot.py:546] - ML predicts HOLD for TOWNSUSDT. No action taken.
2025-10-28 14:21:11,437 - INFO - [upgradebot.py:431] - --- Checking TRBUSDT (Price: $26.9900) ---
2025-10-28 14:21:13,234 - INFO - [upgradebot.py:455] - Balance $9.0367 meets minimum value $7.5572 for TRBUSDT. Proceeding with analysis.
2025-10-28 14:21:13,234 - INFO - [upgradebot.py:262] - Fetching 90 days of 240-min data for TRBUSDT...
2025-10-28 14:21:15,430 - INFO - [upgradebot.py:348] - TRBUSDT model trained. Accuracy: 0.74
2025-10-28 14:21:15,447 - INFO - [upgradebot.py:473] - [PREDICTION] TRBUSDT: SELL at $35.700
2025-10-28 14:21:17,241 - INFO - [upgradebot.py:304] - No active position found for TRBUSDT.
2025-10-28 14:21:17,243 - INFO - [upgradebot.py:523] - SELL signal for TRBUSDT. Considering SHORT entry.
2025-10-28 14:21:17,244 - INFO - [upgradebot.py:535] - Calculated SHORT Intent: Qty~0.227816, Entry~$35.771, TP~$33.983, SL~$36.487
2025-10-28 14:21:17,244 - INFO - [upgradebot.py:537] - Placing SHORT Bracket Order...
2025-10-28 14:21:17,245 - ERROR - [upgradebot.py:386] - Final qty 0.22 < minimum 0.28. Cannot place entry.
2025-10-28 14:21:17,245 - ERROR - [upgradebot.py:543] - SHORT Entry order failed for TRBUSDT. TP/SL not placed.
2025-10-28 14:21:18,246 - INFO - [upgradebot.py:431] - --- Checking TREEUSDT (Price: $0.1813) ---
2025-10-28 14:21:19,970 - INFO - [upgradebot.py:455] - Balance $9.0367 meets minimum value $7.5223 for TREEUSDT. Proceeding with analysis.
2025-10-28 14:21:19,970 - INFO - [upgradebot.py:262] - Fetching 90 days of 240-min data for TREEUSDT...
2025-10-28 14:21:22,045 - INFO - [upgradebot.py:348] - TREEUSDT model trained. Accuracy: 0.71
2025-10-28 14:21:22,057 - INFO - [upgradebot.py:473] - [PREDICTION] TREEUSDT: SELL at $0.31147
2025-10-28 14:21:23,931 - INFO - [upgradebot.py:304] - No active position found for TREEUSDT.
2025-10-28 14:21:23,935 - INFO - [upgradebot.py:523] - SELL signal for TREEUSDT. Considering SHORT entry.
2025-10-28 14:21:23,935 - INFO - [upgradebot.py:535] - Calculated SHORT Intent: Qty~26.111760, Entry~$0.31209, TP~$0.29649, SL~$0.31833
2025-10-28 14:21:23,936 - INFO - [upgradebot.py:537] - Placing SHORT Bracket Order...
2025-10-28 14:21:23,938 - ERROR - [upgradebot.py:386] - Final qty 26.1 < minimum 41.5. Cannot place entry.
2025-10-28 14:21:23,939 - ERROR - [upgradebot.py:543] - SHORT Entry order failed for TREEUSDT. TP/SL not placed.
2025-10-28 14:21:24,942 - INFO - [upgradebot.py:431] - --- Checking TRUUSDT (Price: $0.0184) ---
2025-10-28 14:21:27,228 - INFO - [upgradebot.py:455] - Balance $9.0367 meets minimum value $7.5909 for TRUUSDT. Proceeding with analysis.
2025-10-28 14:21:27,229 - INFO - [upgradebot.py:262] - Fetching 90 days of 240-min data for TRUUSDT...
2025-10-28 14:21:29,253 - INFO - [upgradebot.py:348] - TRUUSDT model trained. Accuracy: 0.88
2025-10-28 14:21:29,262 - INFO - [upgradebot.py:473] - [PREDICTION] TRUUSDT: HOLD at $0.03061
2025-10-28 14:21:31,087 - INFO - [upgradebot.py:304] - No active position found for TRUUSDT.
2025-10-28 14:21:31,088 - INFO - [upgradebot.py:546] - ML predicts HOLD for TRUUSDT. No action taken.
2025-10-28 14:21:32,089 - INFO - [upgradebot.py:431] - --- Checking TRUMPUSDT (Price: $6.8170) ---
2025-10-28 14:21:34,133 - INFO - [upgradebot.py:455] - Balance $9.0367 meets minimum value $8.1804 for TRUMPUSDT. Proceeding with analysis.
2025-10-28 14:21:34,133 - INFO - [upgradebot.py:262] - Fetching 90 days of 240-min data for TRUMPUSDT...
2025-10-28 14:21:36,465 - INFO - [upgradebot.py:348] - TRUMPUSDT model trained. Accuracy: 0.76
2025-10-28 14:21:36,480 - INFO - [upgradebot.py:473] - [PREDICTION] TRUMPUSDT: HOLD at $8.542
2025-10-28 14:21:38,528 - INFO - [upgradebot.py:304] - No active position found for TRUMPUSDT.
2025-10-28 14:21:38,530 - INFO - [upgradebot.py:546] - ML predicts HOLD for TRUMPUSDT. No action taken.
2025-10-28 14:21:39,531 - INFO - [upgradebot.py:431] - --- Checking TRUTHUSDT (Price: $0.0141) ---
2025-10-28 14:21:41,466 - INFO - [upgradebot.py:455] - Balance $9.0367 meets minimum value $7.5590 for TRUTHUSDT. Proceeding with analysis.
2025-10-28 14:21:41,467 - INFO - [upgradebot.py:262] - Fetching 90 days of 240-min data for TRUTHUSDT...
2025-10-28 14:21:43,714 - INFO - [upgradebot.py:348] - TRUTHUSDT model trained. Accuracy: 0.71
2025-10-28 14:21:43,722 - INFO - [upgradebot.py:473] - [PREDICTION] TRUTHUSDT: SELL at $0.014050
2025-10-28 14:21:45,734 - INFO - [upgradebot.py:304] - No active position found for TRUTHUSDT.
2025-10-28 14:21:45,736 - INFO - [upgradebot.py:523] - SELL signal for TRUTHUSDT. Considering SHORT entry.
2025-10-28 14:21:45,736 - INFO - [upgradebot.py:535] - Calculated SHORT Intent: Qty~578.863345, Entry~$0.014078, TP~$0.013374, SL~$0.014360
2025-10-28 14:21:45,737 - INFO - [upgradebot.py:537] - Placing SHORT Bracket Order...
2025-10-28 14:21:45,737 - INFO - [upgradebot.py:392] - [ACTION] Submitting LIMIT SELL for TRUTHUSDT (Qty: 570.0) @ Price: 0.014078
2025-10-28 14:21:45,737 - INFO - [upgradebot.py:393] - [DRY-RUN] Would submit order: {"side": "SELL", "symbol": "TRUTHUSDT", "order_type": "LIMIT", "quantity": 570.0, "exchange": "EXCHANGE_2", "price": 0.014078}
2025-10-28 14:21:45,738 - INFO - [upgradebot.py:392] - [ACTION] Submitting TAKE_PROFIT_MARKET BUY for TRUTHUSDT (Qty: 0) @ Trigger: 0.013374
2025-10-28 14:21:45,738 - INFO - [upgradebot.py:393] - [DRY-RUN] Would submit order: {"side": "BUY", "symbol": "TRUTHUSDT", "order_type": "TAKE_PROFIT_MARKET", "quantity": 0, "exchange": "EXCHANGE_2", "trigger_price": 0.013374, "reduce_only": true}
2025-10-28 14:21:45,739 - INFO - [upgradebot.py:392] - [ACTION] Submitting STOP_MARKET BUY for TRUTHUSDT (Qty: 0) @ Trigger: 0.01436
2025-10-28 14:21:45,739 - INFO - [upgradebot.py:393] - [DRY-RUN] Would submit order: {"side": "BUY", "symbol": "TRUTHUSDT", "order_type": "STOP_MARKET", "quantity": 0, "exchange": "EXCHANGE_2", "trigger_price": 0.01436, "reduce_only": true}
2025-10-28 14:21:46,740 - INFO - [upgradebot.py:431] - --- Checking TRXUSDT (Price: $0.2977) ---
2025-10-28 14:21:48,936 - INFO - [upgradebot.py:455] - Balance $9.0367 meets minimum value $7.7392 for TRXUSDT. Proceeding with analysis.
2025-10-28 14:21:48,937 - INFO - [upgradebot.py:262] - Fetching 90 days of 240-min data for TRXUSDT...
2025-10-28 14:21:51,595 - INFO - [upgradebot.py:348] - TRXUSDT model trained. Accuracy: 0.93
2025-10-28 14:21:51,609 - INFO - [upgradebot.py:473] - [PREDICTION] TRXUSDT: HOLD at $0.34344
2025-10-28 14:21:53,807 - INFO - [upgradebot.py:304] - No active position found for TRXUSDT.
2025-10-28 14:21:53,809 - INFO - [upgradebot.py:546] - ML predicts HOLD for TRXUSDT. No action taken.
2025-10-28 14:21:54,810 - INFO - [upgradebot.py:431] - --- Checking TSTBSCUSDT (Price: $0.0192) ---
2025-10-28 14:21:56,895 - INFO - [upgradebot.py:455] - Balance $9.0367 meets minimum value $7.5075 for TSTBSCUSDT. Proceeding with analysis.
2025-10-28 14:21:56,895 - INFO - [upgradebot.py:262] - Fetching 90 days of 240-min data for TSTBSCUSDT...
2025-10-28 14:21:59,315 - INFO - [upgradebot.py:348] - TSTBSCUSDT model trained. Accuracy: 0.74
2025-10-28 14:21:59,325 - INFO - [upgradebot.py:473] - [PREDICTION] TSTBSCUSDT: BUY at $0.02708
2025-10-28 14:22:01,647 - INFO - [upgradebot.py:304] - No active position found for TSTBSCUSDT.
2025-10-28 14:22:01,650 - INFO - [upgradebot.py:501] - Calculated LONG Intent: Qty~300.333456, Entry~$0.02703, TP~$0.02838, SL~$0.02649
2025-10-28 14:22:01,651 - INFO - [upgradebot.py:503] - Placing LONG Bracket Order...
2025-10-28 14:22:01,651 - ERROR - [upgradebot.py:386] - Final qty 300.0 < minimum 390.0. Cannot place entry.
2025-10-28 14:22:01,652 - ERROR - [upgradebot.py:509] - LONG Entry order failed for TSTBSCUSDT. TP/SL not placed.
2025-10-28 14:22:02,652 - INFO - [upgradebot.py:431] - --- Checking TURTLEUSDT (Price: $0.1560) ---
2025-10-28 14:22:05,221 - INFO - [upgradebot.py:455] - Balance $9.0367 meets minimum value $7.4880 for TURTLEUSDT. Proceeding with analysis.
2025-10-28 14:22:05,222 - INFO - [upgradebot.py:262] - Fetching 90 days of 240-min data for TURTLEUSDT...
2025-10-28 14:22:07,660 - WARNING - [upgradebot.py:335] - Not enough hist data for TURTLEUSDT (35<100). Skip train.
2025-10-28 14:22:07,661 - INFO - [upgradebot.py:473] - [PREDICTION] TURTLEUSDT: HOLD at $0.2117
2025-10-28 14:22:10,123 - INFO - [upgradebot.py:304] - No active position found for TURTLEUSDT.
2025-10-28 14:22:10,126 - INFO - [upgradebot.py:546] - ML predicts HOLD for TURTLEUSDT. No action taken.
2025-10-28 14:22:11,127 - INFO - [upgradebot.py:431] - --- Checking TUTUSDT (Price: $0.0224) ---
2025-10-28 14:22:13,669 - INFO - [upgradebot.py:455] - Balance $9.0367 meets minimum value $7.5073 for TUTUSDT. Proceeding with analysis.
2025-10-28 14:22:13,670 - INFO - [upgradebot.py:262] - Fetching 90 days of 240-min data for TUTUSDT...
2025-10-28 14:22:16,771 - INFO - [upgradebot.py:348] - TUTUSDT model trained. Accuracy: 0.55
2025-10-28 14:22:16,790 - INFO - [upgradebot.py:473] - [PREDICTION] TUTUSDT: HOLD at $0.06831
2025-10-28 14:22:19,643 - INFO - [upgradebot.py:304] - No active position found for TUTUSDT.
2025-10-28 14:22:19,646 - INFO - [upgradebot.py:546] - ML predicts HOLD for TUTUSDT. No action taken.
2025-10-28 14:22:20,647 - INFO - [upgradebot.py:431] - --- Checking TWTUSDT (Price: $1.2501) ---
2025-10-28 14:22:25,073 - INFO - [upgradebot.py:455] - Balance $9.0367 meets minimum value $7.6256 for TWTUSDT. Proceeding with analysis.
2025-10-28 14:22:25,074 - INFO - [upgradebot.py:262] - Fetching 90 days of 240-min data for TWTUSDT...
2025-10-28 14:22:28,886 - INFO - [upgradebot.py:348] - TWTUSDT model trained. Accuracy: 0.71
2025-10-28 14:22:28,903 - INFO - [upgradebot.py:473] - [PREDICTION] TWTUSDT: HOLD at $0.7784
2025-10-28 14:22:32,130 - INFO - [upgradebot.py:304] - No active position found for TWTUSDT.
2025-10-28 14:22:32,134 - INFO - [upgradebot.py:546] - ML predicts HOLD for TWTUSDT. No action taken.
2025-10-28 14:22:33,135 - INFO - [upgradebot.py:431] - --- Checking UBUSDT (Price: $0.0805) ---
2025-10-28 14:22:36,908 - INFO - [upgradebot.py:455] - Balance $9.0367 meets minimum value $7.4861 for UBUSDT. Proceeding with analysis.
2025-10-28 14:22:36,909 - INFO - [upgradebot.py:262] - Fetching 90 days of 240-min data for UBUSDT...
2025-10-28 14:22:40,872 - INFO - [upgradebot.py:348] - UBUSDT model trained. Accuracy: 0.64
2025-10-28 14:22:40,896 - INFO - [upgradebot.py:473] - [PREDICTION] UBUSDT: SELL at $0.041368
2025-10-28 14:22:44,209 - INFO - [upgradebot.py:304] - No active position found for UBUSDT.
2025-10-28 14:22:44,214 - INFO - [upgradebot.py:523] - SELL signal for UBUSDT. Considering SHORT entry.
2025-10-28 14:22:44,215 - INFO - [upgradebot.py:535] - Calculated SHORT Intent: Qty~196.601963, Entry~$0.041451, TP~$0.039378, SL~$0.042280
2025-10-28 14:22:44,215 - INFO - [upgradebot.py:537] - Placing SHORT Bracket Order...
2025-10-28 14:22:44,216 - INFO - [upgradebot.py:392] - [ACTION] Submitting LIMIT SELL for UBUSDT (Qty: 190.0) @ Price: 0.041451
2025-10-28 14:22:44,216 - INFO - [upgradebot.py:393] - [DRY-RUN] Would submit order: {"side": "SELL", "symbol": "UBUSDT", "order_type": "LIMIT", "quantity": 190.0, "exchange": "EXCHANGE_2", "price": 0.041451}
2025-10-28 14:22:44,217 - INFO - [upgradebot.py:392] - [ACTION] Submitting TAKE_PROFIT_MARKET BUY for UBUSDT (Qty: 0) @ Trigger: 0.039378
2025-10-28 14:22:44,217 - INFO - [upgradebot.py:393] - [DRY-RUN] Would submit order: {"side": "BUY", "symbol": "UBUSDT", "order_type": "TAKE_PROFIT_MARKET", "quantity": 0, "exchange": "EXCHANGE_2", "trigger_price": 0.039378, "reduce_only": true}
2025-10-28 14:22:44,218 - INFO - [upgradebot.py:392] - [ACTION] Submitting STOP_MARKET BUY for UBUSDT (Qty: 0) @ Trigger: 0.04228
2025-10-28 14:22:44,219 - INFO - [upgradebot.py:393] - [DRY-RUN] Would submit order: {"side": "BUY", "symbol": "UBUSDT", "order_type": "STOP_MARKET", "quantity": 0, "exchange": "EXCHANGE_2", "trigger_price": 0.04228, "reduce_only": true}
2025-10-28 14:22:45,220 - INFO - [upgradebot.py:431] - --- Checking UMAUSDT (Price: $1.1420) ---
2025-10-28 14:22:48,052 - INFO - [upgradebot.py:455] - Balance $9.0367 meets minimum value $7.5372 for UMAUSDT. Proceeding with analysis.
2025-10-28 14:22:48,053 - INFO - [upgradebot.py:262] - Fetching 90 days of 240-min data for UMAUSDT...
2025-10-28 14:22:50,974 - INFO - [upgradebot.py:348] - UMAUSDT model trained. Accuracy: 0.74
2025-10-28 14:22:50,990 - INFO - [upgradebot.py:473] - [PREDICTION] UMAUSDT: HOLD at $1.346
2025-10-28 14:22:53,411 - INFO - [upgradebot.py:304] - No active position found for UMAUSDT.
2025-10-28 14:22:53,413 - INFO - [upgradebot.py:546] - ML predicts HOLD for UMAUSDT. No action taken.
2025-10-28 14:22:54,414 - INFO - [upgradebot.py:431] - --- Checking UNIUSDT (Price: $6.5480) ---
2025-10-28 14:22:56,517 - INFO - [upgradebot.py:455] - Balance $9.0367 meets minimum value $7.8576 for UNIUSDT. Proceeding with analysis.
2025-10-28 14:22:56,519 - INFO - [upgradebot.py:262] - Fetching 90 days of 240-min data for UNIUSDT...
2025-10-28 14:22:59,383 - INFO - [upgradebot.py:348] - UNIUSDT model trained. Accuracy: 0.79
2025-10-28 14:22:59,401 - INFO - [upgradebot.py:473] - [PREDICTION] UNIUSDT: HOLD at $9.262
2025-10-28 14:23:02,139 - INFO - [upgradebot.py:304] - No active position found for UNIUSDT.
2025-10-28 14:23:02,141 - INFO - [upgradebot.py:546] - ML predicts HOLD for UNIUSDT. No action taken.
2025-10-28 14:23:03,142 - INFO - [upgradebot.py:431] - --- Checking USD1USDT (Price: $1.0002) ---
2025-10-28 14:23:05,322 - INFO - [upgradebot.py:455] - Balance $9.0367 meets minimum value $8.0016 for USD1USDT. Proceeding with analysis.
2025-10-28 14:23:05,323 - INFO - [upgradebot.py:262] - Fetching 90 days of 240-min data for USD1USDT...
2025-10-28 14:23:07,666 - INFO - [upgradebot.py:348] - USD1USDT model trained. Accuracy: 1.00
2025-10-28 14:23:07,676 - INFO - [upgradebot.py:473] - [PREDICTION] USD1USDT: HOLD at $0.9988
2025-10-28 14:23:10,060 - INFO - [upgradebot.py:304] - No active position found for USD1USDT.
2025-10-28 14:23:10,062 - INFO - [upgradebot.py:546] - ML predicts HOLD for USD1USDT. No action taken.
2025-10-28 14:23:11,062 - INFO - [upgradebot.py:431] - --- Checking USELESSUSDT (Price: $0.2950) ---
2025-10-28 14:23:13,175 - INFO - [upgradebot.py:455] - Balance $9.0367 meets minimum value $7.6700 for USELESSUSDT. Proceeding with analysis.
2025-10-28 14:23:13,175 - INFO - [upgradebot.py:262] - Fetching 90 days of 240-min data for USELESSUSDT...
2025-10-28 14:23:15,664 - INFO - [upgradebot.py:348] - USELESSUSDT model trained. Accuracy: 0.81
2025-10-28 14:23:15,680 - INFO - [upgradebot.py:473] - [PREDICTION] USELESSUSDT: SELL at $0.2335
2025-10-28 14:23:17,598 - INFO - [upgradebot.py:304] - No active position found for USELESSUSDT.
2025-10-28 14:23:17,600 - INFO - [upgradebot.py:523] - SELL signal for USELESSUSDT. Considering SHORT entry.
2025-10-28 14:23:17,601 - INFO - [upgradebot.py:535] - Calculated SHORT Intent: Qty~34.830964, Entry~$0.2340, TP~$0.2223, SL~$0.2386
2025-10-28 14:23:17,601 - INFO - [upgradebot.py:537] - Placing SHORT Bracket Order...
2025-10-28 14:23:17,601 - INFO - [upgradebot.py:392] - [ACTION] Submitting LIMIT SELL for USELESSUSDT (Qty: 34.0) @ Price: 0.234
2025-10-28 14:23:17,601 - INFO - [upgradebot.py:393] - [DRY-RUN] Would submit order: {"side": "SELL", "symbol": "USELESSUSDT", "order_type": "LIMIT", "quantity": 34.0, "exchange": "EXCHANGE_2", "price": 0.234}
2025-10-28 14:23:17,602 - INFO - [upgradebot.py:392] - [ACTION] Submitting TAKE_PROFIT_MARKET BUY for USELESSUSDT (Qty: 0) @ Trigger: 0.2223
2025-10-28 14:23:17,602 - INFO - [upgradebot.py:393] - [DRY-RUN] Would submit order: {"side": "BUY", "symbol": "USELESSUSDT", "order_type": "TAKE_PROFIT_MARKET", "quantity": 0, "exchange": "EXCHANGE_2", "trigger_price": 0.2223, "reduce_only": true}
2025-10-28 14:23:17,602 - INFO - [upgradebot.py:392] - [ACTION] Submitting STOP_MARKET BUY for USELESSUSDT (Qty: 0) @ Trigger: 0.2386
2025-10-28 14:23:17,603 - INFO - [upgradebot.py:393] - [DRY-RUN] Would submit order: {"side": "BUY", "symbol": "USELESSUSDT", "order_type": "STOP_MARKET", "quantity": 0, "exchange": "EXCHANGE_2", "trigger_price": 0.2386, "reduce_only": true}
2025-10-28 14:23:18,603 - INFO - [upgradebot.py:431] - --- Checking USTCUSDT (Price: $0.0080) ---
2025-10-28 14:23:20,778 - INFO - [upgradebot.py:455] - Balance $9.0367 meets minimum value $7.5010 for USTCUSDT. Proceeding with analysis.
2025-10-28 14:23:20,779 - INFO - [upgradebot.py:262] - Fetching 90 days of 240-min data for USTCUSDT...
2025-10-28 14:23:23,131 - INFO - [upgradebot.py:348] - USTCUSDT model trained. Accuracy: 0.74
2025-10-28 14:23:23,142 - INFO - [upgradebot.py:473] - [PREDICTION] USTCUSDT: HOLD at $0.013030
2025-10-28 14:23:25,666 - INFO - [upgradebot.py:304] - No active position found for USTCUSDT.
2025-10-28 14:23:25,668 - INFO - [upgradebot.py:546] - ML predicts HOLD for USTCUSDT. No action taken.
2025-10-28 14:23:26,669 - INFO - [upgradebot.py:431] - --- Checking USUALUSDT (Price: $0.0321) ---
2025-10-28 14:23:28,871 - INFO - [upgradebot.py:455] - Balance $9.0367 meets minimum value $7.5044 for USUALUSDT. Proceeding with analysis.
2025-10-28 14:23:28,871 - INFO - [upgradebot.py:262] - Fetching 90 days of 240-min data for USUALUSDT...
2025-10-28 14:23:31,512 - INFO - [upgradebot.py:348] - USUALUSDT model trained. Accuracy: 0.76
2025-10-28 14:23:31,523 - INFO - [upgradebot.py:473] - [PREDICTION] USUALUSDT: SELL at $0.06408
2025-10-28 14:23:33,730 - INFO - [upgradebot.py:304] - No active position found for USUALUSDT.
2025-10-28 14:23:33,732 - INFO - [upgradebot.py:523] - SELL signal for USUALUSDT. Considering SHORT entry.
2025-10-28 14:23:33,732 - INFO - [upgradebot.py:535] - Calculated SHORT Intent: Qty~126.919944, Entry~$0.06421, TP~$0.06100, SL~$0.06549
2025-10-28 14:23:33,733 - INFO - [upgradebot.py:537] - Placing SHORT Bracket Order...
2025-10-28 14:23:33,733 - ERROR - [upgradebot.py:386] - Final qty 126.0 < minimum 234.0. Cannot place entry.
2025-10-28 14:23:33,733 - ERROR - [upgradebot.py:543] - SHORT Entry order failed for USUALUSDT. TP/SL not placed.
2025-10-28 14:23:34,734 - INFO - [upgradebot.py:431] - --- Checking VANAUSDT (Price: $2.7430) ---
2025-10-28 14:23:36,778 - INFO - [upgradebot.py:455] - Balance $9.0367 meets minimum value $7.5158 for VANAUSDT. Proceeding with analysis.
2025-10-28 14:23:36,779 - INFO - [upgradebot.py:262] - Fetching 90 days of 240-min data for VANAUSDT...
2025-10-28 14:23:38,807 - INFO - [upgradebot.py:348] - VANAUSDT model trained. Accuracy: 0.79
2025-10-28 14:23:38,815 - INFO - [upgradebot.py:473] - [PREDICTION] VANAUSDT: HOLD at $4.248
2025-10-28 14:23:40,693 - INFO - [upgradebot.py:304] - No active position found for VANAUSDT.
2025-10-28 14:23:40,696 - INFO - [upgradebot.py:546] - ML predicts HOLD for VANAUSDT. No action taken.
2025-10-28 14:23:41,696 - INFO - [upgradebot.py:431] - --- Checking VANRYUSDT (Price: $0.0159) ---
2025-10-28 14:23:43,877 - INFO - [upgradebot.py:455] - Balance $9.0367 meets minimum value $7.4954 for VANRYUSDT. Proceeding with analysis.
2025-10-28 14:23:43,877 - INFO - [upgradebot.py:262] - Fetching 90 days of 240-min data for VANRYUSDT...
2025-10-28 14:23:46,143 - INFO - [upgradebot.py:348] - VANRYUSDT model trained. Accuracy: 0.83
2025-10-28 14:23:46,155 - INFO - [upgradebot.py:473] - [PREDICTION] VANRYUSDT: SELL at $0.02847
2025-10-28 14:23:48,132 - INFO - [upgradebot.py:304] - No active position found for VANRYUSDT.
2025-10-28 14:23:48,134 - INFO - [upgradebot.py:523] - SELL signal for VANRYUSDT. Considering SHORT entry.
2025-10-28 14:23:48,134 - INFO - [upgradebot.py:535] - Calculated SHORT Intent: Qty~285.670179, Entry~$0.02853, TP~$0.02710, SL~$0.02910
2025-10-28 14:23:48,135 - INFO - [upgradebot.py:537] - Placing SHORT Bracket Order...
2025-10-28 14:23:48,135 - ERROR - [upgradebot.py:386] - Final qty 285.0 < minimum 472.0. Cannot place entry.
2025-10-28 14:23:48,135 - ERROR - [upgradebot.py:543] - SHORT Entry order failed for VANRYUSDT. TP/SL not placed.
2025-10-28 14:23:49,136 - INFO - [upgradebot.py:431] - --- Checking VELOUSDT (Price: $0.0090) ---
2025-10-28 14:23:51,279 - INFO - [upgradebot.py:455] - Balance $9.0367 meets minimum value $7.4662 for VELOUSDT. Proceeding with analysis.
2025-10-28 14:23:51,280 - INFO - [upgradebot.py:262] - Fetching 90 days of 240-min data for VELOUSDT...
2025-10-28 14:23:53,656 - INFO - [upgradebot.py:348] - VELOUSDT model trained. Accuracy: 0.64
2025-10-28 14:23:53,668 - INFO - [upgradebot.py:473] - [PREDICTION] VELOUSDT: HOLD at $0.014948
2025-10-28 14:23:55,938 - INFO - [upgradebot.py:304] - No active position found for VELOUSDT.
2025-10-28 14:23:55,940 - INFO - [upgradebot.py:546] - ML predicts HOLD for VELOUSDT. No action taken.
2025-10-28 14:23:56,941 - INFO - [upgradebot.py:431] - --- Checking VELODROMEUSDT (Price: $0.0339) ---
2025-10-28 14:23:59,137 - INFO - [upgradebot.py:455] - Balance $9.0367 meets minimum value $7.5214 for VELODROMEUSDT. Proceeding with analysis.
2025-10-28 14:23:59,138 - INFO - [upgradebot.py:262] - Fetching 90 days of 240-min data for VELODROMEUSDT...
2025-10-28 14:24:02,324 - INFO - [upgradebot.py:348] - VELODROMEUSDT model trained. Accuracy: 0.80
2025-10-28 14:24:02,340 - INFO - [upgradebot.py:473] - [PREDICTION] VELODROMEUSDT: HOLD at $0.05267
2025-10-28 14:24:04,961 - INFO - [upgradebot.py:304] - No active position found for VELODROMEUSDT.
2025-10-28 14:24:04,964 - INFO - [upgradebot.py:546] - ML predicts HOLD for VELODROMEUSDT. No action taken.
2025-10-28 14:24:05,965 - INFO - [upgradebot.py:431] - --- Checking VELVETUSDT (Price: $0.2057) ---
2025-10-28 14:24:09,313 - INFO - [upgradebot.py:455] - Balance $9.0367 meets minimum value $7.6105 for VELVETUSDT. Proceeding with analysis.
2025-10-28 14:24:09,313 - INFO - [upgradebot.py:262] - Fetching 90 days of 240-min data for VELVETUSDT...
2025-10-28 14:24:12,506 - INFO - [upgradebot.py:348] - VELVETUSDT model trained. Accuracy: 0.76
2025-10-28 14:24:12,526 - INFO - [upgradebot.py:473] - [PREDICTION] VELVETUSDT: BUY at $0.14987
2025-10-28 14:24:14,889 - INFO - [upgradebot.py:304] - No active position found for VELVETUSDT.
2025-10-28 14:24:14,892 - INFO - [upgradebot.py:501] - Calculated LONG Intent: Qty~54.267232, Entry~$0.14957, TP~$0.15705, SL~$0.14658
2025-10-28 14:24:14,892 - INFO - [upgradebot.py:503] - Placing LONG Bracket Order...
2025-10-28 14:24:14,893 - INFO - [upgradebot.py:392] - [ACTION] Submitting LIMIT BUY for VELVETUSDT (Qty: 50.0) @ Price: 0.14957
2025-10-28 14:24:14,893 - INFO - [upgradebot.py:393] - [DRY-RUN] Would submit order: {"side": "BUY", "symbol": "VELVETUSDT", "order_type": "LIMIT", "quantity": 50.0, "exchange": "EXCHANGE_2", "price": 0.14957}
2025-10-28 14:24:14,894 - INFO - [upgradebot.py:392] - [ACTION] Submitting TAKE_PROFIT_MARKET SELL for VELVETUSDT (Qty: 0) @ Trigger: 0.15705
2025-10-28 14:24:14,895 - INFO - [upgradebot.py:393] - [DRY-RUN] Would submit order: {"side": "SELL", "symbol": "VELVETUSDT", "order_type": "TAKE_PROFIT_MARKET", "quantity": 0, "exchange": "EXCHANGE_2", "trigger_price": 0.15705, "reduce_only": true}
2025-10-28 14:24:14,895 - INFO - [upgradebot.py:392] - [ACTION] Submitting STOP_MARKET SELL for VELVETUSDT (Qty: 0) @ Trigger: 0.14658
2025-10-28 14:24:14,896 - INFO - [upgradebot.py:393] - [DRY-RUN] Would submit order: {"side": "SELL", "symbol": "VELVETUSDT", "order_type": "STOP_MARKET", "quantity": 0, "exchange": "EXCHANGE_2", "trigger_price": 0.14658, "reduce_only": true}
2025-10-28 14:24:15,897 - INFO - [upgradebot.py:431] - --- Checking VETUSDT (Price: $0.0173) ---
2025-10-28 14:24:18,510 - INFO - [upgradebot.py:455] - Balance $9.0367 meets minimum value $7.4996 for VETUSDT. Proceeding with analysis.
2025-10-28 14:24:18,510 - INFO - [upgradebot.py:262] - Fetching 90 days of 240-min data for VETUSDT...
2025-10-28 14:24:21,644 - INFO - [upgradebot.py:348] - VETUSDT model trained. Accuracy: 0.79
2025-10-28 14:24:21,676 - INFO - [upgradebot.py:473] - [PREDICTION] VETUSDT: SELL at $0.02404
2025-10-28 14:24:24,718 - INFO - [upgradebot.py:304] - No active position found for VETUSDT.
2025-10-28 14:24:24,721 - INFO - [upgradebot.py:523] - SELL signal for VETUSDT. Considering SHORT entry.
2025-10-28 14:24:24,722 - INFO - [upgradebot.py:535] - Calculated SHORT Intent: Qty~338.312396, Entry~$0.02409, TP~$0.02288, SL~$0.02457
2025-10-28 14:24:24,722 - INFO - [upgradebot.py:537] - Placing SHORT Bracket Order...
2025-10-28 14:24:24,723 - ERROR - [upgradebot.py:386] - Final qty 338.0 < minimum 433.0. Cannot place entry.
2025-10-28 14:24:24,724 - ERROR - [upgradebot.py:543] - SHORT Entry order failed for VETUSDT. TP/SL not placed.
2025-10-28 14:24:25,725 - INFO - [upgradebot.py:431] - --- Checking VFYUSDT (Price: $0.0772) ---
2025-10-28 14:24:28,612 - INFO - [upgradebot.py:455] - Balance $9.0367 meets minimum value $7.4903 for VFYUSDT. Proceeding with analysis.
2025-10-28 14:24:28,613 - INFO - [upgradebot.py:262] - Fetching 90 days of 240-min data for VFYUSDT...
2025-10-28 14:24:32,528 - INFO - [upgradebot.py:348] - VFYUSDT model trained. Accuracy: 0.72
2025-10-28 14:24:32,556 - INFO - [upgradebot.py:473] - [PREDICTION] VFYUSDT: SELL at $0.14872
2025-10-28 14:24:36,465 - INFO - [upgradebot.py:304] - No active position found for VFYUSDT.
2025-10-28 14:24:36,469 - INFO - [upgradebot.py:523] - SELL signal for VFYUSDT. Considering SHORT entry.
2025-10-28 14:24:36,470 - INFO - [upgradebot.py:535] - Calculated SHORT Intent: Qty~54.686861, Entry~$0.14902, TP~$0.14157, SL~$0.15200
2025-10-28 14:24:36,471 - INFO - [upgradebot.py:537] - Placing SHORT Bracket Order...
2025-10-28 14:24:36,471 - ERROR - [upgradebot.py:386] - Final qty 54.0 < minimum 97.0. Cannot place entry.
2025-10-28 14:24:36,472 - ERROR - [upgradebot.py:543] - SHORT Entry order failed for VFYUSDT. TP/SL not placed.
2025-10-28 14:24:37,473 - INFO - [upgradebot.py:431] - --- Checking VICUSDT (Price: $0.1463) ---
2025-10-28 14:24:41,414 - INFO - [upgradebot.py:455] - Balance $9.0367 meets minimum value $7.6076 for VICUSDT. Proceeding with analysis.
2025-10-28 14:24:41,415 - INFO - [upgradebot.py:262] - Fetching 90 days of 240-min data for VICUSDT...
2025-10-28 14:24:44,503 - INFO - [upgradebot.py:348] - VICUSDT model trained. Accuracy: 0.71
2025-10-28 14:24:44,517 - INFO - [upgradebot.py:473] - [PREDICTION] VICUSDT: HOLD at $0.2237
2025-10-28 14:24:47,401 - INFO - [upgradebot.py:304] - No active position found for VICUSDT.
2025-10-28 14:24:47,405 - INFO - [upgradebot.py:546] - ML predicts HOLD for VICUSDT. No action taken.
2025-10-28 14:24:48,406 - INFO - [upgradebot.py:431] - --- Checking VINEUSDT (Price: $0.0455) ---
2025-10-28 14:24:50,957 - INFO - [upgradebot.py:455] - Balance $9.0367 meets minimum value $7.5141 for VINEUSDT. Proceeding with analysis.
2025-10-28 14:24:50,957 - INFO - [upgradebot.py:262] - Fetching 90 days of 240-min data for VINEUSDT...
2025-10-28 14:24:53,861 - INFO - [upgradebot.py:348] - VINEUSDT model trained. Accuracy: 0.81
2025-10-28 14:24:53,877 - INFO - [upgradebot.py:473] - [PREDICTION] VINEUSDT: SELL at $0.07497
2025-10-28 14:24:56,405 - INFO - [upgradebot.py:304] - No active position found for VINEUSDT.
2025-10-28 14:24:56,408 - INFO - [upgradebot.py:523] - SELL signal for VINEUSDT. Considering SHORT entry.
2025-10-28 14:24:56,408 - INFO - [upgradebot.py:535] - Calculated SHORT Intent: Qty~108.483794, Entry~$0.07512, TP~$0.07136, SL~$0.07662
2025-10-28 14:24:56,409 - INFO - [upgradebot.py:537] - Placing SHORT Bracket Order...
2025-10-28 14:24:56,409 - ERROR - [upgradebot.py:386] - Final qty 108.0 < minimum 165.0. Cannot place entry.
2025-10-28 14:24:56,410 - ERROR - [upgradebot.py:543] - SHORT Entry order failed for VINEUSDT. TP/SL not placed.
2025-10-28 14:24:57,410 - INFO - [upgradebot.py:431] - --- Checking VIRTUALUSDT (Price: $1.3983) ---
2025-10-28 14:25:00,152 - INFO - [upgradebot.py:455] - Balance $9.0367 meets minimum value $8.3898 for VIRTUALUSDT. Proceeding with analysis.
2025-10-28 14:25:00,152 - INFO - [upgradebot.py:262] - Fetching 90 days of 240-min data for VIRTUALUSDT...
2025-10-28 14:25:02,963 - INFO - [upgradebot.py:348] - VIRTUALUSDT model trained. Accuracy: 0.86
2025-10-28 14:25:02,976 - INFO - [upgradebot.py:473] - [PREDICTION] VIRTUALUSDT: HOLD at $1.2185
2025-10-28 14:25:05,432 - INFO - [upgradebot.py:304] - No active position found for VIRTUALUSDT.
2025-10-28 14:25:05,435 - INFO - [upgradebot.py:546] - ML predicts HOLD for VIRTUALUSDT. No action taken.
2025-10-28 14:25:06,436 - INFO - [upgradebot.py:431] - --- Checking VOXELUSDT (Price: $0.0400) ---
2025-10-28 14:25:08,512 - INFO - [upgradebot.py:455] - Balance $9.0367 meets minimum value $7.5238 for VOXELUSDT. Proceeding with analysis.
2025-10-28 14:25:08,513 - INFO - [upgradebot.py:262] - Fetching 90 days of 240-min data for VOXELUSDT...
2025-10-28 14:25:10,884 - INFO - [upgradebot.py:348] - VOXELUSDT model trained. Accuracy: 0.62
2025-10-28 14:25:10,894 - INFO - [upgradebot.py:473] - [PREDICTION] VOXELUSDT: HOLD at $0.06744
2025-10-28 14:25:12,949 - INFO - [upgradebot.py:304] - No active position found for VOXELUSDT.
2025-10-28 14:25:12,951 - INFO - [upgradebot.py:546] - ML predicts HOLD for VOXELUSDT. No action taken.
2025-10-28 14:25:13,952 - INFO - [upgradebot.py:431] - --- Checking VVVUSDT (Price: $1.5970) ---
2025-10-28 14:25:16,163 - INFO - [upgradebot.py:455] - Balance $9.0367 meets minimum value $7.4899 for VVVUSDT. Proceeding with analysis.
2025-10-28 14:25:16,163 - INFO - [upgradebot.py:262] - Fetching 90 days of 240-min data for VVVUSDT...
2025-10-28 14:25:18,551 - INFO - [upgradebot.py:348] - VVVUSDT model trained. Accuracy: 0.74
2025-10-28 14:25:18,568 - INFO - [upgradebot.py:473] - [PREDICTION] VVVUSDT: HOLD at $2.535
2025-10-28 14:25:20,728 - INFO - [upgradebot.py:304] - No active position found for VVVUSDT.
2025-10-28 14:25:20,730 - INFO - [upgradebot.py:546] - ML predicts HOLD for VVVUSDT. No action taken.
2025-10-28 14:25:21,731 - INFO - [upgradebot.py:431] - --- Checking WUSDT (Price: $0.0732) ---
2025-10-28 14:25:23,839 - INFO - [upgradebot.py:455] - Balance $9.0367 meets minimum value $7.4989 for WUSDT. Proceeding with analysis.
2025-10-28 14:25:23,840 - INFO - [upgradebot.py:262] - Fetching 90 days of 240-min data for WUSDT...
2025-10-28 14:25:26,334 - INFO - [upgradebot.py:348] - WUSDT model trained. Accuracy: 0.67
2025-10-28 14:25:26,343 - INFO - [upgradebot.py:473] - [PREDICTION] WUSDT: HOLD at $0.08692
2025-10-28 14:25:28,345 - INFO - [upgradebot.py:304] - No active position found for WUSDT.
2025-10-28 14:25:28,347 - INFO - [upgradebot.py:546] - ML predicts HOLD for WUSDT. No action taken.
2025-10-28 14:25:29,348 - INFO - [upgradebot.py:431] - --- Checking WALUSDT (Price: $0.2348) ---
2025-10-28 14:25:31,478 - INFO - [upgradebot.py:455] - Balance $9.0367 meets minimum value $7.5136 for WALUSDT. Proceeding with analysis.
2025-10-28 14:25:31,478 - INFO - [upgradebot.py:262] - Fetching 90 days of 240-min data for WALUSDT...
2025-10-28 14:25:33,957 - INFO - [upgradebot.py:348] - WALUSDT model trained. Accuracy: 0.88
2025-10-28 14:25:33,966 - INFO - [upgradebot.py:473] - [PREDICTION] WALUSDT: HOLD at $0.4248
2025-10-28 14:25:36,286 - INFO - [upgradebot.py:304] - No active position found for WALUSDT.
2025-10-28 14:25:36,288 - INFO - [upgradebot.py:546] - ML predicts HOLD for WALUSDT. No action taken.
2025-10-28 14:25:37,289 - INFO - [upgradebot.py:431] - --- Checking WAVESUSDT (Price: $0.8262) ---
2025-10-28 14:25:39,516 - INFO - [upgradebot.py:455] - Balance $9.0367 meets minimum value $7.5184 for WAVESUSDT. Proceeding with analysis.
2025-10-28 14:25:39,517 - INFO - [upgradebot.py:262] - Fetching 90 days of 240-min data for WAVESUSDT...
2025-10-28 14:25:42,004 - INFO - [upgradebot.py:348] - WAVESUSDT model trained. Accuracy: 0.86
2025-10-28 14:25:42,014 - INFO - [upgradebot.py:473] - [PREDICTION] WAVESUSDT: HOLD at $1.1298
2025-10-28 14:25:44,157 - INFO - [upgradebot.py:304] - No active position found for WAVESUSDT.
2025-10-28 14:25:44,160 - INFO - [upgradebot.py:546] - ML predicts HOLD for WAVESUSDT. No action taken.
2025-10-28 14:25:45,161 - INFO - [upgradebot.py:431] - --- Checking WAXPUSDT (Price: $0.0134) ---
2025-10-28 14:25:47,387 - INFO - [upgradebot.py:455] - Balance $9.0367 meets minimum value $7.5083 for WAXPUSDT. Proceeding with analysis.
2025-10-28 14:25:47,387 - INFO - [upgradebot.py:262] - Fetching 90 days of 240-min data for WAXPUSDT...
2025-10-28 14:25:49,988 - INFO - [upgradebot.py:348] - WAXPUSDT model trained. Accuracy: 0.81
2025-10-28 14:25:50,005 - INFO - [upgradebot.py:473] - [PREDICTION] WAXPUSDT: HOLD at $0.01961
2025-10-28 14:25:52,287 - INFO - [upgradebot.py:304] - No active position found for WAXPUSDT.
2025-10-28 14:25:52,290 - INFO - [upgradebot.py:546] - ML predicts HOLD for WAXPUSDT. No action taken.
2025-10-28 14:25:53,291 - INFO - [upgradebot.py:431] - --- Checking WCTUSDT (Price: $0.1641) ---
2025-10-28 14:25:55,589 - INFO - [upgradebot.py:455] - Balance $9.0367 meets minimum value $7.5486 for WCTUSDT. Proceeding with analysis.
2025-10-28 14:25:55,590 - INFO - [upgradebot.py:262] - Fetching 90 days of 240-min data for WCTUSDT...
2025-10-28 14:25:58,254 - INFO - [upgradebot.py:348] - WCTUSDT model trained. Accuracy: 0.76
2025-10-28 14:25:58,265 - INFO - [upgradebot.py:473] - [PREDICTION] WCTUSDT: BUY at $0.2921
2025-10-28 14:26:00,594 - INFO - [upgradebot.py:304] - No active position found for WCTUSDT.
2025-10-28 14:26:00,597 - INFO - [upgradebot.py:501] - Calculated LONG Intent: Qty~27.843307, Entry~$0.2915, TP~$0.3061, SL~$0.2857
2025-10-28 14:26:00,598 - INFO - [upgradebot.py:503] - Placing LONG Bracket Order...
2025-10-28 14:26:00,598 - ERROR - [upgradebot.py:386] - Final qty 27.0 < minimum 46.0. Cannot place entry.
2025-10-28 14:26:00,598 - ERROR - [upgradebot.py:509] - LONG Entry order failed for WCTUSDT. TP/SL not placed.
2025-10-28 14:26:01,599 - INFO - [upgradebot.py:431] - --- Checking WIFUSDT (Price: $0.5495) ---
2025-10-28 14:26:04,248 - INFO - [upgradebot.py:455] - Balance $9.0367 meets minimum value $7.6930 for WIFUSDT. Proceeding with analysis.
2025-10-28 14:26:04,248 - INFO - [upgradebot.py:262] - Fetching 90 days of 240-min data for WIFUSDT...
2025-10-28 14:26:07,193 - INFO - [upgradebot.py:348] - WIFUSDT model trained. Accuracy: 0.76
2025-10-28 14:26:07,205 - INFO - [upgradebot.py:473] - [PREDICTION] WIFUSDT: SELL at $0.8919
2025-10-28 14:26:09,804 - INFO - [upgradebot.py:304] - No active position found for WIFUSDT.
2025-10-28 14:26:09,807 - INFO - [upgradebot.py:523] - SELL signal for WIFUSDT. Considering SHORT entry.
2025-10-28 14:26:09,807 - INFO - [upgradebot.py:535] - Calculated SHORT Intent: Qty~9.118769, Entry~$0.8937, TP~$0.8490, SL~$0.9116
2025-10-28 14:26:09,808 - INFO - [upgradebot.py:537] - Placing SHORT Bracket Order...
2025-10-28 14:26:09,808 - ERROR - [upgradebot.py:386] - Final qty 9.0 < minimum 14.0. Cannot place entry.
2025-10-28 14:26:09,809 - ERROR - [upgradebot.py:543] - SHORT Entry order failed for WIFUSDT. TP/SL not placed.
2025-10-28 14:26:10,810 - INFO - [upgradebot.py:431] - --- Checking WLDUSDT (Price: $0.9000) ---
2025-10-28 14:26:13,974 - INFO - [upgradebot.py:455] - Balance $9.0367 meets minimum value $7.5600 for WLDUSDT. Proceeding with analysis.
2025-10-28 14:26:13,975 - INFO - [upgradebot.py:262] - Fetching 90 days of 240-min data for WLDUSDT...
2025-10-28 14:26:17,596 - INFO - [upgradebot.py:348] - WLDUSDT model trained. Accuracy: 0.67
2025-10-28 14:26:17,609 - INFO - [upgradebot.py:473] - [PREDICTION] WLDUSDT: BUY at $1.5009
2025-10-28 14:26:20,270 - INFO - [upgradebot.py:304] - No active position found for WLDUSDT.
2025-10-28 14:26:20,273 - INFO - [upgradebot.py:501] - Calculated LONG Intent: Qty~5.418769, Entry~$1.4979, TP~$1.5728, SL~$1.4679
2025-10-28 14:26:20,274 - INFO - [upgradebot.py:503] - Placing LONG Bracket Order...
2025-10-28 14:26:20,274 - ERROR - [upgradebot.py:386] - Final qty 5.4 < minimum 8.4. Cannot place entry.
2025-10-28 14:26:20,275 - ERROR - [upgradebot.py:509] - LONG Entry order failed for WLDUSDT. TP/SL not placed.
2025-10-28 14:26:21,276 - INFO - [upgradebot.py:431] - --- Checking WLFIUSDT (Price: $0.1440) ---
2025-10-28 14:26:24,422 - INFO - [upgradebot.py:455] - Balance $9.0367 meets minimum value $7.6320 for WLFIUSDT. Proceeding with analysis.
2025-10-28 14:26:24,422 - INFO - [upgradebot.py:262] - Fetching 90 days of 240-min data for WLFIUSDT...
2025-10-28 14:26:28,270 - INFO - [upgradebot.py:348] - WLFIUSDT model trained. Accuracy: 0.76
2025-10-28 14:26:28,296 - INFO - [upgradebot.py:473] - [PREDICTION] WLFIUSDT: HOLD at $0.2102
2025-10-28 14:26:32,411 - INFO - [upgradebot.py:304] - No active position found for WLFIUSDT.
2025-10-28 14:26:32,416 - INFO - [upgradebot.py:546] - ML predicts HOLD for WLFIUSDT. No action taken.
2025-10-28 14:26:33,417 - INFO - [upgradebot.py:431] - --- Checking WOOUSDT (Price: $0.0418) ---
2025-10-28 14:26:37,584 - INFO - [upgradebot.py:455] - Balance $9.0367 meets minimum value $7.4924 for WOOUSDT. Proceeding with analysis.
2025-10-28 14:26:37,585 - INFO - [upgradebot.py:262] - Fetching 90 days of 240-min data for WOOUSDT...
2025-10-28 14:26:41,306 - INFO - [upgradebot.py:348] - WOOUSDT model trained. Accuracy: 0.64
2025-10-28 14:26:41,323 - INFO - [upgradebot.py:473] - [PREDICTION] WOOUSDT: HOLD at $0.06696
2025-10-28 14:26:43,910 - INFO - [upgradebot.py:304] - No active position found for WOOUSDT.
2025-10-28 14:26:43,914 - INFO - [upgradebot.py:546] - ML predicts HOLD for WOOUSDT. No action taken.
2025-10-28 14:26:44,914 - INFO - [upgradebot.py:431] - --- Checking XAIUSDT (Price: $0.0262) ---
2025-10-28 14:26:47,383 - INFO - [upgradebot.py:455] - Balance $9.0367 meets minimum value $7.5137 for XAIUSDT. Proceeding with analysis.
2025-10-28 14:26:47,384 - INFO - [upgradebot.py:262] - Fetching 90 days of 240-min data for XAIUSDT...
2025-10-28 14:26:50,107 - INFO - [upgradebot.py:348] - XAIUSDT model trained. Accuracy: 0.69
2025-10-28 14:26:50,121 - INFO - [upgradebot.py:473] - [PREDICTION] XAIUSDT: HOLD at $0.05037
2025-10-28 14:26:52,531 - INFO - [upgradebot.py:304] - No active position found for XAIUSDT.
2025-10-28 14:26:52,534 - INFO - [upgradebot.py:546] - ML predicts HOLD for XAIUSDT. No action taken.
2025-10-28 14:26:53,535 - INFO - [upgradebot.py:431] - --- Checking XANUSDT (Price: $0.0447) ---
2025-10-28 14:26:55,554 - INFO - [upgradebot.py:455] - Balance $9.0367 meets minimum value $7.5526 for XANUSDT. Proceeding with analysis.
2025-10-28 14:26:55,555 - INFO - [upgradebot.py:262] - Fetching 90 days of 240-min data for XANUSDT...
2025-10-28 14:26:58,008 - INFO - [upgradebot.py:348] - XANUSDT model trained. Accuracy: 0.96
2025-10-28 14:26:58,018 - INFO - [upgradebot.py:473] - [PREDICTION] XANUSDT: BUY at $0.14918
2025-10-28 14:27:00,044 - INFO - [upgradebot.py:304] - No active position found for XANUSDT.
2025-10-28 14:27:00,047 - INFO - [upgradebot.py:501] - Calculated LONG Intent: Qty~54.518233, Entry~$0.14888, TP~$0.15633, SL~$0.14590
2025-10-28 14:27:00,047 - INFO - [upgradebot.py:503] - Placing LONG Bracket Order...
2025-10-28 14:27:00,048 - ERROR - [upgradebot.py:386] - Final qty 54.0 < minimum 169.0. Cannot place entry.
2025-10-28 14:27:00,048 - ERROR - [upgradebot.py:509] - LONG Entry order failed for XANUSDT. TP/SL not placed.
2025-10-28 14:27:01,049 - INFO - [upgradebot.py:431] - --- Checking XAUTUSDT (Price: $3930.9300) ---
2025-10-28 14:27:02,856 - INFO - [upgradebot.py:455] - Balance $9.0367 meets minimum value $7.8619 for XAUTUSDT. Proceeding with analysis.
2025-10-28 14:27:02,856 - INFO - [upgradebot.py:262] - Fetching 90 days of 240-min data for XAUTUSDT...
2025-10-28 14:27:05,093 - INFO - [upgradebot.py:348] - XAUTUSDT model trained. Accuracy: 0.98
2025-10-28 14:27:05,103 - INFO - [upgradebot.py:473] - [PREDICTION] XAUTUSDT: HOLD at $3644.68
2025-10-28 14:27:07,275 - INFO - [upgradebot.py:304] - No active position found for XAUTUSDT.
2025-10-28 14:27:07,277 - INFO - [upgradebot.py:546] - ML predicts HOLD for XAUTUSDT. No action taken.
2025-10-28 14:27:08,278 - INFO - [upgradebot.py:431] - --- Checking XCHUSDT (Price: $6.9230) ---
2025-10-28 14:27:10,314 - INFO - [upgradebot.py:455] - Balance $9.0367 meets minimum value $7.5461 for XCHUSDT. Proceeding with analysis.
2025-10-28 14:27:10,315 - INFO - [upgradebot.py:262] - Fetching 90 days of 240-min data for XCHUSDT...
2025-10-28 14:27:12,529 - INFO - [upgradebot.py:348] - XCHUSDT model trained. Accuracy: 0.64
2025-10-28 14:27:12,545 - INFO - [upgradebot.py:473] - [PREDICTION] XCHUSDT: HOLD at $9.860
2025-10-28 14:27:14,298 - INFO - [upgradebot.py:304] - No active position found for XCHUSDT.
2025-10-28 14:27:14,301 - INFO - [upgradebot.py:546] - ML predicts HOLD for XCHUSDT. No action taken.
2025-10-28 14:27:15,301 - INFO - [upgradebot.py:431] - --- Checking XCNUSDT (Price: $0.0088) ---
2025-10-28 14:27:17,080 - INFO - [upgradebot.py:455] - Balance $9.0367 meets minimum value $7.4939 for XCNUSDT. Proceeding with analysis.
2025-10-28 14:27:17,081 - INFO - [upgradebot.py:262] - Fetching 90 days of 240-min data for XCNUSDT...
2025-10-28 14:27:19,308 - INFO - [upgradebot.py:348] - XCNUSDT model trained. Accuracy: 0.83
2025-10-28 14:27:19,317 - INFO - [upgradebot.py:473] - [PREDICTION] XCNUSDT: SELL at $0.0114080
2025-10-28 14:27:21,060 - INFO - [upgradebot.py:304] - No active position found for XCNUSDT.
2025-10-28 14:27:21,062 - INFO - [upgradebot.py:523] - SELL signal for XCNUSDT. Considering SHORT entry.
2025-10-28 14:27:21,062 - INFO - [upgradebot.py:535] - Calculated SHORT Intent: Qty~712.923387, Entry~$0.0114308, TP~$0.0108593, SL~$0.0116594
2025-10-28 14:27:21,062 - INFO - [upgradebot.py:537] - Placing SHORT Bracket Order...
2025-10-28 14:27:21,063 - ERROR - [upgradebot.py:386] - Final qty 710.0 < minimum 851.0. Cannot place entry.
2025-10-28 14:27:21,063 - ERROR - [upgradebot.py:543] - SHORT Entry order failed for XCNUSDT. TP/SL not placed.
2025-10-28 14:27:22,064 - INFO - [upgradebot.py:431] - --- Checking XDCUSDT (Price: $0.0617) ---
2025-10-28 14:27:23,831 - INFO - [upgradebot.py:455] - Balance $9.0367 meets minimum value $7.5286 for XDCUSDT. Proceeding with analysis.
2025-10-28 14:27:23,831 - INFO - [upgradebot.py:262] - Fetching 90 days of 240-min data for XDCUSDT...
2025-10-28 14:27:25,988 - INFO - [upgradebot.py:348] - XDCUSDT model trained. Accuracy: 0.86
2025-10-28 14:27:25,998 - INFO - [upgradebot.py:473] - [PREDICTION] XDCUSDT: BUY at $0.07609
2025-10-28 14:27:28,523 - INFO - [upgradebot.py:304] - No active position found for XDCUSDT.
2025-10-28 14:27:28,526 - INFO - [upgradebot.py:501] - Calculated LONG Intent: Qty~106.886976, Entry~$0.07594, TP~$0.07973, SL~$0.07442
2025-10-28 14:27:28,526 - INFO - [upgradebot.py:503] - Placing LONG Bracket Order...
2025-10-28 14:27:28,527 - ERROR - [upgradebot.py:386] - Final qty 106.0 < minimum 122.0. Cannot place entry.
2025-10-28 14:27:28,527 - ERROR - [upgradebot.py:509] - LONG Entry order failed for XDCUSDT. TP/SL not placed.
2025-10-28 14:27:29,528 - INFO - [upgradebot.py:431] - --- Checking XIONUSDT (Price: $0.6380) ---
2025-10-28 14:27:31,223 - INFO - [upgradebot.py:455] - Balance $9.0367 meets minimum value $7.5284 for XIONUSDT. Proceeding with analysis.
2025-10-28 14:27:31,223 - INFO - [upgradebot.py:262] - Fetching 90 days of 240-min data for XIONUSDT...
2025-10-28 14:27:33,288 - INFO - [upgradebot.py:348] - XIONUSDT model trained. Accuracy: 0.79
2025-10-28 14:27:33,297 - INFO - [upgradebot.py:473] - [PREDICTION] XIONUSDT: HOLD at $0.9126
2025-10-28 14:27:35,176 - INFO - [upgradebot.py:304] - No active position found for XIONUSDT.
2025-10-28 14:27:35,178 - INFO - [upgradebot.py:546] - ML predicts HOLD for XIONUSDT. No action taken.
2025-10-28 14:27:36,179 - INFO - [upgradebot.py:431] - --- Checking XLMUSDT (Price: $0.3322) ---
2025-10-28 14:27:37,833 - INFO - [upgradebot.py:455] - Balance $9.0367 meets minimum value $7.6413 for XLMUSDT. Proceeding with analysis.
2025-10-28 14:27:37,833 - INFO - [upgradebot.py:262] - Fetching 90 days of 240-min data for XLMUSDT...
2025-10-28 14:27:39,605 - INFO - [upgradebot.py:348] - XLMUSDT model trained. Accuracy: 0.81
2025-10-28 14:27:39,613 - INFO - [upgradebot.py:473] - [PREDICTION] XLMUSDT: HOLD at $0.37837
2025-10-28 14:27:41,305 - INFO - [upgradebot.py:304] - No active position found for XLMUSDT.
2025-10-28 14:27:41,307 - INFO - [upgradebot.py:546] - ML predicts HOLD for XLMUSDT. No action taken.
2025-10-28 14:27:42,307 - INFO - [upgradebot.py:431] - --- Checking XMRUSDT (Price: $342.9800) ---
2025-10-28 14:27:44,502 - INFO - [upgradebot.py:451] - Skipping XMRUSDT. Balance $9.0367 is less than minimum order value $10.2894.
2025-10-28 14:27:45,003 - INFO - [upgradebot.py:431] - --- Checking XNOUSDT (Price: $0.6926) ---
2025-10-28 14:27:46,918 - INFO - [upgradebot.py:455] - Balance $9.0367 meets minimum value $7.6186 for XNOUSDT. Proceeding with analysis.
2025-10-28 14:27:46,918 - INFO - [upgradebot.py:262] - Fetching 90 days of 240-min data for XNOUSDT...
2025-10-28 14:27:49,233 - INFO - [upgradebot.py:348] - XNOUSDT model trained. Accuracy: 0.78
2025-10-28 14:27:49,242 - INFO - [upgradebot.py:473] - [PREDICTION] XNOUSDT: HOLD at $0.8709
2025-10-28 14:27:51,292 - INFO - [upgradebot.py:304] - No active position found for XNOUSDT.
2025-10-28 14:27:51,294 - INFO - [upgradebot.py:546] - ML predicts HOLD for XNOUSDT. No action taken.
2025-10-28 14:27:52,295 - INFO - [upgradebot.py:431] - --- Checking XNYUSDT (Price: $0.0073) ---
2025-10-28 14:27:54,169 - INFO - [upgradebot.py:455] - Balance $9.0367 meets minimum value $7.5130 for XNYUSDT. Proceeding with analysis.
2025-10-28 14:27:54,169 - INFO - [upgradebot.py:262] - Fetching 90 days of 240-min data for XNYUSDT...
2025-10-28 14:27:56,599 - INFO - [upgradebot.py:348] - XNYUSDT model trained. Accuracy: 0.76
2025-10-28 14:27:56,613 - INFO - [upgradebot.py:473] - [PREDICTION] XNYUSDT: SELL at $0.010766
2025-10-28 14:27:58,775 - INFO - [upgradebot.py:304] - No active position found for XNYUSDT.
2025-10-28 14:27:58,777 - INFO - [upgradebot.py:523] - SELL signal for XNYUSDT. Considering SHORT entry.
2025-10-28 14:27:58,778 - INFO - [upgradebot.py:535] - Calculated SHORT Intent: Qty~755.436560, Entry~$0.010788, TP~$0.010248, SL~$0.011003
2025-10-28 14:27:58,778 - INFO - [upgradebot.py:537] - Placing SHORT Bracket Order...
2025-10-28 14:27:58,778 - ERROR - [upgradebot.py:386] - Final qty 750.0 < minimum 1034.0. Cannot place entry.
2025-10-28 14:27:58,779 - ERROR - [upgradebot.py:543] - SHORT Entry order failed for XNYUSDT. TP/SL not placed.
2025-10-28 14:27:59,779 - INFO - [upgradebot.py:431] - --- Checking XPINUSDT (Price: $0.0085) ---
2025-10-28 14:28:01,995 - INFO - [upgradebot.py:455] - Balance $9.0367 meets minimum value $7.4932 for XPINUSDT. Proceeding with analysis.
2025-10-28 14:28:01,996 - INFO - [upgradebot.py:262] - Fetching 90 days of 240-min data for XPINUSDT...
2025-10-28 14:28:04,662 - INFO - [upgradebot.py:348] - XPINUSDT model trained. Accuracy: 0.69
2025-10-28 14:28:04,680 - INFO - [upgradebot.py:473] - [PREDICTION] XPINUSDT: BUY at $0.0015213
2025-10-28 14:28:06,807 - INFO - [upgradebot.py:304] - No active position found for XPINUSDT.
2025-10-28 14:28:06,809 - INFO - [upgradebot.py:501] - Calculated LONG Intent: Qty~5346.105305, Entry~$0.0015183, TP~$0.0015942, SL~$0.0014879
2025-10-28 14:28:06,809 - INFO - [upgradebot.py:503] - Placing LONG Bracket Order...
2025-10-28 14:28:06,809 - INFO - [upgradebot.py:392] - [ACTION] Submitting LIMIT BUY for XPINUSDT (Qty: 5300.0) @ Price: 0.0015183
2025-10-28 14:28:06,810 - INFO - [upgradebot.py:393] - [DRY-RUN] Would submit order: {"side": "BUY", "symbol": "XPINUSDT", "order_type": "LIMIT", "quantity": 5300.0, "exchange": "EXCHANGE_2", "price": 0.0015183}
2025-10-28 14:28:06,810 - INFO - [upgradebot.py:392] - [ACTION] Submitting TAKE_PROFIT_MARKET SELL for XPINUSDT (Qty: 0) @ Trigger: 0.0015942
2025-10-28 14:28:06,811 - INFO - [upgradebot.py:393] - [DRY-RUN] Would submit order: {"side": "SELL", "symbol": "XPINUSDT", "order_type": "TAKE_PROFIT_MARKET", "quantity": 0, "exchange": "EXCHANGE_2", "trigger_price": 0.0015942, "reduce_only": true}
2025-10-28 14:28:06,811 - INFO - [upgradebot.py:392] - [ACTION] Submitting STOP_MARKET SELL for XPINUSDT (Qty: 0) @ Trigger: 0.0014879
2025-10-28 14:28:06,811 - INFO - [upgradebot.py:393] - [DRY-RUN] Would submit order: {"side": "SELL", "symbol": "XPINUSDT", "order_type": "STOP_MARKET", "quantity": 0, "exchange": "EXCHANGE_2", "trigger_price": 0.0014879, "reduce_only": true}
2025-10-28 14:28:07,812 - INFO - [upgradebot.py:431] - --- Checking XPLUSDT (Price: $0.3731) ---
2025-10-28 14:28:10,358 - INFO - [upgradebot.py:455] - Balance $9.0367 meets minimum value $7.4620 for XPLUSDT. Proceeding with analysis.
2025-10-28 14:28:10,359 - INFO - [upgradebot.py:262] - Fetching 90 days of 240-min data for XPLUSDT...
2025-10-28 14:28:12,844 - INFO - [upgradebot.py:348] - XPLUSDT model trained. Accuracy: 0.91
2025-10-28 14:28:12,856 - INFO - [upgradebot.py:473] - [PREDICTION] XPLUSDT: BUY at $0.7493
2025-10-28 14:28:15,310 - INFO - [upgradebot.py:304] - No active position found for XPLUSDT.
2025-10-28 14:28:15,313 - INFO - [upgradebot.py:501] - Calculated LONG Intent: Qty~10.854171, Entry~$0.7478, TP~$0.7852, SL~$0.7328
2025-10-28 14:28:15,313 - INFO - [upgradebot.py:503] - Placing LONG Bracket Order...
2025-10-28 14:28:15,313 - ERROR - [upgradebot.py:386] - Final qty 10.0 < minimum 20.0. Cannot place entry.
2025-10-28 14:28:15,314 - ERROR - [upgradebot.py:509] - LONG Entry order failed for XPLUSDT. TP/SL not placed.
2025-10-28 14:28:16,314 - INFO - [upgradebot.py:431] - --- Checking XRPUSDT (Price: $2.6421) ---
2025-10-28 14:28:18,366 - INFO - [upgradebot.py:455] - Balance $9.0367 meets minimum value $7.6621 for XRPUSDT. Proceeding with analysis.
2025-10-28 14:28:18,367 - INFO - [upgradebot.py:262] - Fetching 90 days of 240-min data for XRPUSDT...
2025-10-28 14:28:21,011 - INFO - [upgradebot.py:348] - XRPUSDT model trained. Accuracy: 0.62
2025-10-28 14:28:21,021 - INFO - [upgradebot.py:473] - [PREDICTION] XRPUSDT: HOLD at $3.0223
2025-10-28 14:28:23,382 - INFO - [upgradebot.py:304] - No active position found for XRPUSDT.
2025-10-28 14:28:23,384 - INFO - [upgradebot.py:546] - ML predicts HOLD for XRPUSDT. No action taken.
2025-10-28 14:28:24,384 - INFO - [upgradebot.py:431] - --- Checking XTZUSDT (Price: $0.6119) ---
2025-10-28 14:28:26,972 - INFO - [upgradebot.py:455] - Balance $9.0367 meets minimum value $7.5264 for XTZUSDT. Proceeding with analysis.
2025-10-28 14:28:26,973 - INFO - [upgradebot.py:262] - Fetching 90 days of 240-min data for XTZUSDT...
2025-10-28 14:28:29,681 - INFO - [upgradebot.py:348] - XTZUSDT model trained. Accuracy: 0.76
2025-10-28 14:28:29,691 - INFO - [upgradebot.py:473] - [PREDICTION] XTZUSDT: HOLD at $0.7629
2025-10-28 14:28:32,098 - INFO - [upgradebot.py:304] - No active position found for XTZUSDT.
2025-10-28 14:28:32,100 - INFO - [upgradebot.py:546] - ML predicts HOLD for XTZUSDT. No action taken.
2025-10-28 14:28:33,101 - INFO - [upgradebot.py:431] - --- Checking XVGUSDT (Price: $0.0060) ---
2025-10-28 14:28:35,983 - INFO - [upgradebot.py:455] - Balance $9.0367 meets minimum value $7.4951 for XVGUSDT. Proceeding with analysis.
2025-10-28 14:28:35,983 - INFO - [upgradebot.py:262] - Fetching 90 days of 240-min data for XVGUSDT...
2025-10-28 14:28:39,127 - INFO - [upgradebot.py:348] - XVGUSDT model trained. Accuracy: 0.71
2025-10-28 14:28:39,140 - INFO - [upgradebot.py:473] - [PREDICTION] XVGUSDT: BUY at $0.0057430
2025-10-28 14:28:41,871 - INFO - [upgradebot.py:304] - No active position found for XVGUSDT.
2025-10-28 14:28:41,874 - INFO - [upgradebot.py:501] - Calculated LONG Intent: Qty~1416.164026, Entry~$0.0057315, TP~$0.0060181, SL~$0.0056169
2025-10-28 14:28:41,875 - INFO - [upgradebot.py:503] - Placing LONG Bracket Order...
2025-10-28 14:28:41,875 - INFO - [upgradebot.py:392] - [ACTION] Submitting LIMIT BUY for XVGUSDT (Qty: 1400.0) @ Price: 0.0057315
2025-10-28 14:28:41,876 - INFO - [upgradebot.py:393] - [DRY-RUN] Would submit order: {"side": "BUY", "symbol": "XVGUSDT", "order_type": "LIMIT", "quantity": 1400.0, "exchange": "EXCHANGE_2", "price": 0.0057315}
2025-10-28 14:28:41,876 - INFO - [upgradebot.py:392] - [ACTION] Submitting TAKE_PROFIT_MARKET SELL for XVGUSDT (Qty: 0) @ Trigger: 0.0060181
2025-10-28 14:28:41,877 - INFO - [upgradebot.py:393] - [DRY-RUN] Would submit order: {"side": "SELL", "symbol": "XVGUSDT", "order_type": "TAKE_PROFIT_MARKET", "quantity": 0, "exchange": "EXCHANGE_2", "trigger_price": 0.0060181, "reduce_only": true}
2025-10-28 14:28:41,878 - INFO - [upgradebot.py:392] - [ACTION] Submitting STOP_MARKET SELL for XVGUSDT (Qty: 0) @ Trigger: 0.0056169
2025-10-28 14:28:41,878 - INFO - [upgradebot.py:393] - [DRY-RUN] Would submit order: {"side": "SELL", "symbol": "XVGUSDT", "order_type": "STOP_MARKET", "quantity": 0, "exchange": "EXCHANGE_2", "trigger_price": 0.0056169, "reduce_only": true}
2025-10-28 14:28:42,879 - INFO - [upgradebot.py:431] - --- Checking XVSUSDT (Price: $4.8370) ---
2025-10-28 14:28:45,808 - INFO - [upgradebot.py:455] - Balance $9.0367 meets minimum value $7.7392 for XVSUSDT. Proceeding with analysis.
2025-10-28 14:28:45,809 - INFO - [upgradebot.py:262] - Fetching 90 days of 240-min data for XVSUSDT...
2025-10-28 14:28:48,540 - INFO - [upgradebot.py:348] - XVSUSDT model trained. Accuracy: 0.71
2025-10-28 14:28:48,552 - INFO - [upgradebot.py:473] - [PREDICTION] XVSUSDT: HOLD at $6.2480
2025-10-28 14:28:51,401 - INFO - [upgradebot.py:304] - No active position found for XVSUSDT.
2025-10-28 14:28:51,407 - INFO - [upgradebot.py:546] - ML predicts HOLD for XVSUSDT. No action taken.
2025-10-28 14:28:52,407 - INFO - [upgradebot.py:431] - --- Checking YALAUSDT (Price: $0.1041) ---
2025-10-28 14:28:55,683 - INFO - [upgradebot.py:455] - Balance $9.0367 meets minimum value $7.5957 for YALAUSDT. Proceeding with analysis.
2025-10-28 14:28:55,683 - INFO - [upgradebot.py:262] - Fetching 90 days of 240-min data for YALAUSDT...
2025-10-28 14:28:59,090 - INFO - [upgradebot.py:348] - YALAUSDT model trained. Accuracy: 0.60
2025-10-28 14:28:59,105 - INFO - [upgradebot.py:473] - [PREDICTION] YALAUSDT: HOLD at $0.13560
2025-10-28 14:29:02,171 - INFO - [upgradebot.py:304] - No active position found for YALAUSDT.
2025-10-28 14:29:02,176 - INFO - [upgradebot.py:546] - ML predicts HOLD for YALAUSDT. No action taken.
2025-10-28 14:29:03,177 - INFO - [upgradebot.py:431] - --- Checking YFIUSDT (Price: $4851.0000) ---
2025-10-28 14:29:06,899 - INFO - [upgradebot.py:455] - Balance $9.0367 meets minimum value $7.2765 for YFIUSDT. Proceeding with analysis.
2025-10-28 14:29:06,899 - INFO - [upgradebot.py:262] - Fetching 90 days of 240-min data for YFIUSDT...
2025-10-28 14:29:11,134 - INFO - [upgradebot.py:348] - YFIUSDT model trained. Accuracy: 0.81
2025-10-28 14:29:11,161 - INFO - [upgradebot.py:473] - [PREDICTION] YFIUSDT: HOLD at $5438
2025-10-28 14:29:16,273 - INFO - [upgradebot.py:304] - No active position found for YFIUSDT.
2025-10-28 14:29:16,279 - INFO - [upgradebot.py:546] - ML predicts HOLD for YFIUSDT. No action taken.
2025-10-28 14:29:17,280 - INFO - [upgradebot.py:431] - --- Checking YGGUSDT (Price: $0.1365) ---
2025-10-28 14:29:21,637 - INFO - [upgradebot.py:455] - Balance $9.0367 meets minimum value $7.4802 for YGGUSDT. Proceeding with analysis.
2025-10-28 14:29:21,638 - INFO - [upgradebot.py:262] - Fetching 90 days of 240-min data for YGGUSDT...
2025-10-28 14:29:24,971 - INFO - [upgradebot.py:348] - YGGUSDT model trained. Accuracy: 0.73
2025-10-28 14:29:25,000 - INFO - [upgradebot.py:473] - [PREDICTION] YGGUSDT: BUY at $0.2101
2025-10-28 14:29:27,871 - INFO - [upgradebot.py:304] - No active position found for YGGUSDT.
2025-10-28 14:29:27,874 - INFO - [upgradebot.py:501] - Calculated LONG Intent: Qty~38.710281, Entry~$0.2097, TP~$0.2202, SL~$0.2055
2025-10-28 14:29:27,875 - INFO - [upgradebot.py:503] - Placing LONG Bracket Order...
2025-10-28 14:29:27,875 - ERROR - [upgradebot.py:386] - Final qty 38.7 < minimum 54.8. Cannot place entry.
2025-10-28 14:29:27,876 - ERROR - [upgradebot.py:509] - LONG Entry order failed for YGGUSDT. TP/SL not placed.
2025-10-28 14:29:28,877 - INFO - [upgradebot.py:431] - --- Checking YZYUSDT (Price: $0.3967) ---
2025-10-28 14:29:31,249 - INFO - [upgradebot.py:455] - Balance $9.0367 meets minimum value $7.4976 for YZYUSDT. Proceeding with analysis.
2025-10-28 14:29:31,250 - INFO - [upgradebot.py:262] - Fetching 90 days of 240-min data for YZYUSDT...
2025-10-28 14:29:34,006 - INFO - [upgradebot.py:348] - YZYUSDT model trained. Accuracy: 0.93
2025-10-28 14:29:34,019 - INFO - [upgradebot.py:473] - [PREDICTION] YZYUSDT: HOLD at $0.4548
2025-10-28 14:29:36,677 - INFO - [upgradebot.py:304] - No active position found for YZYUSDT.
2025-10-28 14:29:36,680 - INFO - [upgradebot.py:546] - ML predicts HOLD for YZYUSDT. No action taken.
2025-10-28 14:29:37,681 - INFO - [upgradebot.py:431] - --- Checking ZBCNUSDT (Price: $0.0037) ---
2025-10-28 14:29:39,891 - INFO - [upgradebot.py:455] - Balance $9.0367 meets minimum value $7.5070 for ZBCNUSDT. Proceeding with analysis.
2025-10-28 14:29:39,891 - INFO - [upgradebot.py:262] - Fetching 90 days of 240-min data for ZBCNUSDT...
2025-10-28 14:29:42,342 - INFO - [upgradebot.py:348] - ZBCNUSDT model trained. Accuracy: 0.55
2025-10-28 14:29:42,352 - INFO - [upgradebot.py:473] - [PREDICTION] ZBCNUSDT: BUY at $0.0041080
2025-10-28 14:29:44,487 - INFO - [upgradebot.py:304] - No active position found for ZBCNUSDT.
2025-10-28 14:29:44,490 - INFO - [upgradebot.py:501] - Calculated LONG Intent: Qty~1979.802824, Entry~$0.0040998, TP~$0.0043048, SL~$0.0040178
2025-10-28 14:29:44,490 - INFO - [upgradebot.py:503] - Placing LONG Bracket Order...
2025-10-28 14:29:44,491 - ERROR - [upgradebot.py:386] - Final qty 1900.0 < minimum 2016.0. Cannot place entry.
2025-10-28 14:29:44,491 - ERROR - [upgradebot.py:509] - LONG Entry order failed for ZBCNUSDT. TP/SL not placed.
2025-10-28 14:29:45,492 - INFO - [upgradebot.py:431] - --- Checking ZBTUSDT (Price: $0.2285) ---
2025-10-28 14:29:47,868 - INFO - [upgradebot.py:455] - Balance $9.0367 meets minimum value $7.4948 for ZBTUSDT. Proceeding with analysis.
2025-10-28 14:29:47,869 - INFO - [upgradebot.py:262] - Fetching 90 days of 240-min data for ZBTUSDT...
2025-10-28 14:29:50,019 - WARNING - [upgradebot.py:335] - Not enough hist data for ZBTUSDT (61<100). Skip train.
2025-10-28 14:29:50,020 - INFO - [upgradebot.py:473] - [PREDICTION] ZBTUSDT: HOLD at $0.5034
2025-10-28 14:29:52,163 - INFO - [upgradebot.py:304] - No active position found for ZBTUSDT.
2025-10-28 14:29:52,165 - INFO - [upgradebot.py:546] - ML predicts HOLD for ZBTUSDT. No action taken.
2025-10-28 14:29:53,166 - INFO - [upgradebot.py:431] - --- Checking ZECUSDT (Price: $328.8100) ---
2025-10-28 14:29:55,337 - INFO - [upgradebot.py:451] - Skipping ZECUSDT. Balance $9.0367 is less than minimum order value $9.8643.
2025-10-28 14:29:55,838 - INFO - [upgradebot.py:431] - --- Checking ZENUSDT (Price: $12.8760) ---
2025-10-28 14:29:57,873 - INFO - [upgradebot.py:455] - Balance $9.0367 meets minimum value $7.7256 for ZENUSDT. Proceeding with analysis.
2025-10-28 14:29:57,874 - INFO - [upgradebot.py:262] - Fetching 90 days of 240-min data for ZENUSDT...
2025-10-28 14:30:00,122 - INFO - [upgradebot.py:348] - ZENUSDT model trained. Accuracy: 0.81
2025-10-28 14:30:00,138 - INFO - [upgradebot.py:473] - [PREDICTION] ZENUSDT: HOLD at $7.295
2025-10-28 14:30:02,230 - INFO - [upgradebot.py:304] - No active position found for ZENUSDT.
2025-10-28 14:30:02,234 - INFO - [upgradebot.py:546] - ML predicts HOLD for ZENUSDT. No action taken.
2025-10-28 14:30:03,234 - INFO - [upgradebot.py:431] - --- Checking ZENTUSDT (Price: $0.0066) ---
2025-10-28 14:30:05,491 - INFO - [upgradebot.py:455] - Balance $9.0367 meets minimum value $7.4893 for ZENTUSDT. Proceeding with analysis.
2025-10-28 14:30:05,492 - INFO - [upgradebot.py:262] - Fetching 90 days of 240-min data for ZENTUSDT...
2025-10-28 14:30:07,685 - INFO - [upgradebot.py:348] - ZENTUSDT model trained. Accuracy: 0.79
2025-10-28 14:30:07,698 - INFO - [upgradebot.py:473] - [PREDICTION] ZENTUSDT: HOLD at $0.009777
2025-10-28 14:30:09,646 - INFO - [upgradebot.py:304] - No active position found for ZENTUSDT.
2025-10-28 14:30:09,648 - INFO - [upgradebot.py:546] - ML predicts HOLD for ZENTUSDT. No action taken.
2025-10-28 14:30:10,649 - INFO - [upgradebot.py:431] - --- Checking ZEREBROUSDT (Price: $0.0342) ---
2025-10-28 14:30:12,825 - INFO - [upgradebot.py:455] - Balance $9.0367 meets minimum value $7.5174 for ZEREBROUSDT. Proceeding with analysis.
2025-10-28 14:30:12,825 - INFO - [upgradebot.py:262] - Fetching 90 days of 240-min data for ZEREBROUSDT...
2025-10-28 14:30:15,226 - INFO - [upgradebot.py:348] - ZEREBROUSDT model trained. Accuracy: 0.69
2025-10-28 14:30:15,235 - INFO - [upgradebot.py:473] - [PREDICTION] ZEREBROUSDT: HOLD at $0.02128
2025-10-28 14:30:17,415 - INFO - [upgradebot.py:304] - No active position found for ZEREBROUSDT.
2025-10-28 14:30:17,417 - INFO - [upgradebot.py:546] - ML predicts HOLD for ZEREBROUSDT. No action taken.
2025-10-28 14:30:18,418 - INFO - [upgradebot.py:431] - --- Checking ZETAUSDT (Price: $0.1240) ---
2025-10-28 14:30:20,606 - INFO - [upgradebot.py:455] - Balance $9.0367 meets minimum value $7.5640 for ZETAUSDT. Proceeding with analysis.
2025-10-28 14:30:20,606 - INFO - [upgradebot.py:262] - Fetching 90 days of 240-min data for ZETAUSDT...
2025-10-28 14:30:22,921 - INFO - [upgradebot.py:348] - ZETAUSDT model trained. Accuracy: 0.62
2025-10-28 14:30:22,929 - INFO - [upgradebot.py:473] - [PREDICTION] ZETAUSDT: HOLD at $0.1888
2025-10-28 14:30:25,268 - INFO - [upgradebot.py:304] - No active position found for ZETAUSDT.
2025-10-28 14:30:25,269 - INFO - [upgradebot.py:546] - ML predicts HOLD for ZETAUSDT. No action taken.
2025-10-28 14:30:26,270 - INFO - [upgradebot.py:431] - --- Checking ZEUSUSDT (Price: $0.0632) ---
2025-10-28 14:30:28,443 - INFO - [upgradebot.py:455] - Balance $9.0367 meets minimum value $7.5196 for ZEUSUSDT. Proceeding with analysis.
2025-10-28 14:30:28,443 - INFO - [upgradebot.py:262] - Fetching 90 days of 240-min data for ZEUSUSDT...
2025-10-28 14:30:30,576 - INFO - [upgradebot.py:348] - ZEUSUSDT model trained. Accuracy: 0.67
2025-10-28 14:30:30,586 - INFO - [upgradebot.py:473] - [PREDICTION] ZEUSUSDT: HOLD at $0.13470
2025-10-28 14:30:32,740 - INFO - [upgradebot.py:304] - No active position found for ZEUSUSDT.
2025-10-28 14:30:32,742 - INFO - [upgradebot.py:546] - ML predicts HOLD for ZEUSUSDT. No action taken.
2025-10-28 14:30:33,743 - INFO - [upgradebot.py:431] - --- Checking ZILUSDT (Price: $0.0080) ---
2025-10-28 14:30:35,888 - INFO - [upgradebot.py:455] - Balance $9.0367 meets minimum value $7.5096 for ZILUSDT. Proceeding with analysis.
2025-10-28 14:30:35,889 - INFO - [upgradebot.py:262] - Fetching 90 days of 240-min data for ZILUSDT...
2025-10-28 14:30:38,203 - INFO - [upgradebot.py:348] - ZILUSDT model trained. Accuracy: 0.79
2025-10-28 14:30:38,213 - INFO - [upgradebot.py:473] - [PREDICTION] ZILUSDT: SELL at $0.011330
2025-10-28 14:30:40,416 - INFO - [upgradebot.py:304] - No active position found for ZILUSDT.
2025-10-28 14:30:40,418 - INFO - [upgradebot.py:523] - SELL signal for ZILUSDT. Considering SHORT entry.
2025-10-28 14:30:40,419 - INFO - [upgradebot.py:535] - Calculated SHORT Intent: Qty~717.831421, Entry~$0.011353, TP~$0.010785, SL~$0.011580
2025-10-28 14:30:40,419 - INFO - [upgradebot.py:537] - Placing SHORT Bracket Order...
2025-10-28 14:30:40,419 - ERROR - [upgradebot.py:386] - Final qty 710.0 < minimum 942.0. Cannot place entry.
2025-10-28 14:30:40,420 - ERROR - [upgradebot.py:543] - SHORT Entry order failed for ZILUSDT. TP/SL not placed.
2025-10-28 14:30:41,420 - INFO - [upgradebot.py:431] - --- Checking ZKUSDT (Price: $0.0328) ---
2025-10-28 14:30:43,633 - INFO - [upgradebot.py:455] - Balance $9.0367 meets minimum value $7.4961 for ZKUSDT. Proceeding with analysis.
2025-10-28 14:30:43,633 - INFO - [upgradebot.py:262] - Fetching 90 days of 240-min data for ZKUSDT...
2025-10-28 14:30:46,178 - INFO - [upgradebot.py:348] - ZKUSDT model trained. Accuracy: 0.74
2025-10-28 14:30:46,191 - INFO - [upgradebot.py:473] - [PREDICTION] ZKUSDT: BUY at $0.05775
2025-10-28 14:30:48,570 - INFO - [upgradebot.py:304] - No active position found for ZKUSDT.
2025-10-28 14:30:48,573 - INFO - [upgradebot.py:501] - Calculated LONG Intent: Qty~140.831688, Entry~$0.05763, TP~$0.06052, SL~$0.05648
2025-10-28 14:30:48,573 - INFO - [upgradebot.py:503] - Placing LONG Bracket Order...
2025-10-28 14:30:48,573 - ERROR - [upgradebot.py:386] - Final qty 140.8 < minimum 228.4. Cannot place entry.
2025-10-28 14:30:48,574 - ERROR - [upgradebot.py:509] - LONG Entry order failed for ZKUSDT. TP/SL not placed.
2025-10-28 14:30:49,574 - INFO - [upgradebot.py:431] - --- Checking ZKCUSDT (Price: $0.2435) ---
2025-10-28 14:30:51,769 - INFO - [upgradebot.py:455] - Balance $9.0367 meets minimum value $7.4998 for ZKCUSDT. Proceeding with analysis.
2025-10-28 14:30:51,770 - INFO - [upgradebot.py:262] - Fetching 90 days of 240-min data for ZKCUSDT...
2025-10-28 14:30:54,584 - INFO - [upgradebot.py:348] - ZKCUSDT model trained. Accuracy: 0.81
2025-10-28 14:30:54,597 - INFO - [upgradebot.py:473] - [PREDICTION] ZKCUSDT: HOLD at $0.8952
2025-10-28 14:30:57,007 - INFO - [upgradebot.py:304] - No active position found for ZKCUSDT.
2025-10-28 14:30:57,009 - INFO - [upgradebot.py:546] - ML predicts HOLD for ZKCUSDT. No action taken.
2025-10-28 14:30:58,015 - INFO - [upgradebot.py:431] - --- Checking ZORAUSDT (Price: $0.0848) ---
2025-10-28 14:31:00,458 - INFO - [upgradebot.py:455] - Balance $9.0367 meets minimum value $7.5485 for ZORAUSDT. Proceeding with analysis.
2025-10-28 14:31:00,458 - INFO - [upgradebot.py:262] - Fetching 90 days of 240-min data for ZORAUSDT...
2025-10-28 14:31:03,160 - INFO - [upgradebot.py:348] - ZORAUSDT model trained. Accuracy: 0.86
2025-10-28 14:31:03,174 - INFO - [upgradebot.py:473] - [PREDICTION] ZORAUSDT: HOLD at $0.074398
2025-10-28 14:31:05,956 - INFO - [upgradebot.py:304] - No active position found for ZORAUSDT.
2025-10-28 14:31:05,959 - INFO - [upgradebot.py:546] - ML predicts HOLD for ZORAUSDT. No action taken.
2025-10-28 14:31:06,960 - INFO - [upgradebot.py:431] - --- Checking ZRCUSDT (Price: $0.0160) ---
2025-10-28 14:31:09,640 - INFO - [upgradebot.py:455] - Balance $9.0367 meets minimum value $7.5020 for ZRCUSDT. Proceeding with analysis.
2025-10-28 14:31:09,640 - INFO - [upgradebot.py:262] - Fetching 90 days of 240-min data for ZRCUSDT...
2025-10-28 14:31:12,930 - INFO - [upgradebot.py:348] - ZRCUSDT model trained. Accuracy: 0.86
2025-10-28 14:31:12,957 - INFO - [upgradebot.py:473] - [PREDICTION] ZRCUSDT: HOLD at $0.02519
2025-10-28 14:31:16,058 - INFO - [upgradebot.py:304] - No active position found for ZRCUSDT.
2025-10-28 14:31:16,061 - INFO - [upgradebot.py:546] - ML predicts HOLD for ZRCUSDT. No action taken.
2025-10-28 14:31:17,062 - INFO - [upgradebot.py:431] - --- Checking ZROUSDT (Price: $1.6952) ---
2025-10-28 14:31:19,762 - INFO - [upgradebot.py:455] - Balance $9.0367 meets minimum value $7.6284 for ZROUSDT. Proceeding with analysis.
2025-10-28 14:31:19,763 - INFO - [upgradebot.py:262] - Fetching 90 days of 240-min data for ZROUSDT...
2025-10-28 14:31:23,407 - INFO - [upgradebot.py:348] - ZROUSDT model trained. Accuracy: 0.83
2025-10-28 14:31:23,425 - INFO - [upgradebot.py:473] - [PREDICTION] ZROUSDT: BUY at $1.8999
2025-10-28 14:31:27,239 - INFO - [upgradebot.py:304] - No active position found for ZROUSDT.
2025-10-28 14:31:27,242 - INFO - [upgradebot.py:501] - Calculated LONG Intent: Qty~4.280767, Entry~$1.8961, TP~$1.9909, SL~$1.8582
2025-10-28 14:31:27,243 - INFO - [upgradebot.py:503] - Placing LONG Bracket Order...
2025-10-28 14:31:27,244 - ERROR - [upgradebot.py:386] - Final qty 4.2 < minimum 4.5. Cannot place entry.
2025-10-28 14:31:27,245 - ERROR - [upgradebot.py:509] - LONG Entry order failed for ZROUSDT. TP/SL not placed.
2025-10-28 14:31:28,246 - INFO - [upgradebot.py:431] - --- Checking ZRXUSDT (Price: $0.1962) ---
2025-10-28 14:31:31,838 - INFO - [upgradebot.py:455] - Balance $9.0367 meets minimum value $7.6518 for ZRXUSDT. Proceeding with analysis.
2025-10-28 14:31:31,839 - INFO - [upgradebot.py:262] - Fetching 90 days of 240-min data for ZRXUSDT...
2025-10-28 14:31:37,642 - INFO - [upgradebot.py:348] - ZRXUSDT model trained. Accuracy: 0.79
2025-10-28 14:31:37,685 - INFO - [upgradebot.py:473] - [PREDICTION] ZRXUSDT: HOLD at $0.2676
2025-10-28 14:31:41,464 - INFO - [upgradebot.py:304] - No active position found for ZRXUSDT.
2025-10-28 14:31:41,467 - INFO - [upgradebot.py:546] - ML predicts HOLD for ZRXUSDT. No action taken.
2025-10-28 14:31:42,468 - INFO - [upgradebot.py:550] - Analyzed 529 symbols where balance met minimum requirement.
2025-10-28 14:31:42,469 - INFO - [upgradebot.py:551] - [DONE] Bot has completed its run.
2025-10-28 16:06:04,151 - INFO - [upgradebot.py:95] - Logging initialized. Saving to bot_run_futures.log
2025-10-28 16:06:04,152 - INFO - [upgradebot.py:349] - [START] ML Futures Bot v2.12 Initialized.
2025-10-28 16:06:04,153 - INFO - [upgradebot.py:350] - Trade Amount: $8.5000 | TP: 5.0%%, SL: 2.0%% | DRY-RUN: False
2025-10-28 16:06:06,913 - INFO - [upgradebot.py:353] - [INFO] Initial FUTURES (USDT) Balance: $9.0367
2025-10-28 16:06:09,470 - INFO - [upgradebot.py:194] - Fetched 541 active USDT futures pairs.
2025-10-28 16:06:09,477 - INFO - [upgradebot.py:359] - Analyzing 541 symbols...
2025-10-28 16:06:09,478 - INFO - [upgradebot.py:368] - --- Checking 0GUSDT (Price: $1.6115) ---
2025-10-28 16:06:09,479 - INFO - [upgradebot.py:203] - Fetching ALL FUTURES instrument info...
2025-10-28 16:06:12,143 - INFO - [upgradebot.py:221] - Cached info for 541 instruments.
2025-10-28 16:06:14,540 - INFO - [upgradebot.py:398] - Trade Amount $8.5000 >= min value $7.5740. Proceeding.
2025-10-28 16:06:14,541 - INFO - [upgradebot.py:227] - Fetching 90d 240m data for 0GUSDT...
2025-10-28 16:06:17,385 - INFO - [upgradebot.py:286] - 0GUSDT model trained. Acc: 0.66
2025-10-28 16:06:17,405 - INFO - [upgradebot.py:412] - [PREDICTION] 0GUSDT: BUY at $5.3630
2025-10-28 16:06:19,788 - INFO - [upgradebot.py:255] - No active position for 0GUSDT.
2025-10-28 16:06:19,791 - INFO - [upgradebot.py:424] - Calc LONG Intent: Qty~5.274589, Invest=$8.5000, Entry~$5.3523, TP~$5.6199, SL~$5.2452
2025-10-28 16:06:19,792 - INFO - [upgradebot.py:425] - Placing LONG Bracket Order...
2025-10-28 16:06:19,793 - INFO - [upgradebot.py:331] - [ACTION] Submitting LIMIT BUY 0GUSDT (Qty:5.2) @ Px:5.3523
2025-10-28 16:06:22,292 - ERROR - [upgradebot.py:131] - POST Attempt 1 failed: 400 Client Error: Bad Request for url: https://coinswitch.co/trade/api/v2/futures/order
2025-10-28 16:06:25,536 - ERROR - [upgradebot.py:131] - POST Attempt 2 failed: 400 Client Error: Bad Request for url: https://coinswitch.co/trade/api/v2/futures/order
2025-10-28 16:06:28,814 - ERROR - [upgradebot.py:131] - POST Attempt 3 failed: 400 Client Error: Bad Request for url: https://coinswitch.co/trade/api/v2/futures/order
2025-10-28 16:06:30,815 - ERROR - [upgradebot.py:135] - All POST retries failed: https://coinswitch.co/trade/api/v2/futures/order
2025-10-28 16:06:30,819 - ERROR - [upgradebot.py:341] - [TRADE] Submit FAIL 0GUSDT.
2025-10-28 16:06:30,819 - ERROR - [upgradebot.py:431] - LONG Entry failed 0GUSDT. TP/SL not placed.
2025-10-28 16:06:31,820 - INFO - [upgradebot.py:368] - --- Checking 10000ELONUSDT (Price: $0.0008) ---
2025-10-28 16:06:34,294 - INFO - [upgradebot.py:398] - Trade Amount $8.5000 >= min value $7.4942. Proceeding.
2025-10-28 16:06:34,295 - INFO - [upgradebot.py:227] - Fetching 90d 240m data for 10000ELONUSDT...
2025-10-28 16:06:36,851 - INFO - [upgradebot.py:286] - 10000ELONUSDT model trained. Acc: 0.74
2025-10-28 16:06:36,869 - INFO - [upgradebot.py:412] - [PREDICTION] 10000ELONUSDT: SELL at $0.0010100
2025-10-28 16:06:39,418 - INFO - [upgradebot.py:255] - No active position for 10000ELONUSDT.
2025-10-28 16:06:39,422 - INFO - [upgradebot.py:443] - SELL signal 10000ELONUSDT. Considering SHORT entry.
2025-10-28 16:06:39,423 - INFO - [upgradebot.py:446] - Calc SHORT Intent: Qty~10664.993726, Invest=$8.5000, Entry~$0.0010120, TP~$0.0009614, SL~$0.0010323
2025-10-28 16:06:39,423 - INFO - [upgradebot.py:447] - Placing SHORT Bracket Order...
2025-10-28 16:06:39,425 - INFO - [upgradebot.py:331] - [ACTION] Submitting LIMIT SELL 10000ELONUSDT (Qty:10600.0) @ Px:0.001012
2025-10-28 16:06:41,791 - ERROR - [upgradebot.py:131] - POST Attempt 1 failed: 500 Server Error: Internal Server Error for url: https://coinswitch.co/trade/api/v2/futures/order
2025-10-28 16:06:45,355 - ERROR - [upgradebot.py:131] - POST Attempt 2 failed: 500 Server Error: Internal Server Error for url: https://coinswitch.co/trade/api/v2/futures/order
2025-10-28 16:06:49,052 - ERROR - [upgradebot.py:131] - POST Attempt 3 failed: 500 Server Error: Internal Server Error for url: https://coinswitch.co/trade/api/v2/futures/order
2025-10-28 16:06:51,053 - ERROR - [upgradebot.py:135] - All POST retries failed: https://coinswitch.co/trade/api/v2/futures/order
2025-10-28 16:06:51,060 - ERROR - [upgradebot.py:341] - [TRADE] Submit FAIL 10000ELONUSDT.
2025-10-28 16:06:51,061 - ERROR - [upgradebot.py:453] - SHORT Entry failed 10000ELONUSDT. TP/SL not placed.
2025-10-28 16:06:52,061 - INFO - [upgradebot.py:368] - --- Checking 10000QUBICUSDT (Price: $0.0138) ---
2025-10-28 16:06:56,012 - INFO - [upgradebot.py:398] - Trade Amount $8.5000 >= min value $7.5188. Proceeding.
2025-10-28 16:06:56,013 - INFO - [upgradebot.py:227] - Fetching 90d 240m data for 10000QUBICUSDT...
2025-10-28 16:07:00,661 - INFO - [upgradebot.py:286] - 10000QUBICUSDT model trained. Acc: 0.86
2025-10-28 16:07:00,694 - INFO - [upgradebot.py:412] - [PREDICTION] 10000QUBICUSDT: SELL at $0.020738
2025-10-28 16:07:05,105 - INFO - [upgradebot.py:255] - No active position for 10000QUBICUSDT.
2025-10-28 16:07:05,108 - INFO - [upgradebot.py:443] - SELL signal 10000QUBICUSDT. Considering SHORT entry.
2025-10-28 16:07:05,109 - INFO - [upgradebot.py:446] - Calc SHORT Intent: Qty~616.120615, Invest=$8.5000, Entry~$0.020779, TP~$0.019741, SL~$0.021195
2025-10-28 16:07:05,109 - INFO - [upgradebot.py:447] - Placing SHORT Bracket Order...
2025-10-28 16:07:05,110 - INFO - [upgradebot.py:331] - [ACTION] Submitting LIMIT SELL 10000QUBICUSDT (Qty:610.0) @ Px:0.020779
2025-10-28 16:07:09,030 - ERROR - [upgradebot.py:131] - POST Attempt 1 failed: 500 Server Error: Internal Server Error for url: https://coinswitch.co/trade/api/v2/futures/order
2025-10-28 16:07:13,047 - ERROR - [upgradebot.py:131] - POST Attempt 2 failed: 500 Server Error: Internal Server Error for url: https://coinswitch.co/trade/api/v2/futures/order
2025-10-28 16:07:16,947 - ERROR - [upgradebot.py:131] - POST Attempt 3 failed: 500 Server Error: Internal Server Error for url: https://coinswitch.co/trade/api/v2/futures/order
2025-10-28 16:07:18,949 - ERROR - [upgradebot.py:135] - All POST retries failed: https://coinswitch.co/trade/api/v2/futures/order
2025-10-28 16:07:18,955 - ERROR - [upgradebot.py:341] - [TRADE] Submit FAIL 10000QUBICUSDT.
2025-10-28 16:07:18,957 - ERROR - [upgradebot.py:453] - SHORT Entry failed 10000QUBICUSDT. TP/SL not placed.
2025-10-28 16:07:19,958 - INFO - [upgradebot.py:368] - --- Checking 10000SATSUSDT (Price: $0.0002) ---
2025-10-28 16:07:24,329 - INFO - [upgradebot.py:398] - Trade Amount $8.5000 >= min value $7.4971. Proceeding.
2025-10-28 16:07:24,330 - INFO - [upgradebot.py:227] - Fetching 90d 240m data for 10000SATSUSDT...
2025-10-28 16:07:30,284 - INFO - [upgradebot.py:286] - 10000SATSUSDT model trained. Acc: 0.85
2025-10-28 16:07:30,305 - INFO - [upgradebot.py:412] - [PREDICTION] 10000SATSUSDT: SELL at $0.0004003
2025-10-28 16:07:34,307 - INFO - [upgradebot.py:255] - No active position for 10000SATSUSDT.
2025-10-28 16:07:34,313 - INFO - [upgradebot.py:443] - SELL signal 10000SATSUSDT. Considering SHORT entry.
2025-10-28 16:07:34,315 - INFO - [upgradebot.py:446] - Calc SHORT Intent: Qty~34623.217923, Invest=$8.5000, Entry~$0.0004011, TP~$0.0003810, SL~$0.0004091
2025-10-28 16:07:34,316 - INFO - [upgradebot.py:447] - Placing SHORT Bracket Order...
2025-10-28 16:07:34,317 - INFO - [upgradebot.py:331] - [ACTION] Submitting LIMIT SELL 10000SATSUSDT (Qty:34600.0) @ Px:0.0004011
2025-10-28 16:07:38,286 - ERROR - [upgradebot.py:131] - POST Attempt 1 failed: 500 Server Error: Internal Server Error for url: https://coinswitch.co/trade/api/v2/futures/order
2025-10-28 16:07:42,783 - ERROR - [upgradebot.py:131] - POST Attempt 2 failed: 500 Server Error: Internal Server Error for url: https://coinswitch.co/trade/api/v2/futures/order
2025-10-28 16:07:47,386 - ERROR - [upgradebot.py:131] - POST Attempt 3 failed: 500 Server Error: Internal Server Error for url: https://coinswitch.co/trade/api/v2/futures/order
2025-10-28 16:07:49,388 - ERROR - [upgradebot.py:135] - All POST retries failed: https://coinswitch.co/trade/api/v2/futures/order
2025-10-28 16:07:49,396 - ERROR - [upgradebot.py:341] - [TRADE] Submit FAIL 10000SATSUSDT.
2025-10-28 16:07:49,397 - ERROR - [upgradebot.py:453] - SHORT Entry failed 10000SATSUSDT. TP/SL not placed.
2025-10-28 16:07:50,399 - INFO - [upgradebot.py:368] - --- Checking 1000BONKUSDT (Price: $0.0148) ---
2025-10-28 16:07:54,974 - INFO - [upgradebot.py:398] - Trade Amount $8.5000 >= min value $7.5123. Proceeding.
2025-10-28 16:07:54,976 - INFO - [upgradebot.py:227] - Fetching 90d 240m data for 1000BONKUSDT...
2025-10-28 16:08:00,275 - INFO - [upgradebot.py:286] - 1000BONKUSDT model trained. Acc: 0.86
2025-10-28 16:08:00,320 - INFO - [upgradebot.py:412] - [PREDICTION] 1000BONKUSDT: SELL at $0.0230380
2025-10-28 16:08:04,029 - INFO - [upgradebot.py:255] - No active position for 1000BONKUSDT.
2025-10-28 16:08:04,032 - INFO - [upgradebot.py:443] - SELL signal 1000BONKUSDT. Considering SHORT entry.
2025-10-28 16:08:04,032 - INFO - [upgradebot.py:446] - Calc SHORT Intent: Qty~574.790371, Invest=$8.5000, Entry~$0.0230841, TP~$0.0219299, SL~$0.0235458
2025-10-28 16:08:04,033 - INFO - [upgradebot.py:447] - Placing SHORT Bracket Order...
2025-10-28 16:08:04,033 - ERROR - [upgradebot.py:325] - Final qty 500.0 < min 508.0. Cannot place.
2025-10-28 16:08:04,034 - ERROR - [upgradebot.py:453] - SHORT Entry failed 1000BONKUSDT. TP/SL not placed.
2025-10-28 16:08:05,035 - INFO - [upgradebot.py:368] - --- Checking 1000BTTUSDT (Price: $0.0005) ---
2025-10-28 16:08:09,434 - INFO - [upgradebot.py:398] - Trade Amount $8.5000 >= min value $7.5002. Proceeding.
2025-10-28 16:08:09,435 - INFO - [upgradebot.py:227] - Fetching 90d 240m data for 1000BTTUSDT...
2025-10-28 16:08:14,300 - INFO - [upgradebot.py:286] - 1000BTTUSDT model trained. Acc: 0.74
2025-10-28 16:08:14,319 - INFO - [upgradebot.py:412] - [PREDICTION] 1000BTTUSDT: HOLD at $0.0006351
2025-10-28 16:08:18,728 - INFO - [upgradebot.py:255] - No active position for 1000BTTUSDT.
2025-10-28 16:08:18,735 - INFO - [upgradebot.py:456] - ML predicts HOLD for 1000BTTUSDT. No action.
2025-10-28 16:08:19,736 - INFO - [upgradebot.py:368] - --- Checking 1000CATUSDT (Price: $0.0055) ---
2025-10-28 16:08:24,343 - INFO - [upgradebot.py:398] - Trade Amount $8.5000 >= min value $7.4953. Proceeding.
2025-10-28 16:08:24,344 - INFO - [upgradebot.py:227] - Fetching 90d 240m data for 1000CATUSDT...
2025-10-28 16:08:30,374 - INFO - [upgradebot.py:286] - 1000CATUSDT model trained. Acc: 0.76
2025-10-28 16:08:30,424 - INFO - [upgradebot.py:412] - [PREDICTION] 1000CATUSDT: SELL at $0.007633
2025-10-28 16:08:34,732 - INFO - [upgradebot.py:255] - No active position for 1000CATUSDT.
2025-10-28 16:08:34,741 - INFO - [upgradebot.py:443] - SELL signal 1000CATUSDT. Considering SHORT entry.
2025-10-28 16:08:34,742 - INFO - [upgradebot.py:446] - Calc SHORT Intent: Qty~1553.646500, Invest=$8.5000, Entry~$0.007648, TP~$0.007266, SL~$0.007801
2025-10-28 16:08:34,743 - INFO - [upgradebot.py:447] - Placing SHORT Bracket Order...
2025-10-28 16:08:34,745 - INFO - [upgradebot.py:331] - [ACTION] Submitting LIMIT SELL 1000CATUSDT (Qty:1553.0) @ Px:0.007648
2025-10-28 16:08:38,355 - ERROR - [upgradebot.py:131] - POST Attempt 1 failed: 500 Server Error: Internal Server Error for url: https://coinswitch.co/trade/api/v2/futures/order
2025-10-28 16:08:42,655 - ERROR - [upgradebot.py:131] - POST Attempt 2 failed: 500 Server Error: Internal Server Error for url: https://coinswitch.co/trade/api/v2/futures/order
2025-10-28 16:08:47,171 - ERROR - [upgradebot.py:131] - POST Attempt 3 failed: 500 Server Error: Internal Server Error for url: https://coinswitch.co/trade/api/v2/futures/order
2025-10-28 16:08:49,173 - ERROR - [upgradebot.py:135] - All POST retries failed: https://coinswitch.co/trade/api/v2/futures/order
2025-10-28 16:08:49,181 - ERROR - [upgradebot.py:341] - [TRADE] Submit FAIL 1000CATUSDT.
2025-10-28 16:08:49,182 - ERROR - [upgradebot.py:453] - SHORT Entry failed 1000CATUSDT. TP/SL not placed.
2025-10-28 16:08:50,184 - INFO - [upgradebot.py:368] - --- Checking 1000FLOKIUSDT (Price: $0.0723) ---
2025-10-28 16:08:53,798 - INFO - [upgradebot.py:398] - Trade Amount $8.5000 >= min value $7.5182. Proceeding.
2025-10-28 16:08:53,799 - INFO - [upgradebot.py:227] - Fetching 90d 240m data for 1000FLOKIUSDT...
2025-10-28 16:08:58,655 - INFO - [upgradebot.py:286] - 1000FLOKIUSDT model trained. Acc: 0.79
2025-10-28 16:08:58,682 - INFO - [upgradebot.py:412] - [PREDICTION] 1000FLOKIUSDT: SELL at $0.09459
2025-10-28 16:09:02,731 - INFO - [upgradebot.py:255] - No active position for 1000FLOKIUSDT.
2025-10-28 16:09:02,739 - INFO - [upgradebot.py:443] - SELL signal 1000FLOKIUSDT. Considering SHORT entry.
2025-10-28 16:09:02,740 - INFO - [upgradebot.py:446] - Calc SHORT Intent: Qty~117.581962, Invest=$8.5000, Entry~$0.09478, TP~$0.09004, SL~$0.09667
2025-10-28 16:09:02,741 - INFO - [upgradebot.py:447] - Placing SHORT Bracket Order...
2025-10-28 16:09:02,744 - INFO - [upgradebot.py:331] - [ACTION] Submitting LIMIT SELL 1000FLOKIUSDT (Qty:117.0) @ Px:0.09478
2025-10-28 16:09:07,182 - ERROR - [upgradebot.py:131] - POST Attempt 1 failed: 500 Server Error: Internal Server Error for url: https://coinswitch.co/trade/api/v2/futures/order
2025-10-28 16:09:11,265 - ERROR - [upgradebot.py:131] - POST Attempt 2 failed: 500 Server Error: Internal Server Error for url: https://coinswitch.co/trade/api/v2/futures/order
2025-10-28 16:09:14,831 - ERROR - [upgradebot.py:131] - POST Attempt 3 failed: 500 Server Error: Internal Server Error for url: https://coinswitch.co/trade/api/v2/futures/order
2025-10-28 16:09:16,834 - ERROR - [upgradebot.py:135] - All POST retries failed: https://coinswitch.co/trade/api/v2/futures/order
2025-10-28 16:09:16,841 - ERROR - [upgradebot.py:341] - [TRADE] Submit FAIL 1000FLOKIUSDT.
2025-10-28 16:09:16,842 - ERROR - [upgradebot.py:453] - SHORT Entry failed 1000FLOKIUSDT. TP/SL not placed.
2025-10-28 16:09:17,844 - INFO - [upgradebot.py:368] - --- Checking 1000LUNCUSDT (Price: $0.0454) ---
2025-10-28 16:09:22,006 - INFO - [upgradebot.py:398] - Trade Amount $8.5000 >= min value $7.5298. Proceeding.
2025-10-28 16:09:22,007 - INFO - [upgradebot.py:227] - Fetching 90d 240m data for 1000LUNCUSDT...
2025-10-28 16:09:27,351 - INFO - [upgradebot.py:286] - 1000LUNCUSDT model trained. Acc: 0.79
2025-10-28 16:09:27,389 - INFO - [upgradebot.py:412] - [PREDICTION] 1000LUNCUSDT: HOLD at $0.05904
2025-10-28 16:09:31,809 - INFO - [upgradebot.py:255] - No active position for 1000LUNCUSDT.
2025-10-28 16:09:31,813 - INFO - [upgradebot.py:456] - ML predicts HOLD for 1000LUNCUSDT. No action.
2025-10-28 16:09:32,814 - INFO - [upgradebot.py:368] - --- Checking 1000NEIROCTOUSDT (Price: $0.1981) ---
2025-10-28 16:09:35,807 - INFO - [upgradebot.py:398] - Trade Amount $8.5000 >= min value $7.5278. Proceeding.
2025-10-28 16:09:35,808 - INFO - [upgradebot.py:227] - Fetching 90d 240m data for 1000NEIROCTOUSDT...
2025-10-28 16:09:39,145 - INFO - [upgradebot.py:286] - 1000NEIROCTOUSDT model trained. Acc: 0.83
2025-10-28 16:09:39,165 - INFO - [upgradebot.py:412] - [PREDICTION] 1000NEIROCTOUSDT: SELL at $0.34760
2025-10-28 16:09:43,197 - INFO - [upgradebot.py:255] - No active position for 1000NEIROCTOUSDT.
2025-10-28 16:09:43,201 - INFO - [upgradebot.py:443] - SELL signal 1000NEIROCTOUSDT. Considering SHORT entry.
2025-10-28 16:09:43,202 - INFO - [upgradebot.py:446] - Calc SHORT Intent: Qty~42.907622, Invest=$8.5000, Entry~$0.34830, TP~$0.33088, SL~$0.35526
2025-10-28 16:09:43,203 - INFO - [upgradebot.py:447] - Placing SHORT Bracket Order...
2025-10-28 16:09:43,204 - INFO - [upgradebot.py:331] - [ACTION] Submitting LIMIT SELL 1000NEIROCTOUSDT (Qty:42.0) @ Px:0.3483
2025-10-28 16:09:46,491 - ERROR - [upgradebot.py:131] - POST Attempt 1 failed: 500 Server Error: Internal Server Error for url: https://coinswitch.co/trade/api/v2/futures/order
2025-10-28 16:09:50,082 - ERROR - [upgradebot.py:131] - POST Attempt 2 failed: 500 Server Error: Internal Server Error for url: https://coinswitch.co/trade/api/v2/futures/order
2025-10-28 16:09:53,696 - ERROR - [upgradebot.py:131] - POST Attempt 3 failed: 500 Server Error: Internal Server Error for url: https://coinswitch.co/trade/api/v2/futures/order
2025-10-28 16:09:55,698 - ERROR - [upgradebot.py:135] - All POST retries failed: https://coinswitch.co/trade/api/v2/futures/order
2025-10-28 16:09:55,704 - ERROR - [upgradebot.py:341] - [TRADE] Submit FAIL 1000NEIROCTOUSDT.
2025-10-28 16:09:55,705 - ERROR - [upgradebot.py:453] - SHORT Entry failed 1000NEIROCTOUSDT. TP/SL not placed.
2025-10-28 16:09:56,706 - INFO - [upgradebot.py:368] - --- Checking 1000PEPEUSDT (Price: $0.0072) ---
2025-10-28 16:09:59,879 - INFO - [upgradebot.py:398] - Trade Amount $8.5000 >= min value $7.5047. Proceeding.
2025-10-28 16:09:59,884 - INFO - [upgradebot.py:227] - Fetching 90d 240m data for 1000PEPEUSDT...
2025-10-28 16:10:02,860 - INFO - [upgradebot.py:286] - 1000PEPEUSDT model trained. Acc: 0.76
2025-10-28 16:10:02,873 - INFO - [upgradebot.py:412] - [PREDICTION] 1000PEPEUSDT: SELL at $0.0108930
2025-10-28 16:10:05,418 - INFO - [upgradebot.py:255] - No active position for 1000PEPEUSDT.
2025-10-28 16:10:05,420 - INFO - [upgradebot.py:443] - SELL signal 1000PEPEUSDT. Considering SHORT entry.
2025-10-28 16:10:05,421 - INFO - [upgradebot.py:446] - Calc SHORT Intent: Qty~1186.985058, Invest=$8.5000, Entry~$0.0109148, TP~$0.0103690, SL~$0.0111331
2025-10-28 16:10:05,421 - INFO - [upgradebot.py:447] - Placing SHORT Bracket Order...
2025-10-28 16:10:05,422 - INFO - [upgradebot.py:331] - [ACTION] Submitting LIMIT SELL 1000PEPEUSDT (Qty:1100.0) @ Px:0.0109148
2025-10-28 16:10:08,345 - ERROR - [upgradebot.py:131] - POST Attempt 1 failed: 500 Server Error: Internal Server Error for url: https://coinswitch.co/trade/api/v2/futures/order
2025-10-28 16:10:11,527 - ERROR - [upgradebot.py:131] - POST Attempt 2 failed: 500 Server Error: Internal Server Error for url: https://coinswitch.co/trade/api/v2/futures/order
2025-10-28 16:10:15,257 - ERROR - [upgradebot.py:131] - POST Attempt 3 failed: 500 Server Error: Internal Server Error for url: https://coinswitch.co/trade/api/v2/futures/order
2025-10-28 16:10:17,258 - ERROR - [upgradebot.py:135] - All POST retries failed: https://coinswitch.co/trade/api/v2/futures/order
2025-10-28 16:10:17,265 - ERROR - [upgradebot.py:341] - [TRADE] Submit FAIL 1000PEPEUSDT.
2025-10-28 16:10:17,265 - ERROR - [upgradebot.py:453] - SHORT Entry failed 1000PEPEUSDT. TP/SL not placed.
2025-10-28 16:10:18,268 - INFO - [upgradebot.py:368] - --- Checking 1000RATSUSDT (Price: $0.0326) ---
2025-10-28 16:10:21,260 - INFO - [upgradebot.py:398] - Trade Amount $8.5000 >= min value $7.5191. Proceeding.
2025-10-28 16:10:21,260 - INFO - [upgradebot.py:227] - Fetching 90d 240m data for 1000RATSUSDT...
2025-10-28 16:10:24,828 - INFO - [upgradebot.py:286] - 1000RATSUSDT model trained. Acc: 0.76
2025-10-28 16:10:24,844 - INFO - [upgradebot.py:412] - [PREDICTION] 1000RATSUSDT: BUY at $0.02162
2025-10-28 16:10:28,176 - INFO - [upgradebot.py:255] - No active position for 1000RATSUSDT.
2025-10-28 16:10:28,188 - INFO - [upgradebot.py:424] - Calc LONG Intent: Qty~261.136713, Invest=$8.5000, Entry~$0.02158, TP~$0.02266, SL~$0.02115
2025-10-28 16:10:28,189 - INFO - [upgradebot.py:425] - Placing LONG Bracket Order...
2025-10-28 16:10:28,191 - INFO - [upgradebot.py:331] - [ACTION] Submitting LIMIT BUY 1000RATSUSDT (Qty:260.0) @ Px:0.02158
2025-10-28 16:10:31,427 - ERROR - [upgradebot.py:131] - POST Attempt 1 failed: 500 Server Error: Internal Server Error for url: https://coinswitch.co/trade/api/v2/futures/order
2025-10-28 16:10:35,016 - ERROR - [upgradebot.py:131] - POST Attempt 2 failed: 500 Server Error: Internal Server Error for url: https://coinswitch.co/trade/api/v2/futures/order
2025-10-28 16:10:38,518 - ERROR - [upgradebot.py:131] - POST Attempt 3 failed: 500 Server Error: Internal Server Error for url: https://coinswitch.co/trade/api/v2/futures/order
2025-10-28 16:10:40,520 - ERROR - [upgradebot.py:135] - All POST retries failed: https://coinswitch.co/trade/api/v2/futures/order
2025-10-28 16:10:40,531 - ERROR - [upgradebot.py:341] - [TRADE] Submit FAIL 1000RATSUSDT.
2025-10-28 16:10:40,532 - ERROR - [upgradebot.py:431] - LONG Entry failed 1000RATSUSDT. TP/SL not placed.
2025-10-28 16:10:41,534 - INFO - [upgradebot.py:368] - --- Checking 1000TAGUSDT (Price: $0.4611) ---
2025-10-28 16:10:44,549 - INFO - [upgradebot.py:398] - Trade Amount $8.5000 >= min value $7.8387. Proceeding.
2025-10-28 16:10:44,550 - INFO - [upgradebot.py:227] - Fetching 90d 240m data for 1000TAGUSDT...
2025-10-28 16:10:48,040 - INFO - [upgradebot.py:286] - 1000TAGUSDT model trained. Acc: 0.81
2025-10-28 16:10:48,075 - INFO - [upgradebot.py:412] - [PREDICTION] 1000TAGUSDT: HOLD at $0.6441
2025-10-28 16:10:51,081 - INFO - [upgradebot.py:255] - No active position for 1000TAGUSDT.
2025-10-28 16:10:51,087 - INFO - [upgradebot.py:456] - ML predicts HOLD for 1000TAGUSDT. No action.
2025-10-28 16:10:52,089 - INFO - [upgradebot.py:368] - --- Checking 1000TOSHIUSDT (Price: $0.7876) ---
2025-10-28 16:10:55,199 - INFO - [upgradebot.py:398] - Trade Amount $8.5000 >= min value $7.8760. Proceeding.
2025-10-28 16:10:55,199 - INFO - [upgradebot.py:227] - Fetching 90d 240m data for 1000TOSHIUSDT...
2025-10-28 16:10:59,103 - INFO - [upgradebot.py:286] - 1000TOSHIUSDT model trained. Acc: 0.74
2025-10-28 16:10:59,132 - INFO - [upgradebot.py:412] - [PREDICTION] 1000TOSHIUSDT: HOLD at $0.5936
2025-10-28 16:11:02,349 - INFO - [upgradebot.py:255] - No active position for 1000TOSHIUSDT.
2025-10-28 16:11:02,353 - INFO - [upgradebot.py:456] - ML predicts HOLD for 1000TOSHIUSDT. No action.
2025-10-28 16:11:03,354 - INFO - [upgradebot.py:368] - --- Checking 1000TURBOUSDT (Price: $2.4460) ---
2025-10-28 16:11:06,718 - INFO - [upgradebot.py:395] - Skipping 1000TURBOUSDT. Trade Amount $8.5000 < min value $9.7840.
2025-10-28 16:11:07,219 - INFO - [upgradebot.py:368] - --- Checking 1000XUSDT (Price: $0.0336) ---
2025-10-28 16:11:10,354 - INFO - [upgradebot.py:398] - Trade Amount $8.5000 >= min value $7.5197. Proceeding.
2025-10-28 16:11:10,354 - INFO - [upgradebot.py:227] - Fetching 90d 240m data for 1000XUSDT...
2025-10-28 16:11:13,744 - INFO - [upgradebot.py:286] - 1000XUSDT model trained. Acc: 0.83
2025-10-28 16:11:13,764 - INFO - [upgradebot.py:412] - [PREDICTION] 1000XUSDT: HOLD at $0.04961
2025-10-28 16:11:16,926 - INFO - [upgradebot.py:255] - No active position for 1000XUSDT.
2025-10-28 16:11:16,931 - INFO - [upgradebot.py:456] - ML predicts HOLD for 1000XUSDT. No action.
2025-10-28 16:11:17,932 - INFO - [upgradebot.py:368] - --- Checking 1000XECUSDT (Price: $0.0150) ---
2025-10-28 16:11:21,023 - INFO - [upgradebot.py:398] - Trade Amount $8.5000 >= min value $7.5050. Proceeding.
2025-10-28 16:11:21,024 - INFO - [upgradebot.py:227] - Fetching 90d 240m data for 1000XECUSDT...
2025-10-28 16:11:24,883 - INFO - [upgradebot.py:286] - 1000XECUSDT model trained. Acc: 0.76
2025-10-28 16:11:24,901 - INFO - [upgradebot.py:412] - [PREDICTION] 1000XECUSDT: HOLD at $0.01989
2025-10-28 16:11:28,097 - INFO - [upgradebot.py:255] - No active position for 1000XECUSDT.
2025-10-28 16:11:28,102 - INFO - [upgradebot.py:456] - ML predicts HOLD for 1000XECUSDT. No action.
2025-10-28 16:11:29,104 - INFO - [upgradebot.py:368] - --- Checking 1INCHUSDT (Price: $0.1790) ---
2025-10-28 16:11:32,743 - INFO - [upgradebot.py:398] - Trade Amount $8.5000 >= min value $7.5001. Proceeding.
2025-10-28 16:11:32,744 - INFO - [upgradebot.py:227] - Fetching 90d 240m data for 1INCHUSDT...
2025-10-28 16:11:37,678 - INFO - [upgradebot.py:286] - 1INCHUSDT model trained. Acc: 0.74
2025-10-28 16:11:37,709 - INFO - [upgradebot.py:412] - [PREDICTION] 1INCHUSDT: HOLD at $0.2552
2025-10-28 16:11:41,196 - INFO - [upgradebot.py:255] - No active position for 1INCHUSDT.
2025-10-28 16:11:41,204 - INFO - [upgradebot.py:456] - ML predicts HOLD for 1INCHUSDT. No action.
2025-10-28 16:11:42,207 - INFO - [upgradebot.py:368] - --- Checking 2ZUSDT (Price: $0.2265) ---
2025-10-28 16:11:45,378 - INFO - [upgradebot.py:398] - Trade Amount $8.5000 >= min value $7.7010. Proceeding.
2025-10-28 16:11:45,378 - INFO - [upgradebot.py:227] - Fetching 90d 240m data for 2ZUSDT...
2025-10-28 16:11:48,683 - INFO - [upgradebot.py:286] - 2ZUSDT model trained. Acc: 0.78
2025-10-28 16:11:48,710 - INFO - [upgradebot.py:412] - [PREDICTION] 2ZUSDT: BUY at $0.5673
2025-10-28 16:11:52,014 - INFO - [upgradebot.py:255] - No active position for 2ZUSDT.
2025-10-28 16:11:52,019 - INFO - [upgradebot.py:424] - Calc LONG Intent: Qty~37.527594, Invest=$8.5000, Entry~$0.5662, TP~$0.5945, SL~$0.5548
2025-10-28 16:11:52,020 - INFO - [upgradebot.py:425] - Placing LONG Bracket Order...
2025-10-28 16:11:52,021 - INFO - [upgradebot.py:331] - [ACTION] Submitting LIMIT BUY 2ZUSDT (Qty:37.0) @ Px:0.5662
2025-10-28 16:11:55,555 - ERROR - [upgradebot.py:131] - POST Attempt 1 failed: 400 Client Error: Bad Request for url: https://coinswitch.co/trade/api/v2/futures/order
2025-10-28 16:11:59,040 - ERROR - [upgradebot.py:131] - POST Attempt 2 failed: 400 Client Error: Bad Request for url: https://coinswitch.co/trade/api/v2/futures/order
2025-10-28 16:12:02,553 - ERROR - [upgradebot.py:131] - POST Attempt 3 failed: 400 Client Error: Bad Request for url: https://coinswitch.co/trade/api/v2/futures/order
2025-10-28 16:12:04,555 - ERROR - [upgradebot.py:135] - All POST retries failed: https://coinswitch.co/trade/api/v2/futures/order
2025-10-28 16:12:04,559 - ERROR - [upgradebot.py:341] - [TRADE] Submit FAIL 2ZUSDT.
2025-10-28 16:12:04,560 - ERROR - [upgradebot.py:431] - LONG Entry failed 2ZUSDT. TP/SL not placed.
2025-10-28 16:12:05,561 - INFO - [upgradebot.py:368] - --- Checking 4USDT (Price: $0.1142) ---
2025-10-28 16:12:08,650 - INFO - [upgradebot.py:398] - Trade Amount $8.5000 >= min value $7.5372. Proceeding.
2025-10-28 16:12:08,652 - INFO - [upgradebot.py:227] - Fetching 90d 240m data for 4USDT...
2025-10-28 16:12:12,292 - INFO - [upgradebot.py:286] - 4USDT model trained. Acc: 0.62
2025-10-28 16:12:12,311 - INFO - [upgradebot.py:412] - [PREDICTION] 4USDT: SELL at $0.2703
2025-10-28 16:12:15,308 - INFO - [upgradebot.py:255] - No active position for 4USDT.
2025-10-28 16:12:15,312 - INFO - [upgradebot.py:443] - SELL signal 4USDT. Considering SHORT entry.
2025-10-28 16:12:15,313 - INFO - [upgradebot.py:446] - Calc SHORT Intent: Qty~74.430823, Invest=$8.5000, Entry~$0.2708, TP~$0.2573, SL~$0.2763
2025-10-28 16:12:15,314 - INFO - [upgradebot.py:447] - Placing SHORT Bracket Order...
2025-10-28 16:12:15,315 - INFO - [upgradebot.py:331] - [ACTION] Submitting LIMIT SELL 4USDT (Qty:74.0) @ Px:0.2708
2025-10-28 16:12:18,217 - ERROR - [upgradebot.py:131] - POST Attempt 1 failed: 500 Server Error: Internal Server Error for url: https://coinswitch.co/trade/api/v2/futures/order
2025-10-28 16:12:21,798 - ERROR - [upgradebot.py:131] - POST Attempt 2 failed: 500 Server Error: Internal Server Error for url: https://coinswitch.co/trade/api/v2/futures/order
2025-10-28 16:12:25,305 - ERROR - [upgradebot.py:131] - POST Attempt 3 failed: 500 Server Error: Internal Server Error for url: https://coinswitch.co/trade/api/v2/futures/order
2025-10-28 16:12:27,306 - ERROR - [upgradebot.py:135] - All POST retries failed: https://coinswitch.co/trade/api/v2/futures/order
2025-10-28 16:12:27,311 - ERROR - [upgradebot.py:341] - [TRADE] Submit FAIL 4USDT.
2025-10-28 16:12:27,311 - ERROR - [upgradebot.py:453] - SHORT Entry failed 4USDT. TP/SL not placed.
2025-10-28 16:12:28,313 - INFO - [upgradebot.py:368] - --- Checking AUSDT (Price: $0.2947) ---
2025-10-28 16:12:31,478 - INFO - [upgradebot.py:398] - Trade Amount $8.5000 >= min value $7.6622. Proceeding.
2025-10-28 16:12:31,479 - INFO - [upgradebot.py:227] - Fetching 90d 240m data for AUSDT...
2025-10-28 16:12:35,154 - INFO - [upgradebot.py:286] - AUSDT model trained. Acc: 0.69
2025-10-28 16:12:35,177 - INFO - [upgradebot.py:412] - [PREDICTION] AUSDT: HOLD at $0.4764
2025-10-28 16:12:38,392 - INFO - [upgradebot.py:255] - No active position for AUSDT.
2025-10-28 16:12:38,397 - INFO - [upgradebot.py:456] - ML predicts HOLD for AUSDT. No action.
2025-10-28 16:12:39,398 - INFO - [upgradebot.py:368] - --- Checking A2ZUSDT (Price: $0.0039) ---
2025-10-28 16:12:42,811 - INFO - [upgradebot.py:398] - Trade Amount $8.5000 >= min value $7.4943. Proceeding.
2025-10-28 16:12:42,812 - INFO - [upgradebot.py:227] - Fetching 90d 240m data for A2ZUSDT...
2025-10-28 16:12:46,823 - INFO - [upgradebot.py:286] - A2ZUSDT model trained. Acc: 0.71
2025-10-28 16:12:46,842 - INFO - [upgradebot.py:412] - [PREDICTION] A2ZUSDT: HOLD at $0.006135
2025-10-28 16:12:50,129 - INFO - [upgradebot.py:255] - No active position for A2ZUSDT.
2025-10-28 16:12:50,134 - INFO - [upgradebot.py:456] - ML predicts HOLD for A2ZUSDT. No action.
2025-10-28 16:12:51,135 - INFO - [upgradebot.py:368] - --- Checking A8USDT (Price: $0.0590) ---
2025-10-28 16:12:54,870 - INFO - [upgradebot.py:398] - Trade Amount $8.5000 >= min value $7.4955. Proceeding.
2025-10-28 16:12:54,871 - INFO - [upgradebot.py:227] - Fetching 90d 240m data for A8USDT...
2025-10-28 16:12:59,139 - INFO - [upgradebot.py:286] - A8USDT model trained. Acc: 0.86
2025-10-28 16:12:59,163 - INFO - [upgradebot.py:412] - [PREDICTION] A8USDT: HOLD at $0.10619
2025-10-28 16:13:03,022 - INFO - [upgradebot.py:255] - No active position for A8USDT.
2025-10-28 16:13:03,028 - INFO - [upgradebot.py:456] - ML predicts HOLD for A8USDT. No action.
2025-10-28 16:13:04,030 - INFO - [upgradebot.py:368] - --- Checking AAVEUSDT (Price: $233.6100) ---
2025-10-28 16:13:08,093 - INFO - [upgradebot.py:395] - Skipping AAVEUSDT. Trade Amount $8.5000 < min value $9.3444.
2025-10-28 16:13:08,594 - INFO - [upgradebot.py:368] - --- Checking ACEUSDT (Price: $0.3034) ---
2025-10-28 16:13:12,090 - INFO - [upgradebot.py:398] - Trade Amount $8.5000 >= min value $7.5243. Proceeding.
2025-10-28 16:13:12,091 - INFO - [upgradebot.py:227] - Fetching 90d 240m data for ACEUSDT...
2025-10-28 16:13:15,666 - INFO - [upgradebot.py:286] - ACEUSDT model trained. Acc: 0.83
2025-10-28 16:13:15,684 - INFO - [upgradebot.py:412] - [PREDICTION] ACEUSDT: HOLD at $0.6097
2025-10-28 16:13:19,007 - INFO - [upgradebot.py:255] - No active position for ACEUSDT.
2025-10-28 16:13:19,011 - INFO - [upgradebot.py:456] - ML predicts HOLD for ACEUSDT. No action.
2025-10-28 16:13:20,012 - INFO - [upgradebot.py:368] - --- Checking ACHUSDT (Price: $0.0130) ---
2025-10-28 16:13:23,139 - INFO - [upgradebot.py:398] - Trade Amount $8.5000 >= min value $7.5114. Proceeding.
2025-10-28 16:13:23,139 - INFO - [upgradebot.py:227] - Fetching 90d 240m data for ACHUSDT...
2025-10-28 16:13:28,338 - INFO - [upgradebot.py:286] - ACHUSDT model trained. Acc: 0.67
2025-10-28 16:13:28,364 - INFO - [upgradebot.py:412] - [PREDICTION] ACHUSDT: HOLD at $0.019543
2025-10-28 16:13:32,584 - INFO - [upgradebot.py:255] - No active position for ACHUSDT.
2025-10-28 16:13:32,590 - INFO - [upgradebot.py:456] - ML predicts HOLD for ACHUSDT. No action.
2025-10-28 16:13:33,592 - INFO - [upgradebot.py:368] - --- Checking ACTUSDT (Price: $0.0229) ---
2025-10-28 16:13:37,634 - INFO - [upgradebot.py:398] - Trade Amount $8.5000 >= min value $7.5209. Proceeding.
2025-10-28 16:13:37,636 - INFO - [upgradebot.py:227] - Fetching 90d 240m data for ACTUSDT...
2025-10-28 16:13:41,760 - INFO - [upgradebot.py:286] - ACTUSDT model trained. Acc: 0.71
2025-10-28 16:13:41,782 - INFO - [upgradebot.py:412] - [PREDICTION] ACTUSDT: BUY at $0.03825
2025-10-28 16:13:45,399 - INFO - [upgradebot.py:255] - No active position for ACTUSDT.
2025-10-28 16:13:45,404 - INFO - [upgradebot.py:424] - Calc LONG Intent: Qty~371.828521, Invest=$8.5000, Entry~$0.03817, TP~$0.04008, SL~$0.03741
2025-10-28 16:13:45,405 - INFO - [upgradebot.py:425] - Placing LONG Bracket Order...
2025-10-28 16:13:45,406 - INFO - [upgradebot.py:331] - [ACTION] Submitting LIMIT BUY ACTUSDT (Qty:371.0) @ Px:0.03817
2025-10-28 16:13:49,223 - ERROR - [upgradebot.py:131] - POST Attempt 1 failed: 400 Client Error: Bad Request for url: https://coinswitch.co/trade/api/v2/futures/order
2025-10-28 16:13:53,272 - ERROR - [upgradebot.py:131] - POST Attempt 2 failed: 400 Client Error: Bad Request for url: https://coinswitch.co/trade/api/v2/futures/order
2025-10-28 16:13:57,668 - ERROR - [upgradebot.py:131] - POST Attempt 3 failed: 400 Client Error: Bad Request for url: https://coinswitch.co/trade/api/v2/futures/order
2025-10-28 16:13:59,670 - ERROR - [upgradebot.py:135] - All POST retries failed: https://coinswitch.co/trade/api/v2/futures/order
2025-10-28 16:13:59,679 - ERROR - [upgradebot.py:341] - [TRADE] Submit FAIL ACTUSDT.
2025-10-28 16:13:59,684 - ERROR - [upgradebot.py:431] - LONG Entry failed ACTUSDT. TP/SL not placed.
2025-10-28 16:14:00,687 - INFO - [upgradebot.py:368] - --- Checking ACXUSDT (Price: $0.0710) ---
2025-10-28 16:14:04,221 - INFO - [upgradebot.py:398] - Trade Amount $8.5000 >= min value $7.5249. Proceeding.
2025-10-28 16:14:04,222 - INFO - [upgradebot.py:227] - Fetching 90d 240m data for ACXUSDT...
2025-10-28 16:14:08,544 - INFO - [upgradebot.py:286] - ACXUSDT model trained. Acc: 0.76
2025-10-28 16:14:08,593 - INFO - [upgradebot.py:412] - [PREDICTION] ACXUSDT: HOLD at $0.14110
2025-10-28 16:14:12,870 - INFO - [upgradebot.py:255] - No active position for ACXUSDT.
2025-10-28 16:14:12,876 - INFO - [upgradebot.py:456] - ML predicts HOLD for ACXUSDT. No action.
2025-10-28 16:14:13,878 - INFO - [upgradebot.py:368] - --- Checking ADAUSDT (Price: $0.6644) ---
2025-10-28 16:14:19,599 - INFO - [upgradebot.py:398] - Trade Amount $8.5000 >= min value $7.9728. Proceeding.
2025-10-28 16:14:19,600 - INFO - [upgradebot.py:227] - Fetching 90d 240m data for ADAUSDT...
2025-10-28 16:14:24,372 - INFO - [upgradebot.py:286] - ADAUSDT model trained. Acc: 0.76
2025-10-28 16:14:24,389 - INFO - [upgradebot.py:412] - [PREDICTION] ADAUSDT: SELL at $0.8590
2025-10-28 16:14:29,543 - INFO - [upgradebot.py:255] - No active position for ADAUSDT.
2025-10-28 16:14:29,546 - INFO - [upgradebot.py:443] - SELL signal ADAUSDT. Considering SHORT entry.
2025-10-28 16:14:29,547 - INFO - [upgradebot.py:446] - Calc SHORT Intent: Qty~12.793498, Invest=$8.5000, Entry~$0.8607, TP~$0.8177, SL~$0.8779
2025-10-28 16:14:29,547 - INFO - [upgradebot.py:447] - Placing SHORT Bracket Order...
2025-10-28 16:14:29,548 - INFO - [upgradebot.py:331] - [ACTION] Submitting LIMIT SELL ADAUSDT (Qty:12.0) @ Px:0.8607
2025-10-28 16:14:32,219 - ERROR - [upgradebot.py:131] - POST Attempt 1 failed: 500 Server Error: Internal Server Error for url: https://coinswitch.co/trade/api/v2/futures/order
2025-10-28 16:14:35,660 - ERROR - [upgradebot.py:131] - POST Attempt 2 failed: 500 Server Error: Internal Server Error for url: https://coinswitch.co/trade/api/v2/futures/order
2025-10-28 16:14:39,245 - ERROR - [upgradebot.py:131] - POST Attempt 3 failed: 500 Server Error: Internal Server Error for url: https://coinswitch.co/trade/api/v2/futures/order
2025-10-28 16:14:41,246 - ERROR - [upgradebot.py:135] - All POST retries failed: https://coinswitch.co/trade/api/v2/futures/order
2025-10-28 16:14:41,250 - ERROR - [upgradebot.py:341] - [TRADE] Submit FAIL ADAUSDT.
2025-10-28 16:14:41,250 - ERROR - [upgradebot.py:453] - SHORT Entry failed ADAUSDT. TP/SL not placed.
2025-10-28 16:14:42,251 - INFO - [upgradebot.py:368] - --- Checking AERGOUSDT (Price: $0.0797) ---
2025-10-28 16:14:45,900 - INFO - [upgradebot.py:398] - Trade Amount $8.5000 >= min value $7.5734. Proceeding.
2025-10-28 16:14:45,901 - INFO - [upgradebot.py:227] - Fetching 90d 240m data for AERGOUSDT...
2025-10-28 16:14:50,772 - INFO - [upgradebot.py:286] - AERGOUSDT model trained. Acc: 0.86
2025-10-28 16:14:50,800 - INFO - [upgradebot.py:412] - [PREDICTION] AERGOUSDT: HOLD at $0.10741
2025-10-28 16:15:02,455 - ERROR - [upgradebot.py:117] - GET Attempt 1 failed: HTTPSConnectionPool(host='coinswitch.co', port=443): Read timed out. (read timeout=10)
2025-10-28 16:15:25,148 - INFO - [upgradebot.py:255] - No active position for AERGOUSDT.
2025-10-28 16:15:25,149 - INFO - [upgradebot.py:456] - ML predicts HOLD for AERGOUSDT. No action.
2025-10-28 16:15:26,151 - INFO - [upgradebot.py:368] - --- Checking AEROUSDT (Price: $0.9082) ---
2025-10-28 16:15:30,410 - INFO - [upgradebot.py:398] - Trade Amount $8.5000 >= min value $8.1738. Proceeding.
2025-10-28 16:15:30,411 - INFO - [upgradebot.py:227] - Fetching 90d 240m data for AEROUSDT...
2025-10-28 16:15:35,253 - INFO - [upgradebot.py:286] - AEROUSDT model trained. Acc: 0.79
2025-10-28 16:15:35,283 - INFO - [upgradebot.py:412] - [PREDICTION] AEROUSDT: SELL at $1.2042
2025-10-28 16:15:38,941 - INFO - [upgradebot.py:255] - No active position for AEROUSDT.
2025-10-28 16:15:38,949 - INFO - [upgradebot.py:443] - SELL signal AEROUSDT. Considering SHORT entry.
2025-10-28 16:15:38,950 - INFO - [upgradebot.py:446] - Calc SHORT Intent: Qty~9.359172, Invest=$8.5000, Entry~$1.2066, TP~$1.1463, SL~$1.2307
2025-10-28 16:15:38,952 - INFO - [upgradebot.py:447] - Placing SHORT Bracket Order...
2025-10-28 16:15:38,954 - INFO - [upgradebot.py:331] - [ACTION] Submitting LIMIT SELL AEROUSDT (Qty:9.0) @ Px:1.2066
2025-10-28 16:15:42,982 - ERROR - [upgradebot.py:131] - POST Attempt 1 failed: 500 Server Error: Internal Server Error for url: https://coinswitch.co/trade/api/v2/futures/order
2025-10-28 16:15:47,109 - ERROR - [upgradebot.py:131] - POST Attempt 2 failed: 500 Server Error: Internal Server Error for url: https://coinswitch.co/trade/api/v2/futures/order
2025-10-28 16:15:50,982 - ERROR - [upgradebot.py:131] - POST Attempt 3 failed: 500 Server Error: Internal Server Error for url: https://coinswitch.co/trade/api/v2/futures/order
2025-10-28 16:15:52,985 - ERROR - [upgradebot.py:135] - All POST retries failed: https://coinswitch.co/trade/api/v2/futures/order
2025-10-28 16:15:52,995 - ERROR - [upgradebot.py:341] - [TRADE] Submit FAIL AEROUSDT.
2025-10-28 16:15:52,996 - ERROR - [upgradebot.py:453] - SHORT Entry failed AEROUSDT. TP/SL not placed.
2025-10-28 16:15:53,998 - INFO - [upgradebot.py:368] - --- Checking AEVOUSDT (Price: $0.0647) ---
2025-10-28 16:15:57,708 - INFO - [upgradebot.py:398] - Trade Amount $8.5000 >= min value $7.4987. Proceeding.
2025-10-28 16:15:57,709 - INFO - [upgradebot.py:227] - Fetching 90d 240m data for AEVOUSDT...
2025-10-28 16:16:02,460 - INFO - [upgradebot.py:286] - AEVOUSDT model trained. Acc: 0.81
2025-10-28 16:16:02,485 - INFO - [upgradebot.py:412] - [PREDICTION] AEVOUSDT: BUY at $0.09470
2025-10-28 16:16:06,683 - INFO - [upgradebot.py:255] - No active position for AEVOUSDT.
2025-10-28 16:16:06,687 - INFO - [upgradebot.py:424] - Calc LONG Intent: Qty~131.375580, Invest=$8.5000, Entry~$0.09451, TP~$0.09924, SL~$0.09262
2025-10-28 16:16:06,687 - INFO - [upgradebot.py:425] - Placing LONG Bracket Order...
2025-10-28 16:16:06,688 - INFO - [upgradebot.py:331] - [ACTION] Submitting LIMIT BUY AEVOUSDT (Qty:131.3) @ Px:0.09451
2025-10-28 16:16:10,385 - ERROR - [upgradebot.py:131] - POST Attempt 1 failed: 400 Client Error: Bad Request for url: https://coinswitch.co/trade/api/v2/futures/order
2025-10-28 16:16:13,924 - ERROR - [upgradebot.py:131] - POST Attempt 2 failed: 400 Client Error: Bad Request for url: https://coinswitch.co/trade/api/v2/futures/order
2025-10-28 16:16:17,746 - ERROR - [upgradebot.py:131] - POST Attempt 3 failed: 400 Client Error: Bad Request for url: https://coinswitch.co/trade/api/v2/futures/order
2025-10-28 16:16:19,747 - ERROR - [upgradebot.py:135] - All POST retries failed: https://coinswitch.co/trade/api/v2/futures/order
2025-10-28 16:16:19,752 - ERROR - [upgradebot.py:341] - [TRADE] Submit FAIL AEVOUSDT.
2025-10-28 16:16:19,753 - ERROR - [upgradebot.py:431] - LONG Entry failed AEVOUSDT. TP/SL not placed.
2025-10-28 16:16:20,755 - INFO - [upgradebot.py:368] - --- Checking AGIUSDT (Price: $0.0295) ---
2025-10-28 16:16:24,699 - INFO - [upgradebot.py:398] - Trade Amount $8.5000 >= min value $7.5057. Proceeding.
2025-10-28 16:16:24,700 - INFO - [upgradebot.py:227] - Fetching 90d 240m data for AGIUSDT...
2025-10-28 16:16:29,142 - INFO - [upgradebot.py:286] - AGIUSDT model trained. Acc: 0.71
2025-10-28 16:16:29,174 - INFO - [upgradebot.py:412] - [PREDICTION] AGIUSDT: HOLD at $0.05048
2025-10-28 16:16:33,533 - INFO - [upgradebot.py:255] - No active position for AGIUSDT.
2025-10-28 16:16:33,538 - INFO - [upgradebot.py:456] - ML predicts HOLD for AGIUSDT. No action.
2025-10-28 16:16:34,540 - INFO - [upgradebot.py:368] - --- Checking AGLDUSDT (Price: $0.4061) ---
2025-10-28 16:16:38,747 - INFO - [upgradebot.py:398] - Trade Amount $8.5000 >= min value $7.5129. Proceeding.
2025-10-28 16:16:38,748 - INFO - [upgradebot.py:227] - Fetching 90d 240m data for AGLDUSDT...
2025-10-28 16:16:43,284 - INFO - [upgradebot.py:286] - AGLDUSDT model trained. Acc: 0.71
2025-10-28 16:16:43,309 - INFO - [upgradebot.py:412] - [PREDICTION] AGLDUSDT: HOLD at $0.6692
2025-10-28 16:16:46,153 - INFO - [upgradebot.py:255] - No active position for AGLDUSDT.
2025-10-28 16:16:46,155 - INFO - [upgradebot.py:456] - ML predicts HOLD for AGLDUSDT. No action.
2025-10-28 16:16:47,156 - INFO - [upgradebot.py:368] - --- Checking AIUSDT (Price: $0.0775) ---
2025-10-28 16:16:50,151 - INFO - [upgradebot.py:398] - Trade Amount $8.5000 >= min value $7.5301. Proceeding.
2025-10-28 16:16:50,152 - INFO - [upgradebot.py:227] - Fetching 90d 240m data for AIUSDT...
2025-10-28 16:16:55,143 - INFO - [upgradebot.py:286] - AIUSDT model trained. Acc: 0.62
2025-10-28 16:16:55,160 - INFO - [upgradebot.py:412] - [PREDICTION] AIUSDT: SELL at $0.13530
2025-10-28 16:16:58,832 - INFO - [upgradebot.py:255] - No active position for AIUSDT.
2025-10-28 16:16:58,841 - INFO - [upgradebot.py:443] - SELL signal AIUSDT. Considering SHORT entry.
2025-10-28 16:16:58,843 - INFO - [upgradebot.py:446] - Calc SHORT Intent: Qty~109.606705, Invest=$8.5000, Entry~$0.13557, TP~$0.12879, SL~$0.13828
2025-10-28 16:16:58,844 - INFO - [upgradebot.py:447] - Placing SHORT Bracket Order...
2025-10-28 16:16:58,846 - INFO - [upgradebot.py:331] - [ACTION] Submitting LIMIT SELL AIUSDT (Qty:109.6) @ Px:0.13557
2025-10-28 16:17:02,367 - ERROR - [upgradebot.py:131] - POST Attempt 1 failed: 500 Server Error: Internal Server Error for url: https://coinswitch.co/trade/api/v2/futures/order
2025-10-28 16:17:06,640 - ERROR - [upgradebot.py:131] - POST Attempt 2 failed: 500 Server Error: Internal Server Error for url: https://coinswitch.co/trade/api/v2/futures/order
2025-10-28 16:17:11,287 - ERROR - [upgradebot.py:131] - POST Attempt 3 failed: 500 Server Error: Internal Server Error for url: https://coinswitch.co/trade/api/v2/futures/order
2025-10-28 16:17:13,289 - ERROR - [upgradebot.py:135] - All POST retries failed: https://coinswitch.co/trade/api/v2/futures/order
2025-10-28 16:17:13,294 - ERROR - [upgradebot.py:341] - [TRADE] Submit FAIL AIUSDT.
2025-10-28 16:17:13,295 - ERROR - [upgradebot.py:453] - SHORT Entry failed AIUSDT. TP/SL not placed.
2025-10-28 16:17:14,296 - INFO - [upgradebot.py:368] - --- Checking AI16ZUSDT (Price: $0.0656) ---
2025-10-28 16:17:19,140 - INFO - [upgradebot.py:398] - Trade Amount $8.5000 >= min value $7.5486. Proceeding.
2025-10-28 16:17:19,142 - INFO - [upgradebot.py:227] - Fetching 90d 240m data for AI16ZUSDT...
2025-10-28 16:17:23,550 - INFO - [upgradebot.py:286] - AI16ZUSDT model trained. Acc: 0.71
2025-10-28 16:17:23,566 - INFO - [upgradebot.py:412] - [PREDICTION] AI16ZUSDT: SELL at $0.11170
2025-10-28 16:17:27,487 - INFO - [upgradebot.py:255] - No active position for AI16ZUSDT.
2025-10-28 16:17:27,492 - INFO - [upgradebot.py:443] - SELL signal AI16ZUSDT. Considering SHORT entry.
2025-10-28 16:17:27,493 - INFO - [upgradebot.py:446] - Calc SHORT Intent: Qty~129.494211, Invest=$8.5000, Entry~$0.11192, TP~$0.10633, SL~$0.11416
2025-10-28 16:17:27,494 - INFO - [upgradebot.py:447] - Placing SHORT Bracket Order...
2025-10-28 16:17:27,495 - INFO - [upgradebot.py:331] - [ACTION] Submitting LIMIT SELL AI16ZUSDT (Qty:129.0) @ Px:0.11192
2025-10-28 16:17:31,280 - ERROR - [upgradebot.py:131] - POST Attempt 1 failed: 500 Server Error: Internal Server Error for url: https://coinswitch.co/trade/api/v2/futures/order
2025-10-28 16:17:35,240 - ERROR - [upgradebot.py:131] - POST Attempt 2 failed: 500 Server Error: Internal Server Error for url: https://coinswitch.co/trade/api/v2/futures/order
2025-10-28 16:17:38,939 - ERROR - [upgradebot.py:131] - POST Attempt 3 failed: 500 Server Error: Internal Server Error for url: https://coinswitch.co/trade/api/v2/futures/order
2025-10-28 16:17:40,941 - ERROR - [upgradebot.py:135] - All POST retries failed: https://coinswitch.co/trade/api/v2/futures/order
2025-10-28 16:17:40,951 - ERROR - [upgradebot.py:341] - [TRADE] Submit FAIL AI16ZUSDT.
2025-10-28 16:17:40,952 - ERROR - [upgradebot.py:453] - SHORT Entry failed AI16ZUSDT. TP/SL not placed.
2025-10-28 16:17:41,955 - INFO - [upgradebot.py:368] - --- Checking AIAUSDT (Price: $1.1936) ---
2025-10-28 16:17:45,783 - INFO - [upgradebot.py:398] - Trade Amount $8.5000 >= min value $8.3552. Proceeding.
2025-10-28 16:17:45,783 - INFO - [upgradebot.py:227] - Fetching 90d 240m data for AIAUSDT...
2025-10-28 16:17:50,535 - INFO - [upgradebot.py:286] - AIAUSDT model trained. Acc: 0.74
2025-10-28 16:17:50,554 - INFO - [upgradebot.py:412] - [PREDICTION] AIAUSDT: SELL at $0.4042
2025-10-28 16:17:55,081 - INFO - [upgradebot.py:255] - No active position for AIAUSDT.
2025-10-28 16:17:55,088 - INFO - [upgradebot.py:443] - SELL signal AIAUSDT. Considering SHORT entry.
2025-10-28 16:17:55,089 - INFO - [upgradebot.py:446] - Calc SHORT Intent: Qty~7.121314, Invest=$8.5000, Entry~$0.4050, TP~$0.3848, SL~$0.4131
2025-10-28 16:17:55,092 - INFO - [upgradebot.py:447] - Placing SHORT Bracket Order...
2025-10-28 16:17:55,096 - INFO - [upgradebot.py:331] - [ACTION] Submitting LIMIT SELL AIAUSDT (Qty:7.0) @ Px:0.405
2025-10-28 16:17:59,002 - ERROR - [upgradebot.py:131] - POST Attempt 1 failed: 400 Client Error: Bad Request for url: https://coinswitch.co/trade/api/v2/futures/order
2025-10-28 16:18:02,783 - ERROR - [upgradebot.py:131] - POST Attempt 2 failed: 400 Client Error: Bad Request for url: https://coinswitch.co/trade/api/v2/futures/order
2025-10-28 16:18:07,672 - ERROR - [upgradebot.py:131] - POST Attempt 3 failed: 400 Client Error: Bad Request for url: https://coinswitch.co/trade/api/v2/futures/order
2025-10-28 16:18:09,675 - ERROR - [upgradebot.py:135] - All POST retries failed: https://coinswitch.co/trade/api/v2/futures/order
2025-10-28 16:18:09,687 - ERROR - [upgradebot.py:341] - [TRADE] Submit FAIL AIAUSDT.
2025-10-28 16:18:09,688 - ERROR - [upgradebot.py:453] - SHORT Entry failed AIAUSDT. TP/SL not placed.
2025-10-28 16:18:10,691 - INFO - [upgradebot.py:368] - --- Checking AINUSDT (Price: $0.1434) ---
2025-10-28 16:18:15,774 - INFO - [upgradebot.py:398] - Trade Amount $8.5000 >= min value $7.6013. Proceeding.
2025-10-28 16:18:15,775 - INFO - [upgradebot.py:227] - Fetching 90d 240m data for AINUSDT...
2025-10-28 16:18:20,779 - INFO - [upgradebot.py:286] - AINUSDT model trained. Acc: 0.55
2025-10-28 16:18:20,835 - INFO - [upgradebot.py:412] - [PREDICTION] AINUSDT: BUY at $0.12433
2025-10-28 16:18:24,225 - INFO - [upgradebot.py:255] - No active position for AINUSDT.
2025-10-28 16:18:24,240 - INFO - [upgradebot.py:424] - Calc LONG Intent: Qty~59.266490, Invest=$8.5000, Entry~$0.12408, TP~$0.13029, SL~$0.12160
2025-10-28 16:18:24,244 - INFO - [upgradebot.py:425] - Placing LONG Bracket Order...
2025-10-28 16:18:24,246 - ERROR - [upgradebot.py:325] - Final qty 50.0 < min 53.0. Cannot place.
2025-10-28 16:18:24,247 - ERROR - [upgradebot.py:431] - LONG Entry failed AINUSDT. TP/SL not placed.
2025-10-28 16:18:25,252 - INFO - [upgradebot.py:368] - --- Checking AIOUSDT (Price: $0.1550) ---
2025-10-28 16:18:28,327 - INFO - [upgradebot.py:398] - Trade Amount $8.5000 >= min value $7.5960. Proceeding.
2025-10-28 16:18:28,328 - INFO - [upgradebot.py:227] - Fetching 90d 240m data for AIOUSDT...
2025-10-28 16:18:32,446 - INFO - [upgradebot.py:286] - AIOUSDT model trained. Acc: 0.62
2025-10-28 16:18:32,462 - INFO - [upgradebot.py:412] - [PREDICTION] AIOUSDT: SELL at $0.15510
2025-10-28 16:18:36,796 - INFO - [upgradebot.py:255] - No active position for AIOUSDT.
2025-10-28 16:18:36,804 - INFO - [upgradebot.py:443] - SELL signal AIOUSDT. Considering SHORT entry.
2025-10-28 16:18:36,805 - INFO - [upgradebot.py:446] - Calc SHORT Intent: Qty~54.831635, Invest=$8.5000, Entry~$0.15541, TP~$0.14764, SL~$0.15852
2025-10-28 16:18:36,806 - INFO - [upgradebot.py:447] - Placing SHORT Bracket Order...
2025-10-28 16:18:36,808 - INFO - [upgradebot.py:331] - [ACTION] Submitting LIMIT SELL AIOUSDT (Qty:50.0) @ Px:0.15541
2025-10-28 16:18:41,036 - ERROR - [upgradebot.py:131] - POST Attempt 1 failed: 500 Server Error: Internal Server Error for url: https://coinswitch.co/trade/api/v2/futures/order
2025-10-28 16:18:44,640 - ERROR - [upgradebot.py:131] - POST Attempt 2 failed: 500 Server Error: Internal Server Error for url: https://coinswitch.co/trade/api/v2/futures/order
2025-10-28 16:18:48,751 - ERROR - [upgradebot.py:131] - POST Attempt 3 failed: 500 Server Error: Internal Server Error for url: https://coinswitch.co/trade/api/v2/futures/order
2025-10-28 16:18:50,753 - ERROR - [upgradebot.py:135] - All POST retries failed: https://coinswitch.co/trade/api/v2/futures/order
2025-10-28 16:18:50,760 - ERROR - [upgradebot.py:341] - [TRADE] Submit FAIL AIOUSDT.
2025-10-28 16:18:50,762 - ERROR - [upgradebot.py:453] - SHORT Entry failed AIOUSDT. TP/SL not placed.
2025-10-28 16:18:51,763 - INFO - [upgradebot.py:368] - --- Checking AIOZUSDT (Price: $0.1953) ---
2025-10-28 16:18:55,233 - INFO - [upgradebot.py:398] - Trade Amount $8.5000 >= min value $7.6167. Proceeding.
2025-10-28 16:18:55,239 - INFO - [upgradebot.py:227] - Fetching 90d 240m data for AIOZUSDT...
2025-10-28 16:18:59,226 - INFO - [upgradebot.py:286] - AIOZUSDT model trained. Acc: 0.74
2025-10-28 16:18:59,253 - INFO - [upgradebot.py:412] - [PREDICTION] AIOZUSDT: HOLD at $0.3323
2025-10-28 16:19:02,691 - INFO - [upgradebot.py:255] - No active position for AIOZUSDT.
2025-10-28 16:19:02,697 - INFO - [upgradebot.py:456] - ML predicts HOLD for AIOZUSDT. No action.
2025-10-28 16:19:03,698 - INFO - [upgradebot.py:368] - --- Checking AIXBTUSDT (Price: $0.0843) ---
2025-10-28 16:19:06,931 - INFO - [upgradebot.py:398] - Trade Amount $8.5000 >= min value $7.6686. Proceeding.
2025-10-28 16:19:06,932 - INFO - [upgradebot.py:227] - Fetching 90d 240m data for AIXBTUSDT...
2025-10-28 16:19:11,128 - INFO - [upgradebot.py:286] - AIXBTUSDT model trained. Acc: 0.86
2025-10-28 16:19:11,155 - INFO - [upgradebot.py:412] - [PREDICTION] AIXBTUSDT: SELL at $0.11714
2025-10-28 16:19:14,438 - INFO - [upgradebot.py:255] - No active position for AIXBTUSDT.
2025-10-28 16:19:14,441 - INFO - [upgradebot.py:443] - SELL signal AIXBTUSDT. Considering SHORT entry.
2025-10-28 16:19:14,442 - INFO - [upgradebot.py:446] - Calc SHORT Intent: Qty~100.866263, Invest=$8.5000, Entry~$0.11737, TP~$0.11151, SL~$0.11972
2025-10-28 16:19:14,443 - INFO - [upgradebot.py:447] - Placing SHORT Bracket Order...
2025-10-28 16:19:14,443 - INFO - [upgradebot.py:331] - [ACTION] Submitting LIMIT SELL AIXBTUSDT (Qty:100.0) @ Px:0.11737
2025-10-28 16:19:18,339 - ERROR - [upgradebot.py:131] - POST Attempt 1 failed: 500 Server Error: Internal Server Error for url: https://coinswitch.co/trade/api/v2/futures/order
2025-10-28 16:19:21,916 - ERROR - [upgradebot.py:131] - POST Attempt 2 failed: 500 Server Error: Internal Server Error for url: https://coinswitch.co/trade/api/v2/futures/order
2025-10-28 16:19:25,792 - ERROR - [upgradebot.py:131] - POST Attempt 3 failed: 500 Server Error: Internal Server Error for url: https://coinswitch.co/trade/api/v2/futures/order
2025-10-28 16:19:27,793 - ERROR - [upgradebot.py:135] - All POST retries failed: https://coinswitch.co/trade/api/v2/futures/order
2025-10-28 16:19:27,798 - ERROR - [upgradebot.py:341] - [TRADE] Submit FAIL AIXBTUSDT.
2025-10-28 16:19:27,799 - ERROR - [upgradebot.py:453] - SHORT Entry failed AIXBTUSDT. TP/SL not placed.
2025-10-28 16:19:28,800 - INFO - [upgradebot.py:368] - --- Checking AKEUSDT (Price: $0.0016) ---
2025-10-28 16:19:32,752 - INFO - [upgradebot.py:398] - Trade Amount $8.5000 >= min value $7.5105. Proceeding.
2025-10-28 16:19:32,753 - INFO - [upgradebot.py:227] - Fetching 90d 240m data for AKEUSDT...
2025-10-28 16:19:36,894 - INFO - [upgradebot.py:286] - AKEUSDT model trained. Acc: 0.63
2025-10-28 16:19:36,916 - INFO - [upgradebot.py:412] - [PREDICTION] AKEUSDT: SELL at $0.001375
2025-10-28 16:19:40,338 - INFO - [upgradebot.py:255] - No active position for AKEUSDT.
2025-10-28 16:19:40,343 - INFO - [upgradebot.py:443] - SELL signal AKEUSDT. Considering SHORT entry.
2025-10-28 16:19:40,343 - INFO - [upgradebot.py:446] - Calc SHORT Intent: Qty~5227.552276, Invest=$8.5000, Entry~$0.001378, TP~$0.001309, SL~$0.001405
2025-10-28 16:19:40,344 - INFO - [upgradebot.py:447] - Placing SHORT Bracket Order...
2025-10-28 16:19:40,346 - INFO - [upgradebot.py:331] - [ACTION] Submitting LIMIT SELL AKEUSDT (Qty:5200.0) @ Px:0.001378
2025-10-28 16:19:43,646 - ERROR - [upgradebot.py:131] - POST Attempt 1 failed: 400 Client Error: Bad Request for url: https://coinswitch.co/trade/api/v2/futures/order
2025-10-28 16:19:47,713 - ERROR - [upgradebot.py:131] - POST Attempt 2 failed: 400 Client Error: Bad Request for url: https://coinswitch.co/trade/api/v2/futures/order
2025-10-28 16:19:52,810 - ERROR - [upgradebot.py:131] - POST Attempt 3 failed: 400 Client Error: Bad Request for url: https://coinswitch.co/trade/api/v2/futures/order
2025-10-28 16:19:54,811 - ERROR - [upgradebot.py:135] - All POST retries failed: https://coinswitch.co/trade/api/v2/futures/order
2025-10-28 16:19:54,815 - ERROR - [upgradebot.py:341] - [TRADE] Submit FAIL AKEUSDT.
2025-10-28 16:19:54,816 - ERROR - [upgradebot.py:453] - SHORT Entry failed AKEUSDT. TP/SL not placed.
2025-10-28 16:19:55,817 - INFO - [upgradebot.py:368] - --- Checking AKTUSDT (Price: $0.8214) ---
2025-10-28 16:20:00,454 - INFO - [upgradebot.py:398] - Trade Amount $8.5000 >= min value $7.5569. Proceeding.
2025-10-28 16:20:00,455 - INFO - [upgradebot.py:227] - Fetching 90d 240m data for AKTUSDT...
2025-10-28 16:20:04,716 - INFO - [upgradebot.py:286] - AKTUSDT model trained. Acc: 0.76
2025-10-28 16:20:04,745 - INFO - [upgradebot.py:412] - [PREDICTION] AKTUSDT: HOLD at $1.1360
2025-10-28 16:20:09,289 - INFO - [upgradebot.py:255] - No active position for AKTUSDT.
2025-10-28 16:20:09,293 - INFO - [upgradebot.py:456] - ML predicts HOLD for AKTUSDT. No action.
2025-10-28 16:20:10,294 - INFO - [upgradebot.py:368] - --- Checking ALCHUSDT (Price: $0.0785) ---
2025-10-28 16:20:14,153 - INFO - [upgradebot.py:398] - Trade Amount $8.5000 >= min value $7.5322. Proceeding.
2025-10-28 16:20:14,155 - INFO - [upgradebot.py:227] - Fetching 90d 240m data for ALCHUSDT...
2025-10-28 16:20:18,758 - INFO - [upgradebot.py:286] - ALCHUSDT model trained. Acc: 0.83
2025-10-28 16:20:18,795 - INFO - [upgradebot.py:412] - [PREDICTION] ALCHUSDT: HOLD at $0.08884
2025-10-28 16:20:22,356 - INFO - [upgradebot.py:255] - No active position for ALCHUSDT.
2025-10-28 16:20:22,363 - INFO - [upgradebot.py:456] - ML predicts HOLD for ALCHUSDT. No action.
2025-10-28 16:20:23,364 - INFO - [upgradebot.py:368] - --- Checking ALEOUSDT (Price: $0.2542) ---
2025-10-28 16:20:27,455 - INFO - [upgradebot.py:398] - Trade Amount $8.5000 >= min value $7.6260. Proceeding.
2025-10-28 16:20:27,456 - INFO - [upgradebot.py:227] - Fetching 90d 240m data for ALEOUSDT...
2025-10-28 16:20:31,799 - INFO - [upgradebot.py:286] - ALEOUSDT model trained. Acc: 0.81
2025-10-28 16:20:31,828 - INFO - [upgradebot.py:412] - [PREDICTION] ALEOUSDT: BUY at $0.2424
2025-10-28 16:20:35,612 - INFO - [upgradebot.py:255] - No active position for ALEOUSDT.
2025-10-28 16:20:35,616 - INFO - [upgradebot.py:424] - Calc LONG Intent: Qty~33.438238, Invest=$8.5000, Entry~$0.2419, TP~$0.2540, SL~$0.2371
2025-10-28 16:20:35,617 - INFO - [upgradebot.py:425] - Placing LONG Bracket Order...
2025-10-28 16:20:35,618 - INFO - [upgradebot.py:331] - [ACTION] Submitting LIMIT BUY ALEOUSDT (Qty:33.0) @ Px:0.2419
2025-10-28 16:20:39,456 - ERROR - [upgradebot.py:131] - POST Attempt 1 failed: 500 Server Error: Internal Server Error for url: https://coinswitch.co/trade/api/v2/futures/order
2025-10-28 16:20:43,343 - ERROR - [upgradebot.py:131] - POST Attempt 2 failed: 500 Server Error: Internal Server Error for url: https://coinswitch.co/trade/api/v2/futures/order
2025-10-28 16:20:47,099 - ERROR - [upgradebot.py:131] - POST Attempt 3 failed: 500 Server Error: Internal Server Error for url: https://coinswitch.co/trade/api/v2/futures/order
2025-10-28 16:20:49,100 - ERROR - [upgradebot.py:135] - All POST retries failed: https://coinswitch.co/trade/api/v2/futures/order
2025-10-28 16:20:49,109 - ERROR - [upgradebot.py:341] - [TRADE] Submit FAIL ALEOUSDT.
2025-10-28 16:20:49,110 - ERROR - [upgradebot.py:431] - LONG Entry failed ALEOUSDT. TP/SL not placed.
2025-10-28 16:20:50,111 - INFO - [upgradebot.py:368] - --- Checking ALGOUSDT (Price: $0.1912) ---
2025-10-28 16:20:54,046 - INFO - [upgradebot.py:398] - Trade Amount $8.5000 >= min value $7.5142. Proceeding.
2025-10-28 16:20:54,047 - INFO - [upgradebot.py:227] - Fetching 90d 240m data for ALGOUSDT...
2025-10-28 16:20:58,643 - INFO - [upgradebot.py:286] - ALGOUSDT model trained. Acc: 0.79
2025-10-28 16:20:58,684 - INFO - [upgradebot.py:412] - [PREDICTION] ALGOUSDT: SELL at $0.2366
2025-10-28 16:21:02,364 - INFO - [upgradebot.py:255] - No active position for ALGOUSDT.
2025-10-28 16:21:02,369 - INFO - [upgradebot.py:443] - SELL signal ALGOUSDT. Considering SHORT entry.
2025-10-28 16:21:02,370 - INFO - [upgradebot.py:446] - Calc SHORT Intent: Qty~44.456067, Invest=$8.5000, Entry~$0.2371, TP~$0.2252, SL~$0.2418
2025-10-28 16:21:02,370 - INFO - [upgradebot.py:447] - Placing SHORT Bracket Order...
2025-10-28 16:21:02,372 - INFO - [upgradebot.py:331] - [ACTION] Submitting LIMIT SELL ALGOUSDT (Qty:44.4) @ Px:0.2371
2025-10-28 16:21:05,869 - ERROR - [upgradebot.py:131] - POST Attempt 1 failed: 500 Server Error: Internal Server Error for url: https://coinswitch.co/trade/api/v2/futures/order
2025-10-28 16:21:09,939 - ERROR - [upgradebot.py:131] - POST Attempt 2 failed: 500 Server Error: Internal Server Error for url: https://coinswitch.co/trade/api/v2/futures/order
2025-10-28 16:21:14,065 - ERROR - [upgradebot.py:131] - POST Attempt 3 failed: 500 Server Error: Internal Server Error for url: https://coinswitch.co/trade/api/v2/futures/order
2025-10-28 16:21:16,066 - ERROR - [upgradebot.py:135] - All POST retries failed: https://coinswitch.co/trade/api/v2/futures/order
2025-10-28 16:21:16,070 - ERROR - [upgradebot.py:341] - [TRADE] Submit FAIL ALGOUSDT.
2025-10-28 16:21:16,070 - ERROR - [upgradebot.py:453] - SHORT Entry failed ALGOUSDT. TP/SL not placed.
2025-10-28 16:21:17,071 - INFO - [upgradebot.py:368] - --- Checking ALICEUSDT (Price: $0.3168) ---
2025-10-28 16:21:20,980 - INFO - [upgradebot.py:398] - Trade Amount $8.5000 >= min value $7.5082. Proceeding.
2025-10-28 16:21:20,981 - INFO - [upgradebot.py:227] - Fetching 90d 240m data for ALICEUSDT...
2025-10-28 16:21:25,693 - INFO - [upgradebot.py:286] - ALICEUSDT model trained. Acc: 0.76
2025-10-28 16:21:25,716 - INFO - [upgradebot.py:412] - [PREDICTION] ALICEUSDT: SELL at $0.3741
2025-10-28 16:21:29,393 - INFO - [upgradebot.py:255] - No active position for ALICEUSDT.
2025-10-28 16:21:29,405 - INFO - [upgradebot.py:443] - SELL signal ALICEUSDT. Considering SHORT entry.
2025-10-28 16:21:29,406 - INFO - [upgradebot.py:446] - Calc SHORT Intent: Qty~26.830808, Invest=$8.5000, Entry~$0.3748, TP~$0.3561, SL~$0.3823
2025-10-28 16:21:29,408 - INFO - [upgradebot.py:447] - Placing SHORT Bracket Order...
2025-10-28 16:21:29,410 - INFO - [upgradebot.py:331] - [ACTION] Submitting LIMIT SELL ALICEUSDT (Qty:26.8) @ Px:0.3748
2025-10-28 16:21:33,395 - ERROR - [upgradebot.py:131] - POST Attempt 1 failed: 500 Server Error: Internal Server Error for url: https://coinswitch.co/trade/api/v2/futures/order
2025-10-28 16:21:37,561 - ERROR - [upgradebot.py:131] - POST Attempt 2 failed: 500 Server Error: Internal Server Error for url: https://coinswitch.co/trade/api/v2/futures/order
2025-10-28 16:21:41,699 - ERROR - [upgradebot.py:131] - POST Attempt 3 failed: 500 Server Error: Internal Server Error for url: https://coinswitch.co/trade/api/v2/futures/order
2025-10-28 16:21:43,700 - ERROR - [upgradebot.py:135] - All POST retries failed: https://coinswitch.co/trade/api/v2/futures/order
2025-10-28 16:21:43,711 - ERROR - [upgradebot.py:341] - [TRADE] Submit FAIL ALICEUSDT.
2025-10-28 16:21:43,713 - ERROR - [upgradebot.py:453] - SHORT Entry failed ALICEUSDT. TP/SL not placed.
2025-10-28 16:21:44,714 - INFO - [upgradebot.py:368] - --- Checking ALPINEUSDT (Price: $0.8138) ---
2025-10-28 16:21:48,526 - INFO - [upgradebot.py:398] - Trade Amount $8.5000 >= min value $7.5683. Proceeding.
2025-10-28 16:21:48,526 - INFO - [upgradebot.py:227] - Fetching 90d 240m data for ALPINEUSDT...
2025-10-28 16:21:52,834 - INFO - [upgradebot.py:286] - ALPINEUSDT model trained. Acc: 0.93
2025-10-28 16:21:52,859 - INFO - [upgradebot.py:412] - [PREDICTION] ALPINEUSDT: HOLD at $1.9930
2025-10-28 16:21:57,156 - INFO - [upgradebot.py:255] - No active position for ALPINEUSDT.
2025-10-28 16:21:57,161 - INFO - [upgradebot.py:456] - ML predicts HOLD for ALPINEUSDT. No action.
2025-10-28 16:21:58,162 - INFO - [upgradebot.py:368] - --- Checking ALTUSDT (Price: $0.0194) ---
2025-10-28 16:22:02,252 - INFO - [upgradebot.py:398] - Trade Amount $8.5000 >= min value $7.5117. Proceeding.
2025-10-28 16:22:02,253 - INFO - [upgradebot.py:227] - Fetching 90d 240m data for ALTUSDT...
2025-10-28 16:22:07,637 - INFO - [upgradebot.py:286] - ALTUSDT model trained. Acc: 0.69
2025-10-28 16:22:07,670 - INFO - [upgradebot.py:412] - [PREDICTION] ALTUSDT: SELL at $0.03381
2025-10-28 16:22:12,289 - INFO - [upgradebot.py:255] - No active position for ALTUSDT.
2025-10-28 16:22:12,293 - INFO - [upgradebot.py:443] - SELL signal ALTUSDT. Considering SHORT entry.
2025-10-28 16:22:12,294 - INFO - [upgradebot.py:446] - Calc SHORT Intent: Qty~437.918599, Invest=$8.5000, Entry~$0.03388, TP~$0.03218, SL~$0.03456
2025-10-28 16:22:12,295 - INFO - [upgradebot.py:447] - Placing SHORT Bracket Order...
2025-10-28 16:22:12,296 - INFO - [upgradebot.py:331] - [ACTION] Submitting LIMIT SELL ALTUSDT (Qty:437.0) @ Px:0.03388
2025-10-28 16:22:16,316 - ERROR - [upgradebot.py:131] - POST Attempt 1 failed: 500 Server Error: Internal Server Error for url: https://coinswitch.co/trade/api/v2/futures/order
2025-10-28 16:22:20,491 - ERROR - [upgradebot.py:131] - POST Attempt 2 failed: 500 Server Error: Internal Server Error for url: https://coinswitch.co/trade/api/v2/futures/order
2025-10-28 16:22:25,260 - ERROR - [upgradebot.py:131] - POST Attempt 3 failed: 500 Server Error: Internal Server Error for url: https://coinswitch.co/trade/api/v2/futures/order
2025-10-28 16:22:27,263 - ERROR - [upgradebot.py:135] - All POST retries failed: https://coinswitch.co/trade/api/v2/futures/order
2025-10-28 16:22:27,274 - ERROR - [upgradebot.py:341] - [TRADE] Submit FAIL ALTUSDT.
2025-10-28 16:22:27,275 - ERROR - [upgradebot.py:453] - SHORT Entry failed ALTUSDT. TP/SL not placed.
2025-10-28 16:22:28,277 - INFO - [upgradebot.py:368] - --- Checking ANIMEUSDT (Price: $0.0098) ---
2025-10-28 16:22:33,225 - INFO - [upgradebot.py:398] - Trade Amount $8.5000 >= min value $7.5126. Proceeding.
2025-10-28 16:22:33,226 - INFO - [upgradebot.py:227] - Fetching 90d 240m data for ANIMEUSDT...
2025-10-28 16:22:39,320 - INFO - [upgradebot.py:286] - ANIMEUSDT model trained. Acc: 0.71
2025-10-28 16:22:39,358 - INFO - [upgradebot.py:412] - [PREDICTION] ANIMEUSDT: HOLD at $0.015670
2025-10-28 16:22:42,817 - INFO - [upgradebot.py:255] - No active position for ANIMEUSDT.
2025-10-28 16:22:42,824 - INFO - [upgradebot.py:456] - ML predicts HOLD for ANIMEUSDT. No action.
2025-10-28 16:22:43,826 - INFO - [upgradebot.py:368] - --- Checking ANKRUSDT (Price: $0.0102) ---
2025-10-28 16:22:48,141 - INFO - [upgradebot.py:398] - Trade Amount $8.5000 >= min value $7.4998. Proceeding.
2025-10-28 16:22:48,142 - INFO - [upgradebot.py:227] - Fetching 90d 240m data for ANKRUSDT...
2025-10-28 16:22:53,198 - INFO - [upgradebot.py:286] - ANKRUSDT model trained. Acc: 0.88
2025-10-28 16:22:53,252 - INFO - [upgradebot.py:412] - [PREDICTION] ANKRUSDT: HOLD at $0.01519
2025-10-28 16:22:57,375 - INFO - [upgradebot.py:255] - No active position for ANKRUSDT.
2025-10-28 16:22:57,381 - INFO - [upgradebot.py:456] - ML predicts HOLD for ANKRUSDT. No action.
2025-10-28 16:22:58,383 - INFO - [upgradebot.py:368] - --- Checking APEUSDT (Price: $0.4385) ---
2025-10-28 16:23:01,991 - INFO - [upgradebot.py:398] - Trade Amount $8.5000 >= min value $7.5422. Proceeding.
2025-10-28 16:23:01,993 - INFO - [upgradebot.py:227] - Fetching 90d 240m data for APEUSDT...
2025-10-28 16:23:06,459 - INFO - [upgradebot.py:286] - APEUSDT model trained. Acc: 0.83
2025-10-28 16:23:06,504 - INFO - [upgradebot.py:412] - [PREDICTION] APEUSDT: HOLD at $0.5906
2025-10-28 16:23:10,617 - INFO - [upgradebot.py:255] - No active position for APEUSDT.
2025-10-28 16:23:10,620 - INFO - [upgradebot.py:456] - ML predicts HOLD for APEUSDT. No action.
2025-10-28 16:23:11,621 - INFO - [upgradebot.py:368] - --- Checking APEXUSDT (Price: $1.1733) ---
2025-10-28 16:23:15,383 - INFO - [upgradebot.py:398] - Trade Amount $8.5000 >= min value $7.6265. Proceeding.
2025-10-28 16:23:15,384 - INFO - [upgradebot.py:227] - Fetching 90d 240m data for APEXUSDT...
2025-10-28 16:23:19,194 - INFO - [upgradebot.py:286] - APEXUSDT model trained. Acc: 0.81
2025-10-28 16:23:19,226 - INFO - [upgradebot.py:412] - [PREDICTION] APEXUSDT: SELL at $2.4060
2025-10-28 16:23:23,549 - INFO - [upgradebot.py:255] - No active position for APEXUSDT.
2025-10-28 16:23:23,562 - INFO - [upgradebot.py:443] - SELL signal APEXUSDT. Considering SHORT entry.
2025-10-28 16:23:23,563 - INFO - [upgradebot.py:446] - Calc SHORT Intent: Qty~7.244524, Invest=$8.5000, Entry~$2.4108, TP~$2.2903, SL~$2.4590
2025-10-28 16:23:23,565 - INFO - [upgradebot.py:447] - Placing SHORT Bracket Order...
2025-10-28 16:23:23,570 - INFO - [upgradebot.py:331] - [ACTION] Submitting LIMIT SELL APEXUSDT (Qty:7.2) @ Px:2.4108
2025-10-28 16:23:27,646 - ERROR - [upgradebot.py:131] - POST Attempt 1 failed: 500 Server Error: Internal Server Error for url: https://coinswitch.co/trade/api/v2/futures/order
2025-10-28 16:23:32,034 - ERROR - [upgradebot.py:131] - POST Attempt 2 failed: 500 Server Error: Internal Server Error for url: https://coinswitch.co/trade/api/v2/futures/order
2025-10-28 16:23:36,271 - ERROR - [upgradebot.py:131] - POST Attempt 3 failed: 500 Server Error: Internal Server Error for url: https://coinswitch.co/trade/api/v2/futures/order
2025-10-28 16:23:38,274 - ERROR - [upgradebot.py:135] - All POST retries failed: https://coinswitch.co/trade/api/v2/futures/order
2025-10-28 16:23:38,290 - ERROR - [upgradebot.py:341] - [TRADE] Submit FAIL APEXUSDT.
2025-10-28 16:23:38,293 - ERROR - [upgradebot.py:453] - SHORT Entry failed APEXUSDT. TP/SL not placed.
2025-10-28 16:23:39,295 - INFO - [upgradebot.py:368] - --- Checking API3USDT (Price: $0.6832) ---
2025-10-28 16:23:43,364 - INFO - [upgradebot.py:398] - Trade Amount $8.5000 >= min value $7.5152. Proceeding.
2025-10-28 16:23:43,365 - INFO - [upgradebot.py:227] - Fetching 90d 240m data for API3USDT...
2025-10-28 16:23:48,580 - INFO - [upgradebot.py:286] - API3USDT model trained. Acc: 0.86
2025-10-28 16:23:48,636 - INFO - [upgradebot.py:412] - [PREDICTION] API3USDT: HOLD at $0.9587
2025-10-28 16:23:53,849 - INFO - [upgradebot.py:255] - No active position for API3USDT.
2025-10-28 16:23:53,855 - INFO - [upgradebot.py:456] - ML predicts HOLD for API3USDT. No action.
2025-10-28 16:23:54,857 - INFO - [upgradebot.py:368] - --- Checking APRUSDT (Price: $0.3388) ---
2025-10-28 16:24:00,037 - INFO - [upgradebot.py:398] - Trade Amount $8.5000 >= min value $7.7924. Proceeding.
2025-10-28 16:24:00,039 - INFO - [upgradebot.py:227] - Fetching 90d 240m data for APRUSDT...
2025-10-28 16:24:04,311 - WARNING - [upgradebot.py:277] - Not enough hist data APRUSDT (29<100). Skip train.
2025-10-28 16:24:04,312 - INFO - [upgradebot.py:412] - [PREDICTION] APRUSDT: HOLD at $0.3361
2025-10-28 16:24:08,049 - INFO - [upgradebot.py:255] - No active position for APRUSDT.
2025-10-28 16:24:08,053 - INFO - [upgradebot.py:456] - ML predicts HOLD for APRUSDT. No action.
2025-10-28 16:24:09,054 - INFO - [upgradebot.py:368] - --- Checking APTUSDT (Price: $3.4550) ---
2025-10-28 16:24:14,015 - INFO - [upgradebot.py:398] - Trade Amount $8.5000 >= min value $7.5319. Proceeding.
2025-10-28 16:24:14,016 - INFO - [upgradebot.py:227] - Fetching 90d 240m data for APTUSDT...
2025-10-28 16:24:18,081 - INFO - [upgradebot.py:286] - APTUSDT model trained. Acc: 0.85
2025-10-28 16:24:18,128 - INFO - [upgradebot.py:412] - [PREDICTION] APTUSDT: HOLD at $4.4750
2025-10-28 16:24:21,502 - INFO - [upgradebot.py:255] - No active position for APTUSDT.
2025-10-28 16:24:21,507 - INFO - [upgradebot.py:456] - ML predicts HOLD for APTUSDT. No action.
2025-10-28 16:24:22,509 - INFO - [upgradebot.py:368] - --- Checking ARUSDT (Price: $4.0980) ---
2025-10-28 16:24:26,188 - INFO - [upgradebot.py:398] - Trade Amount $8.5000 >= min value $7.7862. Proceeding.
2025-10-28 16:24:26,190 - INFO - [upgradebot.py:227] - Fetching 90d 240m data for ARUSDT...
2025-10-28 16:24:31,154 - INFO - [upgradebot.py:286] - ARUSDT model trained. Acc: 0.71
2025-10-28 16:24:31,200 - INFO - [upgradebot.py:412] - [PREDICTION] ARUSDT: SELL at $7.034
2025-10-28 16:24:35,942 - INFO - [upgradebot.py:255] - No active position for ARUSDT.
2025-10-28 16:24:35,948 - INFO - [upgradebot.py:443] - SELL signal ARUSDT. Considering SHORT entry.
2025-10-28 16:24:35,949 - INFO - [upgradebot.py:446] - Calc SHORT Intent: Qty~2.074183, Invest=$8.5000, Entry~$7.048, TP~$6.696, SL~$7.189
2025-10-28 16:24:35,950 - INFO - [upgradebot.py:447] - Placing SHORT Bracket Order...
2025-10-28 16:24:35,951 - INFO - [upgradebot.py:331] - [ACTION] Submitting LIMIT SELL ARUSDT (Qty:2.0) @ Px:7.048
2025-10-28 16:24:39,961 - ERROR - [upgradebot.py:131] - POST Attempt 1 failed: 500 Server Error: Internal Server Error for url: https://coinswitch.co/trade/api/v2/futures/order
2025-10-28 16:24:44,082 - ERROR - [upgradebot.py:131] - POST Attempt 2 failed: 500 Server Error: Internal Server Error for url: https://coinswitch.co/trade/api/v2/futures/order
2025-10-28 16:24:48,661 - ERROR - [upgradebot.py:131] - POST Attempt 3 failed: 500 Server Error: Internal Server Error for url: https://coinswitch.co/trade/api/v2/futures/order
2025-10-28 16:24:50,663 - ERROR - [upgradebot.py:135] - All POST retries failed: https://coinswitch.co/trade/api/v2/futures/order
2025-10-28 16:24:50,675 - ERROR - [upgradebot.py:341] - [TRADE] Submit FAIL ARUSDT.
2025-10-28 16:24:50,676 - ERROR - [upgradebot.py:453] - SHORT Entry failed ARUSDT. TP/SL not placed.
2025-10-28 16:24:51,678 - INFO - [upgradebot.py:368] - --- Checking ARBUSDT (Price: $0.3281) ---
2025-10-28 16:24:56,950 - INFO - [upgradebot.py:398] - Trade Amount $8.5000 >= min value $7.5135. Proceeding.
2025-10-28 16:24:56,951 - INFO - [upgradebot.py:227] - Fetching 90d 240m data for ARBUSDT...
2025-10-28 16:25:02,204 - INFO - [upgradebot.py:286] - ARBUSDT model trained. Acc: 0.74
2025-10-28 16:25:02,237 - INFO - [upgradebot.py:412] - [PREDICTION] ARBUSDT: SELL at $0.4948
2025-10-28 16:25:05,724 - INFO - [upgradebot.py:255] - No active position for ARBUSDT.
2025-10-28 16:25:05,727 - INFO - [upgradebot.py:443] - SELL signal ARBUSDT. Considering SHORT entry.
2025-10-28 16:25:05,728 - INFO - [upgradebot.py:446] - Calc SHORT Intent: Qty~25.906736, Invest=$8.5000, Entry~$0.4958, TP~$0.4710, SL~$0.5057
2025-10-28 16:25:05,729 - INFO - [upgradebot.py:447] - Placing SHORT Bracket Order...
2025-10-28 16:25:05,730 - INFO - [upgradebot.py:331] - [ACTION] Submitting LIMIT SELL ARBUSDT (Qty:25.9) @ Px:0.4958
2025-10-28 16:25:08,200 - ERROR - [upgradebot.py:131] - POST Attempt 1 failed: 500 Server Error: Internal Server Error for url: https://coinswitch.co/trade/api/v2/futures/order
2025-10-28 16:25:13,464 - ERROR - [upgradebot.py:131] - POST Attempt 2 failed: 500 Server Error: Internal Server Error for url: https://coinswitch.co/trade/api/v2/futures/order
2025-10-28 16:25:16,783 - ERROR - [upgradebot.py:131] - POST Attempt 3 failed: 500 Server Error: Internal Server Error for url: https://coinswitch.co/trade/api/v2/futures/order
2025-10-28 16:25:18,786 - ERROR - [upgradebot.py:135] - All POST retries failed: https://coinswitch.co/trade/api/v2/futures/order
2025-10-28 16:25:18,788 - ERROR - [upgradebot.py:341] - [TRADE] Submit FAIL ARBUSDT.
2025-10-28 16:25:18,789 - ERROR - [upgradebot.py:453] - SHORT Entry failed ARBUSDT. TP/SL not placed.
2025-10-28 16:25:19,790 - INFO - [upgradebot.py:368] - --- Checking ARCUSDT (Price: $0.0146) ---
2025-10-28 16:25:22,687 - INFO - [upgradebot.py:398] - Trade Amount $8.5000 >= min value $7.5345. Proceeding.
2025-10-28 16:25:22,688 - INFO - [upgradebot.py:227] - Fetching 90d 240m data for ARCUSDT...
2025-10-28 16:25:26,183 - INFO - [upgradebot.py:286] - ARCUSDT model trained. Acc: 0.74
2025-10-28 16:25:26,243 - INFO - [upgradebot.py:412] - [PREDICTION] ARCUSDT: HOLD at $0.02039
2025-10-28 16:25:29,026 - INFO - [upgradebot.py:255] - No active position for ARCUSDT.
2025-10-28 16:25:29,030 - INFO - [upgradebot.py:456] - ML predicts HOLD for ARCUSDT. No action.
2025-10-28 16:25:30,031 - INFO - [upgradebot.py:368] - --- Checking ARKUSDT (Price: $0.3296) ---
2025-10-28 16:25:33,511 - INFO - [upgradebot.py:398] - Trade Amount $8.5000 >= min value $7.5808. Proceeding.
2025-10-28 16:25:33,512 - INFO - [upgradebot.py:227] - Fetching 90d 240m data for ARKUSDT...
2025-10-28 16:25:37,527 - INFO - [upgradebot.py:286] - ARKUSDT model trained. Acc: 0.81
2025-10-28 16:25:37,566 - INFO - [upgradebot.py:412] - [PREDICTION] ARKUSDT: SELL at $0.45180
2025-10-28 16:25:40,577 - INFO - [upgradebot.py:255] - No active position for ARKUSDT.
2025-10-28 16:25:40,595 - INFO - [upgradebot.py:443] - SELL signal ARKUSDT. Considering SHORT entry.
2025-10-28 16:25:40,605 - INFO - [upgradebot.py:446] - Calc SHORT Intent: Qty~25.788835, Invest=$8.5000, Entry~$0.45270, TP~$0.43007, SL~$0.46176
2025-10-28 16:25:40,606 - INFO - [upgradebot.py:447] - Placing SHORT Bracket Order...
2025-10-28 16:25:40,606 - INFO - [upgradebot.py:331] - [ACTION] Submitting LIMIT SELL ARKUSDT (Qty:25.0) @ Px:0.4527
2025-10-28 16:25:43,137 - ERROR - [upgradebot.py:131] - POST Attempt 1 failed: 500 Server Error: Internal Server Error for url: https://coinswitch.co/trade/api/v2/futures/order
2025-10-28 16:25:46,636 - ERROR - [upgradebot.py:131] - POST Attempt 2 failed: 500 Server Error: Internal Server Error for url: https://coinswitch.co/trade/api/v2/futures/order
2025-10-28 16:25:49,915 - ERROR - [upgradebot.py:131] - POST Attempt 3 failed: 500 Server Error: Internal Server Error for url: https://coinswitch.co/trade/api/v2/futures/order
2025-10-28 16:25:51,917 - ERROR - [upgradebot.py:135] - All POST retries failed: https://coinswitch.co/trade/api/v2/futures/order
2025-10-28 16:25:51,920 - ERROR - [upgradebot.py:341] - [TRADE] Submit FAIL ARKUSDT.
2025-10-28 16:25:51,920 - ERROR - [upgradebot.py:453] - SHORT Entry failed ARKUSDT. TP/SL not placed.
2025-10-28 16:25:52,921 - INFO - [upgradebot.py:368] - --- Checking ARKMUSDT (Price: $0.3655) ---
2025-10-28 16:25:55,741 - INFO - [upgradebot.py:398] - Trade Amount $8.5000 >= min value $7.6755. Proceeding.
2025-10-28 16:25:55,742 - INFO - [upgradebot.py:227] - Fetching 90d 240m data for ARKMUSDT...
2025-10-28 16:26:00,033 - INFO - [upgradebot.py:286] - ARKMUSDT model trained. Acc: 0.71
2025-10-28 16:26:00,054 - INFO - [upgradebot.py:412] - [PREDICTION] ARKMUSDT: HOLD at $0.62780
2025-10-28 16:26:04,099 - INFO - [upgradebot.py:255] - No active position for ARKMUSDT.
2025-10-28 16:26:04,108 - INFO - [upgradebot.py:456] - ML predicts HOLD for ARKMUSDT. No action.
2025-10-28 16:26:05,110 - INFO - [upgradebot.py:368] - --- Checking ARPAUSDT (Price: $0.0195) ---
2025-10-28 16:26:09,097 - INFO - [upgradebot.py:398] - Trade Amount $8.5000 >= min value $7.5037. Proceeding.
2025-10-28 16:26:09,098 - INFO - [upgradebot.py:227] - Fetching 90d 240m data for ARPAUSDT...
2025-10-28 16:26:13,870 - INFO - [upgradebot.py:286] - ARPAUSDT model trained. Acc: 0.76
2025-10-28 16:26:13,925 - INFO - [upgradebot.py:412] - [PREDICTION] ARPAUSDT: SELL at $0.02246
2025-10-28 16:26:17,938 - INFO - [upgradebot.py:255] - No active position for ARPAUSDT.
2025-10-28 16:26:17,942 - INFO - [upgradebot.py:443] - SELL signal ARPAUSDT. Considering SHORT entry.
2025-10-28 16:26:17,943 - INFO - [upgradebot.py:446] - Calc SHORT Intent: Qty~436.121088, Invest=$8.5000, Entry~$0.02250, TP~$0.02138, SL~$0.02296
2025-10-28 16:26:17,944 - INFO - [upgradebot.py:447] - Placing SHORT Bracket Order...
2025-10-28 16:26:17,945 - INFO - [upgradebot.py:331] - [ACTION] Submitting LIMIT SELL ARPAUSDT (Qty:430.0) @ Px:0.0225
2025-10-28 16:26:22,485 - ERROR - [upgradebot.py:131] - POST Attempt 1 failed: 500 Server Error: Internal Server Error for url: https://coinswitch.co/trade/api/v2/futures/order
2025-10-28 16:26:26,373 - ERROR - [upgradebot.py:131] - POST Attempt 2 failed: 500 Server Error: Internal Server Error for url: https://coinswitch.co/trade/api/v2/futures/order
2025-10-28 16:26:30,064 - ERROR - [upgradebot.py:131] - POST Attempt 3 failed: 500 Server Error: Internal Server Error for url: https://coinswitch.co/trade/api/v2/futures/order
2025-10-28 16:26:32,066 - ERROR - [upgradebot.py:135] - All POST retries failed: https://coinswitch.co/trade/api/v2/futures/order
2025-10-28 16:26:32,069 - ERROR - [upgradebot.py:341] - [TRADE] Submit FAIL ARPAUSDT.
2025-10-28 16:26:32,070 - ERROR - [upgradebot.py:453] - SHORT Entry failed ARPAUSDT. TP/SL not placed.
2025-10-28 16:26:33,071 - INFO - [upgradebot.py:368] - --- Checking ASPUSDT (Price: $0.0743) ---
2025-10-28 16:26:36,977 - INFO - [upgradebot.py:398] - Trade Amount $8.5000 >= min value $7.5073. Proceeding.
2025-10-28 16:26:36,978 - INFO - [upgradebot.py:227] - Fetching 90d 240m data for ASPUSDT...
2025-10-28 16:26:42,058 - INFO - [upgradebot.py:286] - ASPUSDT model trained. Acc: 0.81
2025-10-28 16:26:42,087 - INFO - [upgradebot.py:412] - [PREDICTION] ASPUSDT: BUY at $0.14190
2025-10-28 16:26:46,679 - INFO - [upgradebot.py:255] - No active position for ASPUSDT.
2025-10-28 16:26:46,685 - INFO - [upgradebot.py:424] - Calc LONG Intent: Qty~114.354904, Invest=$8.5000, Entry~$0.14162, TP~$0.14870, SL~$0.13878
2025-10-28 16:26:46,686 - INFO - [upgradebot.py:425] - Placing LONG Bracket Order...
2025-10-28 16:26:46,687 - INFO - [upgradebot.py:331] - [ACTION] Submitting LIMIT BUY ASPUSDT (Qty:114.0) @ Px:0.14162
2025-10-28 16:26:50,972 - ERROR - [upgradebot.py:131] - POST Attempt 1 failed: 400 Client Error: Bad Request for url: https://coinswitch.co/trade/api/v2/futures/order
2025-10-28 16:26:55,124 - ERROR - [upgradebot.py:131] - POST Attempt 2 failed: 400 Client Error: Bad Request for url: https://coinswitch.co/trade/api/v2/futures/order
2025-10-28 16:27:00,676 - ERROR - [upgradebot.py:131] - POST Attempt 3 failed: 400 Client Error: Bad Request for url: https://coinswitch.co/trade/api/v2/futures/order
2025-10-28 16:27:02,680 - ERROR - [upgradebot.py:135] - All POST retries failed: https://coinswitch.co/trade/api/v2/futures/order
2025-10-28 16:27:02,684 - ERROR - [upgradebot.py:341] - [TRADE] Submit FAIL ASPUSDT.
2025-10-28 16:27:02,685 - ERROR - [upgradebot.py:431] - LONG Entry failed ASPUSDT. TP/SL not placed.
2025-10-28 16:27:03,686 - INFO - [upgradebot.py:368] - --- Checking ASRUSDT (Price: $1.4820) ---
2025-10-28 16:27:07,806 - INFO - [upgradebot.py:398] - Trade Amount $8.5000 >= min value $7.5582. Proceeding.
2025-10-28 16:27:07,807 - INFO - [upgradebot.py:227] - Fetching 90d 240m data for ASRUSDT...
2025-10-28 16:27:12,576 - INFO - [upgradebot.py:286] - ASRUSDT model trained. Acc: 0.76
2025-10-28 16:27:12,598 - INFO - [upgradebot.py:412] - [PREDICTION] ASRUSDT: HOLD at $2.442
2025-10-28 16:27:16,951 - INFO - [upgradebot.py:255] - No active position for ASRUSDT.
2025-10-28 16:27:16,959 - INFO - [upgradebot.py:456] - ML predicts HOLD for ASRUSDT. No action.
2025-10-28 16:27:17,961 - INFO - [upgradebot.py:368] - --- Checking ASTERUSDT (Price: $1.0743) ---
2025-10-28 16:27:21,374 - INFO - [upgradebot.py:398] - Trade Amount $8.5000 >= min value $7.5201. Proceeding.
2025-10-28 16:27:21,374 - INFO - [upgradebot.py:227] - Fetching 90d 240m data for ASTERUSDT...
2025-10-28 16:27:26,663 - INFO - [upgradebot.py:286] - ASTERUSDT model trained. Acc: 0.86
2025-10-28 16:27:26,690 - INFO - [upgradebot.py:412] - [PREDICTION] ASTERUSDT: BUY at $1.7175
2025-10-28 16:27:30,672 - INFO - [upgradebot.py:255] - No active position for ASTERUSDT.
2025-10-28 16:27:30,683 - INFO - [upgradebot.py:424] - Calc LONG Intent: Qty~7.912129, Invest=$8.5000, Entry~$1.7141, TP~$1.7998, SL~$1.6798
2025-10-28 16:27:30,684 - INFO - [upgradebot.py:425] - Placing LONG Bracket Order...
2025-10-28 16:27:30,686 - INFO - [upgradebot.py:331] - [ACTION] Submitting LIMIT BUY ASTERUSDT (Qty:7.0) @ Px:1.7141
2025-10-28 16:27:34,926 - ERROR - [upgradebot.py:131] - POST Attempt 1 failed: 400 Client Error: Bad Request for url: https://coinswitch.co/trade/api/v2/futures/order
2025-10-28 16:27:39,255 - ERROR - [upgradebot.py:131] - POST Attempt 2 failed: 400 Client Error: Bad Request for url: https://coinswitch.co/trade/api/v2/futures/order
2025-10-28 16:27:43,499 - ERROR - [upgradebot.py:131] - POST Attempt 3 failed: 400 Client Error: Bad Request for url: https://coinswitch.co/trade/api/v2/futures/order
2025-10-28 16:27:45,500 - ERROR - [upgradebot.py:135] - All POST retries failed: https://coinswitch.co/trade/api/v2/futures/order
2025-10-28 16:27:45,508 - ERROR - [upgradebot.py:341] - [TRADE] Submit FAIL ASTERUSDT.
2025-10-28 16:27:45,510 - ERROR - [upgradebot.py:431] - LONG Entry failed ASTERUSDT. TP/SL not placed.
2025-10-28 16:27:46,517 - INFO - [upgradebot.py:368] - --- Checking ASTRUSDT (Price: $0.0178) ---
2025-10-28 16:27:51,017 - INFO - [upgradebot.py:398] - Trade Amount $8.5000 >= min value $7.5022. Proceeding.
2025-10-28 16:27:51,018 - INFO - [upgradebot.py:227] - Fetching 90d 240m data for ASTRUSDT...
2025-10-28 16:27:57,186 - INFO - [upgradebot.py:286] - ASTRUSDT model trained. Acc: 0.83
2025-10-28 16:27:57,225 - INFO - [upgradebot.py:412] - [PREDICTION] ASTRUSDT: SELL at $0.024060
2025-10-28 16:28:01,515 - INFO - [upgradebot.py:255] - No active position for ASTRUSDT.
2025-10-28 16:28:01,520 - INFO - [upgradebot.py:443] - SELL signal ASTRUSDT. Considering SHORT entry.
2025-10-28 16:28:01,521 - INFO - [upgradebot.py:446] - Calc SHORT Intent: Qty~476.992144, Invest=$8.5000, Entry~$0.024108, TP~$0.022903, SL~$0.024590
2025-10-28 16:28:01,522 - INFO - [upgradebot.py:447] - Placing SHORT Bracket Order...
2025-10-28 16:28:01,524 - INFO - [upgradebot.py:331] - [ACTION] Submitting LIMIT SELL ASTRUSDT (Qty:476.0) @ Px:0.024108
2025-10-28 16:28:05,556 - ERROR - [upgradebot.py:131] - POST Attempt 1 failed: 500 Server Error: Internal Server Error for url: https://coinswitch.co/trade/api/v2/futures/order
2025-10-28 16:28:09,963 - ERROR - [upgradebot.py:131] - POST Attempt 2 failed: 500 Server Error: Internal Server Error for url: https://coinswitch.co/trade/api/v2/futures/order
2025-10-28 16:28:14,461 - ERROR - [upgradebot.py:131] - POST Attempt 3 failed: 500 Server Error: Internal Server Error for url: https://coinswitch.co/trade/api/v2/futures/order
2025-10-28 16:28:16,463 - ERROR - [upgradebot.py:135] - All POST retries failed: https://coinswitch.co/trade/api/v2/futures/order
2025-10-28 16:28:16,466 - ERROR - [upgradebot.py:341] - [TRADE] Submit FAIL ASTRUSDT.
2025-10-28 16:28:16,467 - ERROR - [upgradebot.py:453] - SHORT Entry failed ASTRUSDT. TP/SL not placed.
2025-10-28 16:28:17,468 - INFO - [upgradebot.py:368] - --- Checking ATHUSDT (Price: $0.0299) ---
2025-10-28 16:28:21,477 - INFO - [upgradebot.py:398] - Trade Amount $8.5000 >= min value $7.5124. Proceeding.
2025-10-28 16:28:21,479 - INFO - [upgradebot.py:227] - Fetching 90d 240m data for ATHUSDT...
2025-10-28 16:28:26,404 - INFO - [upgradebot.py:286] - ATHUSDT model trained. Acc: 0.62
2025-10-28 16:28:26,420 - INFO - [upgradebot.py:412] - [PREDICTION] ATHUSDT: HOLD at $0.06178
2025-10-28 16:28:30,744 - INFO - [upgradebot.py:255] - No active position for ATHUSDT.
2025-10-28 16:28:30,752 - INFO - [upgradebot.py:456] - ML predicts HOLD for ATHUSDT. No action.
2025-10-28 16:28:31,754 - INFO - [upgradebot.py:368] - --- Checking ATOMUSDT (Price: $3.1710) ---
2025-10-28 16:28:36,203 - INFO - [upgradebot.py:398] - Trade Amount $8.5000 >= min value $7.6104. Proceeding.
2025-10-28 16:28:36,205 - INFO - [upgradebot.py:227] - Fetching 90d 240m data for ATOMUSDT...
2025-10-28 16:28:41,148 - INFO - [upgradebot.py:286] - ATOMUSDT model trained. Acc: 0.86
2025-10-28 16:28:41,181 - INFO - [upgradebot.py:412] - [PREDICTION] ATOMUSDT: HOLD at $4.518
2025-10-28 16:28:46,044 - INFO - [upgradebot.py:255] - No active position for ATOMUSDT.
2025-10-28 16:28:46,048 - INFO - [upgradebot.py:456] - ML predicts HOLD for ATOMUSDT. No action.
2025-10-28 16:28:47,049 - INFO - [upgradebot.py:368] - --- Checking AUCTIONUSDT (Price: $7.1300) ---
2025-10-28 16:28:51,543 - INFO - [upgradebot.py:398] - Trade Amount $8.5000 >= min value $7.8430. Proceeding.
2025-10-28 16:28:51,544 - INFO - [upgradebot.py:227] - Fetching 90d 240m data for AUCTIONUSDT...
2025-10-28 16:28:57,516 - INFO - [upgradebot.py:286] - AUCTIONUSDT model trained. Acc: 0.74
2025-10-28 16:28:57,565 - INFO - [upgradebot.py:412] - [PREDICTION] AUCTIONUSDT: HOLD at $9.547
2025-10-28 16:29:02,264 - INFO - [upgradebot.py:255] - No active position for AUCTIONUSDT.
2025-10-28 16:29:02,270 - INFO - [upgradebot.py:456] - ML predicts HOLD for AUCTIONUSDT. No action.
2025-10-28 16:29:03,272 - INFO - [upgradebot.py:368] - --- Checking AUDIOUSDT (Price: $0.0408) ---
2025-10-28 16:29:08,033 - INFO - [upgradebot.py:398] - Trade Amount $8.5000 >= min value $7.4919. Proceeding.
2025-10-28 16:29:08,034 - INFO - [upgradebot.py:227] - Fetching 90d 240m data for AUDIOUSDT...
2025-10-28 16:29:13,630 - INFO - [upgradebot.py:286] - AUDIOUSDT model trained. Acc: 0.88
2025-10-28 16:29:13,694 - INFO - [upgradebot.py:412] - [PREDICTION] AUDIOUSDT: HOLD at $0.06180
2025-10-28 16:29:18,643 - INFO - [upgradebot.py:255] - No active position for AUDIOUSDT.
2025-10-28 16:29:18,654 - INFO - [upgradebot.py:456] - ML predicts HOLD for AUDIOUSDT. No action.
2025-10-28 16:29:19,656 - INFO - [upgradebot.py:368] - --- Checking AVAUSDT (Price: $0.3856) ---
2025-10-28 16:29:23,595 - INFO - [upgradebot.py:398] - Trade Amount $8.5000 >= min value $7.5192. Proceeding.
2025-10-28 16:29:23,596 - INFO - [upgradebot.py:227] - Fetching 90d 240m data for AVAUSDT...
2025-10-28 16:29:28,843 - INFO - [upgradebot.py:286] - AVAUSDT model trained. Acc: 0.57
2025-10-28 16:29:28,873 - INFO - [upgradebot.py:412] - [PREDICTION] AVAUSDT: SELL at $0.5454
2025-10-28 16:29:32,106 - INFO - [upgradebot.py:255] - No active position for AVAUSDT.
2025-10-28 16:29:32,112 - INFO - [upgradebot.py:443] - SELL signal AVAUSDT. Considering SHORT entry.
2025-10-28 16:29:32,114 - INFO - [upgradebot.py:446] - Calc SHORT Intent: Qty~22.043568, Invest=$8.5000, Entry~$0.5465, TP~$0.5192, SL~$0.5574
2025-10-28 16:29:32,115 - INFO - [upgradebot.py:447] - Placing SHORT Bracket Order...
2025-10-28 16:29:32,117 - INFO - [upgradebot.py:331] - [ACTION] Submitting LIMIT SELL AVAUSDT (Qty:22.0) @ Px:0.5465
2025-10-28 16:29:36,789 - ERROR - [upgradebot.py:131] - POST Attempt 1 failed: 500 Server Error: Internal Server Error for url: https://coinswitch.co/trade/api/v2/futures/order
2025-10-28 16:29:41,253 - ERROR - [upgradebot.py:131] - POST Attempt 2 failed: 500 Server Error: Internal Server Error for url: https://coinswitch.co/trade/api/v2/futures/order
2025-10-28 16:29:45,714 - ERROR - [upgradebot.py:131] - POST Attempt 3 failed: 500 Server Error: Internal Server Error for url: https://coinswitch.co/trade/api/v2/futures/order
2025-10-28 16:29:47,716 - ERROR - [upgradebot.py:135] - All POST retries failed: https://coinswitch.co/trade/api/v2/futures/order
2025-10-28 16:29:47,726 - ERROR - [upgradebot.py:341] - [TRADE] Submit FAIL AVAUSDT.
2025-10-28 16:29:47,727 - ERROR - [upgradebot.py:453] - SHORT Entry failed AVAUSDT. TP/SL not placed.
2025-10-28 16:29:48,729 - INFO - [upgradebot.py:368] - --- Checking AVAAIUSDT (Price: $0.0148) ---
2025-10-28 16:29:52,883 - INFO - [upgradebot.py:398] - Trade Amount $8.5000 >= min value $7.5434. Proceeding.
2025-10-28 16:29:52,884 - INFO - [upgradebot.py:227] - Fetching 90d 240m data for AVAAIUSDT...
2025-10-28 16:29:58,158 - INFO - [upgradebot.py:286] - AVAAIUSDT model trained. Acc: 0.69
2025-10-28 16:29:58,200 - INFO - [upgradebot.py:412] - [PREDICTION] AVAAIUSDT: HOLD at $0.02213
2025-10-28 16:30:01,636 - INFO - [upgradebot.py:255] - No active position for AVAAIUSDT.
2025-10-28 16:30:01,641 - INFO - [upgradebot.py:456] - ML predicts HOLD for AVAAIUSDT. No action.
2025-10-28 16:30:02,642 - INFO - [upgradebot.py:368] - --- Checking AVAXUSDT (Price: $20.2440) ---
2025-10-28 16:30:14,800 - ERROR - [upgradebot.py:117] - GET Attempt 1 failed: HTTPSConnectionPool(host='coinswitch.co', port=443): Read timed out. (read timeout=10)
2025-10-28 16:30:38,333 - INFO - [upgradebot.py:398] - Trade Amount $8.5000 >= min value $8.0976. Proceeding.
2025-10-28 16:30:38,334 - INFO - [upgradebot.py:227] - Fetching 90d 240m data for AVAXUSDT...
2025-10-28 16:30:42,793 - INFO - [upgradebot.py:286] - AVAXUSDT model trained. Acc: 0.74
2025-10-28 16:30:42,816 - INFO - [upgradebot.py:412] - [PREDICTION] AVAXUSDT: SELL at $28.823
2025-10-28 16:30:46,966 - INFO - [upgradebot.py:255] - No active position for AVAXUSDT.
2025-10-28 16:30:46,972 - INFO - [upgradebot.py:443] - SELL signal AVAXUSDT. Considering SHORT entry.
2025-10-28 16:30:46,973 - INFO - [upgradebot.py:446] - Calc SHORT Intent: Qty~0.419877, Invest=$8.5000, Entry~$28.881, TP~$27.437, SL~$29.458
2025-10-28 16:30:46,974 - INFO - [upgradebot.py:447] - Placing SHORT Bracket Order...
2025-10-28 16:30:46,975 - INFO - [upgradebot.py:331] - [ACTION] Submitting LIMIT SELL AVAXUSDT (Qty:0.4) @ Px:28.881
2025-10-28 16:30:50,522 - ERROR - [upgradebot.py:131] - POST Attempt 1 failed: 500 Server Error: Internal Server Error for url: https://coinswitch.co/trade/api/v2/futures/order
2025-10-28 16:30:54,614 - ERROR - [upgradebot.py:131] - POST Attempt 2 failed: 500 Server Error: Internal Server Error for url: https://coinswitch.co/trade/api/v2/futures/order
2025-10-28 16:30:58,361 - ERROR - [upgradebot.py:131] - POST Attempt 3 failed: 500 Server Error: Internal Server Error for url: https://coinswitch.co/trade/api/v2/futures/order
2025-10-28 16:31:00,363 - ERROR - [upgradebot.py:135] - All POST retries failed: https://coinswitch.co/trade/api/v2/futures/order
2025-10-28 16:31:00,367 - ERROR - [upgradebot.py:341] - [TRADE] Submit FAIL AVAXUSDT.
2025-10-28 16:31:00,368 - ERROR - [upgradebot.py:453] - SHORT Entry failed AVAXUSDT. TP/SL not placed.
2025-10-28 16:31:01,369 - INFO - [upgradebot.py:368] - --- Checking AVLUSDT (Price: $0.1401) ---
2025-10-28 16:31:04,998 - INFO - [upgradebot.py:398] - Trade Amount $8.5000 >= min value $7.5654. Proceeding.
2025-10-28 16:31:04,999 - INFO - [upgradebot.py:227] - Fetching 90d 240m data for AVLUSDT...
2025-10-28 16:31:09,512 - INFO - [upgradebot.py:286] - AVLUSDT model trained. Acc: 0.64
2025-10-28 16:31:09,540 - INFO - [upgradebot.py:412] - [PREDICTION] AVLUSDT: BUY at $0.1946
2025-10-28 16:31:13,298 - INFO - [upgradebot.py:255] - No active position for AVLUSDT.
2025-10-28 16:31:13,302 - INFO - [upgradebot.py:424] - Calc LONG Intent: Qty~60.670949, Invest=$8.5000, Entry~$0.1942, TP~$0.2039, SL~$0.1903
2025-10-28 16:31:13,303 - INFO - [upgradebot.py:425] - Placing LONG Bracket Order...
2025-10-28 16:31:13,304 - INFO - [upgradebot.py:331] - [ACTION] Submitting LIMIT BUY AVLUSDT (Qty:60.0) @ Px:0.1942
2025-10-28 16:31:17,009 - ERROR - [upgradebot.py:131] - POST Attempt 1 failed: 400 Client Error: Bad Request for url: https://coinswitch.co/trade/api/v2/futures/order
2025-10-28 16:31:20,673 - ERROR - [upgradebot.py:131] - POST Attempt 2 failed: 400 Client Error: Bad Request for url: https://coinswitch.co/trade/api/v2/futures/order
2025-10-28 16:31:24,451 - ERROR - [upgradebot.py:131] - POST Attempt 3 failed: 400 Client Error: Bad Request for url: https://coinswitch.co/trade/api/v2/futures/order
2025-10-28 16:31:26,453 - ERROR - [upgradebot.py:135] - All POST retries failed: https://coinswitch.co/trade/api/v2/futures/order
2025-10-28 16:31:26,457 - ERROR - [upgradebot.py:341] - [TRADE] Submit FAIL AVLUSDT.
2025-10-28 16:31:26,457 - ERROR - [upgradebot.py:431] - LONG Entry failed AVLUSDT. TP/SL not placed.
2025-10-28 16:31:27,458 - INFO - [upgradebot.py:368] - --- Checking AVNTUSDT (Price: $0.6779) ---
2025-10-28 16:31:30,888 - INFO - [upgradebot.py:398] - Trade Amount $8.5000 >= min value $8.1348. Proceeding.
2025-10-28 16:31:30,889 - INFO - [upgradebot.py:227] - Fetching 90d 240m data for AVNTUSDT...
2025-10-28 16:31:35,026 - INFO - [upgradebot.py:286] - AVNTUSDT model trained. Acc: 0.76
2025-10-28 16:31:35,051 - INFO - [upgradebot.py:412] - [PREDICTION] AVNTUSDT: SELL at $0.9722
2025-10-28 16:31:38,856 - INFO - [upgradebot.py:255] - No active position for AVNTUSDT.
2025-10-28 16:31:38,860 - INFO - [upgradebot.py:443] - SELL signal AVNTUSDT. Considering SHORT entry.
2025-10-28 16:31:38,860 - INFO - [upgradebot.py:446] - Calc SHORT Intent: Qty~12.538723, Invest=$8.5000, Entry~$0.9741, TP~$0.9254, SL~$0.9936
2025-10-28 16:31:38,861 - INFO - [upgradebot.py:447] - Placing SHORT Bracket Order...
2025-10-28 16:31:38,862 - INFO - [upgradebot.py:331] - [ACTION] Submitting LIMIT SELL AVNTUSDT (Qty:12.0) @ Px:0.9741
2025-10-28 16:31:42,617 - ERROR - [upgradebot.py:131] - POST Attempt 1 failed: 500 Server Error: Internal Server Error for url: https://coinswitch.co/trade/api/v2/futures/order
2025-10-28 16:31:46,637 - ERROR - [upgradebot.py:131] - POST Attempt 2 failed: 500 Server Error: Internal Server Error for url: https://coinswitch.co/trade/api/v2/futures/order
2025-10-28 16:31:50,706 - ERROR - [upgradebot.py:131] - POST Attempt 3 failed: 500 Server Error: Internal Server Error for url: https://coinswitch.co/trade/api/v2/futures/order
2025-10-28 16:31:52,708 - ERROR - [upgradebot.py:135] - All POST retries failed: https://coinswitch.co/trade/api/v2/futures/order
2025-10-28 16:31:52,716 - ERROR - [upgradebot.py:341] - [TRADE] Submit FAIL AVNTUSDT.
2025-10-28 16:31:52,717 - ERROR - [upgradebot.py:453] - SHORT Entry failed AVNTUSDT. TP/SL not placed.
2025-10-28 16:31:53,719 - INFO - [upgradebot.py:368] - --- Checking AWEUSDT (Price: $0.0758) ---
2025-10-28 16:31:58,292 - INFO - [upgradebot.py:398] - Trade Amount $8.5000 >= min value $7.5082. Proceeding.
2025-10-28 16:31:58,293 - INFO - [upgradebot.py:227] - Fetching 90d 240m data for AWEUSDT...
2025-10-28 16:32:02,586 - INFO - [upgradebot.py:286] - AWEUSDT model trained. Acc: 0.74
2025-10-28 16:32:02,618 - INFO - [upgradebot.py:412] - [PREDICTION] AWEUSDT: HOLD at $0.06733
2025-10-28 16:32:07,523 - INFO - [upgradebot.py:255] - No active position for AWEUSDT.
2025-10-28 16:32:07,527 - INFO - [upgradebot.py:456] - ML predicts HOLD for AWEUSDT. No action.
2025-10-28 16:32:08,528 - INFO - [upgradebot.py:368] - --- Checking AXLUSDT (Price: $0.1857) ---
2025-10-28 16:32:12,944 - INFO - [upgradebot.py:398] - Trade Amount $8.5000 >= min value $7.6137. Proceeding.
2025-10-28 16:32:12,945 - INFO - [upgradebot.py:227] - Fetching 90d 240m data for AXLUSDT...
2025-10-28 16:32:17,756 - INFO - [upgradebot.py:286] - AXLUSDT model trained. Acc: 0.74
2025-10-28 16:32:17,811 - INFO - [upgradebot.py:412] - [PREDICTION] AXLUSDT: BUY at $0.3173
2025-10-28 16:32:21,755 - INFO - [upgradebot.py:255] - No active position for AXLUSDT.
2025-10-28 16:32:21,762 - INFO - [upgradebot.py:424] - Calc LONG Intent: Qty~45.772752, Invest=$8.5000, Entry~$0.3167, TP~$0.3325, SL~$0.3103
2025-10-28 16:32:21,763 - INFO - [upgradebot.py:425] - Placing LONG Bracket Order...
2025-10-28 16:32:21,764 - INFO - [upgradebot.py:331] - [ACTION] Submitting LIMIT BUY AXLUSDT (Qty:45.0) @ Px:0.3167
2025-10-28 16:32:26,579 - ERROR - [upgradebot.py:131] - POST Attempt 1 failed: 400 Client Error: Bad Request for url: https://coinswitch.co/trade/api/v2/futures/order
2025-10-28 16:32:30,482 - ERROR - [upgradebot.py:131] - POST Attempt 2 failed: 400 Client Error: Bad Request for url: https://coinswitch.co/trade/api/v2/futures/order
2025-10-28 16:32:34,694 - ERROR - [upgradebot.py:131] - POST Attempt 3 failed: 400 Client Error: Bad Request for url: https://coinswitch.co/trade/api/v2/futures/order
2025-10-28 16:32:36,695 - ERROR - [upgradebot.py:135] - All POST retries failed: https://coinswitch.co/trade/api/v2/futures/order
2025-10-28 16:32:36,700 - ERROR - [upgradebot.py:341] - [TRADE] Submit FAIL AXLUSDT.
2025-10-28 16:32:36,701 - ERROR - [upgradebot.py:431] - LONG Entry failed AXLUSDT. TP/SL not placed.
2025-10-28 16:32:37,703 - INFO - [upgradebot.py:368] - --- Checking AXSUSDT (Price: $1.5820) ---
2025-10-28 16:32:41,432 - INFO - [upgradebot.py:398] - Trade Amount $8.5000 >= min value $7.5936. Proceeding.
2025-10-28 16:32:41,433 - INFO - [upgradebot.py:227] - Fetching 90d 240m data for AXSUSDT...
2025-10-28 16:32:45,613 - INFO - [upgradebot.py:286] - AXSUSDT model trained. Acc: 0.69
2025-10-28 16:32:45,643 - INFO - [upgradebot.py:412] - [PREDICTION] AXSUSDT: SELL at $2.429
2025-10-28 16:32:49,035 - INFO - [upgradebot.py:255] - No active position for AXSUSDT.
2025-10-28 16:32:49,039 - INFO - [upgradebot.py:443] - SELL signal AXSUSDT. Considering SHORT entry.
2025-10-28 16:32:49,039 - INFO - [upgradebot.py:446] - Calc SHORT Intent: Qty~5.372946, Invest=$8.5000, Entry~$2.434, TP~$2.312, SL~$2.483
2025-10-28 16:32:49,040 - INFO - [upgradebot.py:447] - Placing SHORT Bracket Order...
2025-10-28 16:32:49,040 - INFO - [upgradebot.py:331] - [ACTION] Submitting LIMIT SELL AXSUSDT (Qty:5.3) @ Px:2.434
2025-10-28 16:32:53,000 - ERROR - [upgradebot.py:131] - POST Attempt 1 failed: 500 Server Error: Internal Server Error for url: https://coinswitch.co/trade/api/v2/futures/order
2025-10-28 16:32:56,576 - ERROR - [upgradebot.py:131] - POST Attempt 2 failed: 500 Server Error: Internal Server Error for url: https://coinswitch.co/trade/api/v2/futures/order
2025-10-28 16:33:01,500 - ERROR - [upgradebot.py:131] - POST Attempt 3 failed: 500 Server Error: Internal Server Error for url: https://coinswitch.co/trade/api/v2/futures/order
2025-10-28 16:33:03,502 - ERROR - [upgradebot.py:135] - All POST retries failed: https://coinswitch.co/trade/api/v2/futures/order
2025-10-28 16:33:03,511 - ERROR - [upgradebot.py:341] - [TRADE] Submit FAIL AXSUSDT.
2025-10-28 16:33:03,512 - ERROR - [upgradebot.py:453] - SHORT Entry failed AXSUSDT. TP/SL not placed.
2025-10-28 16:33:04,513 - INFO - [upgradebot.py:368] - --- Checking BUSDT (Price: $0.2028) ---
2025-10-28 16:33:08,600 - INFO - [upgradebot.py:398] - Trade Amount $8.5000 >= min value $7.7075. Proceeding.
2025-10-28 16:33:08,601 - INFO - [upgradebot.py:227] - Fetching 90d 240m data for BUSDT...
2025-10-28 16:33:13,236 - INFO - [upgradebot.py:286] - BUSDT model trained. Acc: 0.81
2025-10-28 16:33:13,282 - INFO - [upgradebot.py:412] - [PREDICTION] BUSDT: HOLD at $0.54957
2025-10-28 16:33:17,369 - INFO - [upgradebot.py:255] - No active position for BUSDT.
2025-10-28 16:33:17,373 - INFO - [upgradebot.py:456] - ML predicts HOLD for BUSDT. No action.
2025-10-28 16:33:18,374 - INFO - [upgradebot.py:368] - --- Checking B2USDT (Price: $1.1492) ---
2025-10-28 16:33:22,144 - INFO - [upgradebot.py:398] - Trade Amount $8.5000 >= min value $8.0444. Proceeding.
2025-10-28 16:33:22,145 - INFO - [upgradebot.py:227] - Fetching 90d 240m data for B2USDT...
2025-10-28 16:33:26,543 - INFO - [upgradebot.py:286] - B2USDT model trained. Acc: 0.83
2025-10-28 16:33:26,562 - INFO - [upgradebot.py:412] - [PREDICTION] B2USDT: SELL at $0.5228
2025-10-28 16:33:30,474 - INFO - [upgradebot.py:255] - No active position for B2USDT.
2025-10-28 16:33:30,479 - INFO - [upgradebot.py:443] - SELL signal B2USDT. Considering SHORT entry.
2025-10-28 16:33:30,480 - INFO - [upgradebot.py:446] - Calc SHORT Intent: Qty~7.396450, Invest=$8.5000, Entry~$0.5238, TP~$0.4977, SL~$0.5343
2025-10-28 16:33:30,480 - INFO - [upgradebot.py:447] - Placing SHORT Bracket Order...
2025-10-28 16:33:30,481 - INFO - [upgradebot.py:331] - [ACTION] Submitting LIMIT SELL B2USDT (Qty:7.0) @ Px:0.5238
2025-10-28 16:33:34,645 - ERROR - [upgradebot.py:131] - POST Attempt 1 failed: 400 Client Error: Bad Request for url: https://coinswitch.co/trade/api/v2/futures/order
2025-10-28 16:33:38,492 - ERROR - [upgradebot.py:131] - POST Attempt 2 failed: 400 Client Error: Bad Request for url: https://coinswitch.co/trade/api/v2/futures/order
2025-10-28 16:33:42,172 - ERROR - [upgradebot.py:131] - POST Attempt 3 failed: 400 Client Error: Bad Request for url: https://coinswitch.co/trade/api/v2/futures/order
2025-10-28 16:33:44,174 - ERROR - [upgradebot.py:135] - All POST retries failed: https://coinswitch.co/trade/api/v2/futures/order
2025-10-28 16:33:44,179 - ERROR - [upgradebot.py:341] - [TRADE] Submit FAIL B2USDT.
2025-10-28 16:33:44,180 - ERROR - [upgradebot.py:453] - SHORT Entry failed B2USDT. TP/SL not placed.
2025-10-28 16:33:45,181 - INFO - [upgradebot.py:368] - --- Checking B3USDT (Price: $0.0023) ---
2025-10-28 16:33:48,865 - INFO - [upgradebot.py:398] - Trade Amount $8.5000 >= min value $7.5422. Proceeding.
2025-10-28 16:33:48,866 - INFO - [upgradebot.py:227] - Fetching 90d 240m data for B3USDT...
2025-10-28 16:33:53,502 - INFO - [upgradebot.py:286] - B3USDT model trained. Acc: 0.57
2025-10-28 16:33:53,526 - INFO - [upgradebot.py:412] - [PREDICTION] B3USDT: SELL at $0.002937
2025-10-28 16:33:57,530 - INFO - [upgradebot.py:255] - No active position for B3USDT.
2025-10-28 16:33:57,535 - INFO - [upgradebot.py:443] - SELL signal B3USDT. Considering SHORT entry.
2025-10-28 16:33:57,536 - INFO - [upgradebot.py:446] - Calc SHORT Intent: Qty~3648.068670, Invest=$8.5000, Entry~$0.002943, TP~$0.002796, SL~$0.003002
2025-10-28 16:33:57,537 - INFO - [upgradebot.py:447] - Placing SHORT Bracket Order...
2025-10-28 16:33:57,539 - INFO - [upgradebot.py:331] - [ACTION] Submitting LIMIT SELL B3USDT (Qty:3600.0) @ Px:0.002943
2025-10-28 16:34:01,258 - ERROR - [upgradebot.py:131] - POST Attempt 1 failed: 500 Server Error: Internal Server Error for url: https://coinswitch.co/trade/api/v2/futures/order
2025-10-28 16:34:04,980 - ERROR - [upgradebot.py:131] - POST Attempt 2 failed: 500 Server Error: Internal Server Error for url: https://coinswitch.co/trade/api/v2/futures/order
2025-10-28 16:34:08,733 - ERROR - [upgradebot.py:131] - POST Attempt 3 failed: 500 Server Error: Internal Server Error for url: https://coinswitch.co/trade/api/v2/futures/order
2025-10-28 16:34:10,735 - ERROR - [upgradebot.py:135] - All POST retries failed: https://coinswitch.co/trade/api/v2/futures/order
2025-10-28 16:34:10,741 - ERROR - [upgradebot.py:341] - [TRADE] Submit FAIL B3USDT.
2025-10-28 16:34:10,742 - ERROR - [upgradebot.py:453] - SHORT Entry failed B3USDT. TP/SL not placed.
2025-10-28 16:34:11,743 - INFO - [upgradebot.py:368] - --- Checking BABYUSDT (Price: $0.0318) ---
2025-10-28 16:34:16,184 - INFO - [upgradebot.py:398] - Trade Amount $8.5000 >= min value $7.5295. Proceeding.
2025-10-28 16:34:16,185 - INFO - [upgradebot.py:227] - Fetching 90d 240m data for BABYUSDT...
2025-10-28 16:34:20,921 - INFO - [upgradebot.py:286] - BABYUSDT model trained. Acc: 0.81
2025-10-28 16:34:20,972 - INFO - [upgradebot.py:412] - [PREDICTION] BABYUSDT: SELL at $0.04783
2025-10-28 16:34:24,335 - INFO - [upgradebot.py:255] - No active position for BABYUSDT.
2025-10-28 16:34:24,342 - INFO - [upgradebot.py:443] - SELL signal BABYUSDT. Considering SHORT entry.
2025-10-28 16:34:24,344 - INFO - [upgradebot.py:446] - Calc SHORT Intent: Qty~267.548001, Invest=$8.5000, Entry~$0.04793, TP~$0.04553, SL~$0.04888
2025-10-28 16:34:24,346 - INFO - [upgradebot.py:447] - Placing SHORT Bracket Order...
2025-10-28 16:34:24,350 - INFO - [upgradebot.py:331] - [ACTION] Submitting LIMIT SELL BABYUSDT (Qty:260.0) @ Px:0.04793
2025-10-28 16:34:28,235 - ERROR - [upgradebot.py:131] - POST Attempt 1 failed: 500 Server Error: Internal Server Error for url: https://coinswitch.co/trade/api/v2/futures/order
2025-10-28 16:34:32,161 - ERROR - [upgradebot.py:131] - POST Attempt 2 failed: 500 Server Error: Internal Server Error for url: https://coinswitch.co/trade/api/v2/futures/order
2025-10-28 16:34:35,964 - ERROR - [upgradebot.py:131] - POST Attempt 3 failed: 500 Server Error: Internal Server Error for url: https://coinswitch.co/trade/api/v2/futures/order
2025-10-28 16:34:37,967 - ERROR - [upgradebot.py:135] - All POST retries failed: https://coinswitch.co/trade/api/v2/futures/order
2025-10-28 16:34:37,972 - ERROR - [upgradebot.py:341] - [TRADE] Submit FAIL BABYUSDT.
2025-10-28 16:34:37,973 - ERROR - [upgradebot.py:453] - SHORT Entry failed BABYUSDT. TP/SL not placed.
2025-10-28 16:34:38,974 - INFO - [upgradebot.py:368] - --- Checking BANUSDT (Price: $0.0691) ---
2025-10-28 16:34:43,296 - INFO - [upgradebot.py:398] - Trade Amount $8.5000 >= min value $7.5286. Proceeding.
2025-10-28 16:34:43,297 - INFO - [upgradebot.py:227] - Fetching 90d 240m data for BANUSDT...
2025-10-28 16:34:48,449 - INFO - [upgradebot.py:286] - BANUSDT model trained. Acc: 0.60
2025-10-28 16:34:48,468 - INFO - [upgradebot.py:412] - [PREDICTION] BANUSDT: SELL at $0.07824
2025-10-28 16:34:52,631 - INFO - [upgradebot.py:255] - No active position for BANUSDT.
2025-10-28 16:34:52,638 - INFO - [upgradebot.py:443] - SELL signal BANUSDT. Considering SHORT entry.
2025-10-28 16:34:52,640 - INFO - [upgradebot.py:446] - Calc SHORT Intent: Qty~123.063559, Invest=$8.5000, Entry~$0.07840, TP~$0.07448, SL~$0.07996
2025-10-28 16:34:52,641 - INFO - [upgradebot.py:447] - Placing SHORT Bracket Order...
2025-10-28 16:34:52,642 - INFO - [upgradebot.py:331] - [ACTION] Submitting LIMIT SELL BANUSDT (Qty:123.0) @ Px:0.0784
2025-10-28 16:34:56,986 - ERROR - [upgradebot.py:131] - POST Attempt 1 failed: 500 Server Error: Internal Server Error for url: https://coinswitch.co/trade/api/v2/futures/order
2025-10-28 16:35:01,074 - ERROR - [upgradebot.py:131] - POST Attempt 2 failed: 500 Server Error: Internal Server Error for url: https://coinswitch.co/trade/api/v2/futures/order
2025-10-28 16:35:05,246 - ERROR - [upgradebot.py:131] - POST Attempt 3 failed: 500 Server Error: Internal Server Error for url: https://coinswitch.co/trade/api/v2/futures/order
2025-10-28 16:35:07,247 - ERROR - [upgradebot.py:135] - All POST retries failed: https://coinswitch.co/trade/api/v2/futures/order
2025-10-28 16:35:07,256 - ERROR - [upgradebot.py:341] - [TRADE] Submit FAIL BANUSDT.
2025-10-28 16:35:07,257 - ERROR - [upgradebot.py:453] - SHORT Entry failed BANUSDT. TP/SL not placed.
2025-10-28 16:35:08,259 - INFO - [upgradebot.py:368] - --- Checking BANANAUSDT (Price: $13.9120) ---
2025-10-28 16:35:13,883 - INFO - [upgradebot.py:398] - Trade Amount $8.5000 >= min value $7.5125. Proceeding.
2025-10-28 16:35:13,884 - INFO - [upgradebot.py:227] - Fetching 90d 240m data for BANANAUSDT...
2025-10-28 16:35:19,383 - INFO - [upgradebot.py:286] - BANANAUSDT model trained. Acc: 0.79
2025-10-28 16:35:19,407 - INFO - [upgradebot.py:412] - [PREDICTION] BANANAUSDT: HOLD at $21.517
2025-10-28 16:35:24,182 - INFO - [upgradebot.py:255] - No active position for BANANAUSDT.
2025-10-28 16:35:24,193 - INFO - [upgradebot.py:456] - ML predicts HOLD for BANANAUSDT. No action.
2025-10-28 16:35:25,194 - INFO - [upgradebot.py:368] - --- Checking BANANAS31USDT (Price: $0.0032) ---
2025-10-28 16:35:29,495 - INFO - [upgradebot.py:398] - Trade Amount $8.5000 >= min value $7.5026. Proceeding.
2025-10-28 16:35:29,496 - INFO - [upgradebot.py:227] - Fetching 90d 240m data for BANANAS31USDT...
2025-10-28 16:35:34,226 - INFO - [upgradebot.py:286] - BANANAS31USDT model trained. Acc: 0.76
2025-10-28 16:35:34,272 - INFO - [upgradebot.py:412] - [PREDICTION] BANANAS31USDT: SELL at $0.005847
2025-10-28 16:35:39,064 - INFO - [upgradebot.py:255] - No active position for BANANAS31USDT.
2025-10-28 16:35:39,069 - INFO - [upgradebot.py:443] - SELL signal BANANAS31USDT. Considering SHORT entry.
2025-10-28 16:35:39,070 - INFO - [upgradebot.py:446] - Calc SHORT Intent: Qty~2694.136292, Invest=$8.5000, Entry~$0.005859, TP~$0.005566, SL~$0.005976
2025-10-28 16:35:39,071 - INFO - [upgradebot.py:447] - Placing SHORT Bracket Order...
2025-10-28 16:35:39,072 - INFO - [upgradebot.py:331] - [ACTION] Submitting LIMIT SELL BANANAS31USDT (Qty:2600.0) @ Px:0.005859
2025-10-28 16:35:44,753 - ERROR - [upgradebot.py:131] - POST Attempt 1 failed: 500 Server Error: Internal Server Error for url: https://coinswitch.co/trade/api/v2/futures/order
2025-10-28 16:35:49,139 - ERROR - [upgradebot.py:131] - POST Attempt 2 failed: 500 Server Error: Internal Server Error for url: https://coinswitch.co/trade/api/v2/futures/order
2025-10-28 16:35:52,998 - ERROR - [upgradebot.py:131] - POST Attempt 3 failed: 500 Server Error: Internal Server Error for url: https://coinswitch.co/trade/api/v2/futures/order
2025-10-28 16:35:54,999 - ERROR - [upgradebot.py:135] - All POST retries failed: https://coinswitch.co/trade/api/v2/futures/order
2025-10-28 16:35:55,004 - ERROR - [upgradebot.py:341] - [TRADE] Submit FAIL BANANAS31USDT.
2025-10-28 16:35:55,005 - ERROR - [upgradebot.py:453] - SHORT Entry failed BANANAS31USDT. TP/SL not placed.
2025-10-28 16:35:56,006 - INFO - [upgradebot.py:368] - --- Checking BANDUSDT (Price: $0.5392) ---
2025-10-28 16:35:59,349 - INFO - [upgradebot.py:398] - Trade Amount $8.5000 >= min value $7.5488. Proceeding.
2025-10-28 16:35:59,350 - INFO - [upgradebot.py:227] - Fetching 90d 240m data for BANDUSDT...
2025-10-28 16:36:05,035 - INFO - [upgradebot.py:286] - BANDUSDT model trained. Acc: 0.74
2025-10-28 16:36:05,087 - INFO - [upgradebot.py:412] - [PREDICTION] BANDUSDT: SELL at $0.7278
2025-10-28 16:36:09,848 - INFO - [upgradebot.py:255] - No active position for BANDUSDT.
2025-10-28 16:36:09,853 - INFO - [upgradebot.py:443] - SELL signal BANDUSDT. Considering SHORT entry.
2025-10-28 16:36:09,855 - INFO - [upgradebot.py:446] - Calc SHORT Intent: Qty~15.764095, Invest=$8.5000, Entry~$0.7293, TP~$0.6928, SL~$0.7438
2025-10-28 16:36:09,856 - INFO - [upgradebot.py:447] - Placing SHORT Bracket Order...
2025-10-28 16:36:09,857 - INFO - [upgradebot.py:331] - [ACTION] Submitting LIMIT SELL BANDUSDT (Qty:15.7) @ Px:0.7293
2025-10-28 16:36:13,765 - ERROR - [upgradebot.py:131] - POST Attempt 1 failed: 500 Server Error: Internal Server Error for url: https://coinswitch.co/trade/api/v2/futures/order
2025-10-28 16:36:17,904 - ERROR - [upgradebot.py:131] - POST Attempt 2 failed: 500 Server Error: Internal Server Error for url: https://coinswitch.co/trade/api/v2/futures/order
2025-10-28 16:36:21,674 - ERROR - [upgradebot.py:131] - POST Attempt 3 failed: 500 Server Error: Internal Server Error for url: https://coinswitch.co/trade/api/v2/futures/order
2025-10-28 16:36:23,685 - ERROR - [upgradebot.py:135] - All POST retries failed: https://coinswitch.co/trade/api/v2/futures/order
2025-10-28 16:36:23,693 - ERROR - [upgradebot.py:341] - [TRADE] Submit FAIL BANDUSDT.
2025-10-28 16:36:23,693 - ERROR - [upgradebot.py:453] - SHORT Entry failed BANDUSDT. TP/SL not placed.
2025-10-28 16:36:24,701 - INFO - [upgradebot.py:368] - --- Checking BANKUSDT (Price: $0.0864) ---
2025-10-28 16:36:29,972 - INFO - [upgradebot.py:398] - Trade Amount $8.5000 >= min value $7.6032. Proceeding.
2025-10-28 16:36:29,973 - INFO - [upgradebot.py:227] - Fetching 90d 240m data for BANKUSDT...
2025-10-28 16:36:35,005 - INFO - [upgradebot.py:286] - BANKUSDT model trained. Acc: 0.83
2025-10-28 16:36:35,025 - INFO - [upgradebot.py:412] - [PREDICTION] BANKUSDT: SELL at $0.08852
2025-10-28 16:36:38,504 - INFO - [upgradebot.py:255] - No active position for BANKUSDT.
2025-10-28 16:36:38,511 - INFO - [upgradebot.py:443] - SELL signal BANKUSDT. Considering SHORT entry.
2025-10-28 16:36:38,513 - INFO - [upgradebot.py:446] - Calc SHORT Intent: Qty~98.379630, Invest=$8.5000, Entry~$0.08870, TP~$0.08426, SL~$0.09047
2025-10-28 16:36:38,514 - INFO - [upgradebot.py:447] - Placing SHORT Bracket Order...
2025-10-28 16:36:38,516 - INFO - [upgradebot.py:331] - [ACTION] Submitting LIMIT SELL BANKUSDT (Qty:90.0) @ Px:0.0887
2025-10-28 16:36:41,955 - ERROR - [upgradebot.py:131] - POST Attempt 1 failed: 500 Server Error: Internal Server Error for url: https://coinswitch.co/trade/api/v2/futures/order
2025-10-28 16:36:45,811 - ERROR - [upgradebot.py:131] - POST Attempt 2 failed: 500 Server Error: Internal Server Error for url: https://coinswitch.co/trade/api/v2/futures/order
2025-10-28 16:36:50,675 - ERROR - [upgradebot.py:131] - POST Attempt 3 failed: 500 Server Error: Internal Server Error for url: https://coinswitch.co/trade/api/v2/futures/order
2025-10-28 16:36:52,677 - ERROR - [upgradebot.py:135] - All POST retries failed: https://coinswitch.co/trade/api/v2/futures/order
2025-10-28 16:36:52,680 - ERROR - [upgradebot.py:341] - [TRADE] Submit FAIL BANKUSDT.
2025-10-28 16:36:52,681 - ERROR - [upgradebot.py:453] - SHORT Entry failed BANKUSDT. TP/SL not placed.
2025-10-28 16:36:53,682 - INFO - [upgradebot.py:368] - --- Checking BARDUSDT (Price: $0.6459) ---
2025-10-28 16:36:58,119 - INFO - [upgradebot.py:398] - Trade Amount $8.5000 >= min value $7.5573. Proceeding.
2025-10-28 16:36:58,119 - INFO - [upgradebot.py:227] - Fetching 90d 240m data for BARDUSDT...
2025-10-28 16:37:02,237 - INFO - [upgradebot.py:286] - BARDUSDT model trained. Acc: 0.82
2025-10-28 16:37:02,283 - INFO - [upgradebot.py:412] - [PREDICTION] BARDUSDT: BUY at $1.05436
2025-10-28 16:37:06,390 - INFO - [upgradebot.py:255] - No active position for BARDUSDT.
2025-10-28 16:37:06,396 - INFO - [upgradebot.py:424] - Calc LONG Intent: Qty~13.159524, Invest=$8.5000, Entry~$1.05225, TP~$1.10486, SL~$1.03121
2025-10-28 16:37:06,397 - INFO - [upgradebot.py:425] - Placing LONG Bracket Order...
2025-10-28 16:37:06,398 - INFO - [upgradebot.py:331] - [ACTION] Submitting LIMIT BUY BARDUSDT (Qty:13.1) @ Px:1.05225
2025-10-28 16:37:10,293 - ERROR - [upgradebot.py:131] - POST Attempt 1 failed: 400 Client Error: Bad Request for url: https://coinswitch.co/trade/api/v2/futures/order
2025-10-28 16:37:13,924 - ERROR - [upgradebot.py:131] - POST Attempt 2 failed: 400 Client Error: Bad Request for url: https://coinswitch.co/trade/api/v2/futures/order
2025-10-28 16:37:17,821 - ERROR - [upgradebot.py:131] - POST Attempt 3 failed: 400 Client Error: Bad Request for url: https://coinswitch.co/trade/api/v2/futures/order
2025-10-28 16:37:19,823 - ERROR - [upgradebot.py:135] - All POST retries failed: https://coinswitch.co/trade/api/v2/futures/order
2025-10-28 16:37:19,832 - ERROR - [upgradebot.py:341] - [TRADE] Submit FAIL BARDUSDT.
2025-10-28 16:37:19,833 - ERROR - [upgradebot.py:431] - LONG Entry failed BARDUSDT. TP/SL not placed.
2025-10-28 16:37:20,835 - INFO - [upgradebot.py:368] - --- Checking BATUSDT (Price: $0.1673) ---
2025-10-28 16:37:25,339 - INFO - [upgradebot.py:398] - Trade Amount $8.5000 >= min value $7.5118. Proceeding.
2025-10-28 16:37:25,340 - INFO - [upgradebot.py:227] - Fetching 90d 240m data for BATUSDT...
2025-10-28 16:37:30,722 - INFO - [upgradebot.py:286] - BATUSDT model trained. Acc: 0.83
2025-10-28 16:37:30,748 - INFO - [upgradebot.py:412] - [PREDICTION] BATUSDT: HOLD at $0.1543
2025-10-28 16:37:34,122 - INFO - [upgradebot.py:255] - No active position for BATUSDT.
2025-10-28 16:37:34,125 - INFO - [upgradebot.py:456] - ML predicts HOLD for BATUSDT. No action.
2025-10-28 16:37:35,126 - INFO - [upgradebot.py:368] - --- Checking BBUSDT (Price: $0.1200) ---
2025-10-28 16:37:39,516 - INFO - [upgradebot.py:398] - Trade Amount $8.5000 >= min value $7.5600. Proceeding.
2025-10-28 16:37:39,517 - INFO - [upgradebot.py:227] - Fetching 90d 240m data for BBUSDT...
2025-10-28 16:37:45,285 - INFO - [upgradebot.py:286] - BBUSDT model trained. Acc: 0.67
2025-10-28 16:37:45,312 - INFO - [upgradebot.py:412] - [PREDICTION] BBUSDT: BUY at $0.1597
2025-10-28 16:37:49,885 - INFO - [upgradebot.py:255] - No active position for BBUSDT.
2025-10-28 16:37:49,890 - INFO - [upgradebot.py:424] - Calc LONG Intent: Qty~70.833333, Invest=$8.5000, Entry~$0.1594, TP~$0.1673, SL~$0.1562
2025-10-28 16:37:49,890 - INFO - [upgradebot.py:425] - Placing LONG Bracket Order...
2025-10-28 16:37:49,891 - INFO - [upgradebot.py:331] - [ACTION] Submitting LIMIT BUY BBUSDT (Qty:70.0) @ Px:0.1594
2025-10-28 16:37:54,436 - ERROR - [upgradebot.py:131] - POST Attempt 1 failed: 400 Client Error: Bad Request for url: https://coinswitch.co/trade/api/v2/futures/order
2025-10-28 16:37:58,152 - ERROR - [upgradebot.py:131] - POST Attempt 2 failed: 400 Client Error: Bad Request for url: https://coinswitch.co/trade/api/v2/futures/order
2025-10-28 16:38:01,944 - ERROR - [upgradebot.py:131] - POST Attempt 3 failed: 400 Client Error: Bad Request for url: https://coinswitch.co/trade/api/v2/futures/order
2025-10-28 16:38:03,946 - ERROR - [upgradebot.py:135] - All POST retries failed: https://coinswitch.co/trade/api/v2/futures/order
2025-10-28 16:38:03,952 - ERROR - [upgradebot.py:341] - [TRADE] Submit FAIL BBUSDT.
2025-10-28 16:38:03,953 - ERROR - [upgradebot.py:431] - LONG Entry failed BBUSDT. TP/SL not placed.
2025-10-28 16:38:04,954 - INFO - [upgradebot.py:368] - --- Checking BCHUSDT (Price: $554.6000) ---
2025-10-28 16:38:09,652 - INFO - [upgradebot.py:395] - Skipping BCHUSDT. Trade Amount $8.5000 < min value $11.0920.
2025-10-28 16:38:10,155 - INFO - [upgradebot.py:368] - --- Checking BEAMUSDT (Price: $0.0052) ---
2025-10-28 16:38:14,935 - INFO - [upgradebot.py:398] - Trade Amount $8.5000 >= min value $7.5030. Proceeding.
2025-10-28 16:38:14,937 - INFO - [upgradebot.py:227] - Fetching 90d 240m data for BEAMUSDT...
2025-10-28 16:38:21,006 - INFO - [upgradebot.py:286] - BEAMUSDT model trained. Acc: 0.79
2025-10-28 16:38:21,031 - INFO - [upgradebot.py:412] - [PREDICTION] BEAMUSDT: HOLD at $0.007518
2025-10-28 16:38:25,372 - INFO - [upgradebot.py:255] - No active position for BEAMUSDT.
2025-10-28 16:38:25,381 - INFO - [upgradebot.py:456] - ML predicts HOLD for BEAMUSDT. No action.
2025-10-28 16:38:26,383 - INFO - [upgradebot.py:368] - --- Checking BELUSDT (Price: $0.2262) ---
2025-10-28 16:38:30,892 - INFO - [upgradebot.py:398] - Trade Amount $8.5000 >= min value $7.6908. Proceeding.
2025-10-28 16:38:30,894 - INFO - [upgradebot.py:227] - Fetching 90d 240m data for BELUSDT...
2025-10-28 16:38:36,210 - INFO - [upgradebot.py:286] - BELUSDT model trained. Acc: 0.90
2025-10-28 16:38:36,263 - INFO - [upgradebot.py:412] - [PREDICTION] BELUSDT: BUY at $0.2479
2025-10-28 16:38:40,560 - INFO - [upgradebot.py:255] - No active position for BELUSDT.
2025-10-28 16:38:40,567 - INFO - [upgradebot.py:424] - Calc LONG Intent: Qty~37.577365, Invest=$8.5000, Entry~$0.2474, TP~$0.2598, SL~$0.2425
2025-10-28 16:38:40,568 - INFO - [upgradebot.py:425] - Placing LONG Bracket Order...
2025-10-28 16:38:40,569 - INFO - [upgradebot.py:331] - [ACTION] Submitting LIMIT BUY BELUSDT (Qty:37.0) @ Px:0.2474
2025-10-28 16:38:44,767 - ERROR - [upgradebot.py:131] - POST Attempt 1 failed: 400 Client Error: Bad Request for url: https://coinswitch.co/trade/api/v2/futures/order
2025-10-28 16:38:48,890 - ERROR - [upgradebot.py:131] - POST Attempt 2 failed: 400 Client Error: Bad Request for url: https://coinswitch.co/trade/api/v2/futures/order
2025-10-28 16:38:52,935 - ERROR - [upgradebot.py:131] - POST Attempt 3 failed: 400 Client Error: Bad Request for url: https://coinswitch.co/trade/api/v2/futures/order
2025-10-28 16:38:54,936 - ERROR - [upgradebot.py:135] - All POST retries failed: https://coinswitch.co/trade/api/v2/futures/order
2025-10-28 16:38:54,940 - ERROR - [upgradebot.py:341] - [TRADE] Submit FAIL BELUSDT.
2025-10-28 16:38:54,940 - ERROR - [upgradebot.py:431] - LONG Entry failed BELUSDT. TP/SL not placed.
2025-10-28 16:38:55,942 - INFO - [upgradebot.py:368] - --- Checking BERAUSDT (Price: $1.7100) ---
2025-10-28 16:38:59,980 - INFO - [upgradebot.py:395] - Skipping BERAUSDT. Trade Amount $8.5000 < min value $8.5500.
2025-10-28 16:39:00,481 - INFO - [upgradebot.py:368] - --- Checking BICOUSDT (Price: $0.0646) ---
2025-10-28 16:39:05,483 - INFO - [upgradebot.py:398] - Trade Amount $8.5000 >= min value $7.4871. Proceeding.
2025-10-28 16:39:05,484 - INFO - [upgradebot.py:227] - Fetching 90d 240m data for BICOUSDT...
2025-10-28 16:39:10,811 - INFO - [upgradebot.py:286] - BICOUSDT model trained. Acc: 0.69
2025-10-28 16:39:10,873 - INFO - [upgradebot.py:412] - [PREDICTION] BICOUSDT: HOLD at $0.09770
2025-10-28 16:39:15,344 - INFO - [upgradebot.py:255] - No active position for BICOUSDT.
2025-10-28 16:39:15,356 - INFO - [upgradebot.py:456] - ML predicts HOLD for BICOUSDT. No action.
2025-10-28 16:39:16,358 - INFO - [upgradebot.py:368] - --- Checking BIGTIMEUSDT (Price: $0.0347) ---
2025-10-28 16:39:22,810 - INFO - [upgradebot.py:398] - Trade Amount $8.5000 >= min value $7.4887. Proceeding.
2025-10-28 16:39:22,811 - INFO - [upgradebot.py:227] - Fetching 90d 240m data for BIGTIMEUSDT...
2025-10-28 16:39:27,969 - INFO - [upgradebot.py:286] - BIGTIMEUSDT model trained. Acc: 0.79
2025-10-28 16:39:27,990 - INFO - [upgradebot.py:412] - [PREDICTION] BIGTIMEUSDT: SELL at $0.05351
2025-10-28 16:39:32,380 - INFO - [upgradebot.py:255] - No active position for BIGTIMEUSDT.
2025-10-28 16:39:32,388 - INFO - [upgradebot.py:443] - SELL signal BIGTIMEUSDT. Considering SHORT entry.
2025-10-28 16:39:32,392 - INFO - [upgradebot.py:446] - Calc SHORT Intent: Qty~245.168734, Invest=$8.5000, Entry~$0.05362, TP~$0.05094, SL~$0.05469
2025-10-28 16:39:32,394 - INFO - [upgradebot.py:447] - Placing SHORT Bracket Order...
2025-10-28 16:39:32,396 - INFO - [upgradebot.py:331] - [ACTION] Submitting LIMIT SELL BIGTIMEUSDT (Qty:245.0) @ Px:0.05362
2025-10-28 16:39:36,755 - ERROR - [upgradebot.py:131] - POST Attempt 1 failed: 500 Server Error: Internal Server Error for url: https://coinswitch.co/trade/api/v2/futures/order
2025-10-28 16:39:41,023 - ERROR - [upgradebot.py:131] - POST Attempt 2 failed: 500 Server Error: Internal Server Error for url: https://coinswitch.co/trade/api/v2/futures/order
2025-10-28 16:39:44,931 - ERROR - [upgradebot.py:131] - POST Attempt 3 failed: 500 Server Error: Internal Server Error for url: https://coinswitch.co/trade/api/v2/futures/order
2025-10-28 16:39:46,932 - ERROR - [upgradebot.py:135] - All POST retries failed: https://coinswitch.co/trade/api/v2/futures/order
2025-10-28 16:39:46,937 - ERROR - [upgradebot.py:341] - [TRADE] Submit FAIL BIGTIMEUSDT.
2025-10-28 16:39:46,938 - ERROR - [upgradebot.py:453] - SHORT Entry failed BIGTIMEUSDT. TP/SL not placed.
2025-10-28 16:39:47,939 - INFO - [upgradebot.py:368] - --- Checking BIOUSDT (Price: $0.0895) ---
2025-10-28 16:39:52,026 - INFO - [upgradebot.py:398] - Trade Amount $8.5000 >= min value $7.5155. Proceeding.
2025-10-28 16:39:52,027 - INFO - [upgradebot.py:227] - Fetching 90d 240m data for BIOUSDT...
2025-10-28 16:39:56,824 - INFO - [upgradebot.py:286] - BIOUSDT model trained. Acc: 0.81
2025-10-28 16:39:56,851 - INFO - [upgradebot.py:412] - [PREDICTION] BIOUSDT: SELL at $0.15876
2025-10-28 16:40:01,138 - INFO - [upgradebot.py:255] - No active position for BIOUSDT.
2025-10-28 16:40:01,141 - INFO - [upgradebot.py:443] - SELL signal BIOUSDT. Considering SHORT entry.
2025-10-28 16:40:01,142 - INFO - [upgradebot.py:446] - Calc SHORT Intent: Qty~95.003912, Invest=$8.5000, Entry~$0.15908, TP~$0.15112, SL~$0.16226
2025-10-28 16:40:01,142 - INFO - [upgradebot.py:447] - Placing SHORT Bracket Order...
2025-10-28 16:40:01,143 - INFO - [upgradebot.py:331] - [ACTION] Submitting LIMIT SELL BIOUSDT (Qty:95.0) @ Px:0.15908
2025-10-28 16:40:05,231 - ERROR - [upgradebot.py:131] - POST Attempt 1 failed: 500 Server Error: Internal Server Error for url: https://coinswitch.co/trade/api/v2/futures/order
2025-10-28 16:40:09,352 - ERROR - [upgradebot.py:131] - POST Attempt 2 failed: 500 Server Error: Internal Server Error for url: https://coinswitch.co/trade/api/v2/futures/order
2025-10-28 16:40:13,533 - ERROR - [upgradebot.py:131] - POST Attempt 3 failed: 500 Server Error: Internal Server Error for url: https://coinswitch.co/trade/api/v2/futures/order
2025-10-28 16:40:15,535 - ERROR - [upgradebot.py:135] - All POST retries failed: https://coinswitch.co/trade/api/v2/futures/order
2025-10-28 16:40:15,543 - ERROR - [upgradebot.py:341] - [TRADE] Submit FAIL BIOUSDT.
2025-10-28 16:40:15,544 - ERROR - [upgradebot.py:453] - SHORT Entry failed BIOUSDT. TP/SL not placed.
2025-10-28 16:40:16,545 - INFO - [upgradebot.py:368] - --- Checking BLASTUSDT (Price: $0.0015) ---
2025-10-28 16:40:20,688 - INFO - [upgradebot.py:398] - Trade Amount $8.5000 >= min value $7.5110. Proceeding.
2025-10-28 16:40:20,689 - INFO - [upgradebot.py:227] - Fetching 90d 240m data for BLASTUSDT...
2025-10-28 16:40:25,726 - INFO - [upgradebot.py:286] - BLASTUSDT model trained. Acc: 0.71
2025-10-28 16:40:25,753 - INFO - [upgradebot.py:412] - [PREDICTION] BLASTUSDT: HOLD at $0.002431
2025-10-28 16:40:29,397 - INFO - [upgradebot.py:255] - No active position for BLASTUSDT.
2025-10-28 16:40:29,404 - INFO - [upgradebot.py:456] - ML predicts HOLD for BLASTUSDT. No action.
2025-10-28 16:40:30,406 - INFO - [upgradebot.py:368] - --- Checking BLESSUSDT (Price: $0.0451) ---
2025-10-28 16:40:35,218 - INFO - [upgradebot.py:398] - Trade Amount $8.5000 >= min value $7.5734. Proceeding.
2025-10-28 16:40:35,219 - INFO - [upgradebot.py:227] - Fetching 90d 240m data for BLESSUSDT...
2025-10-28 16:40:40,563 - INFO - [upgradebot.py:286] - BLESSUSDT model trained. Acc: 0.76
2025-10-28 16:40:40,607 - INFO - [upgradebot.py:412] - [PREDICTION] BLESSUSDT: BUY at $0.06941
2025-10-28 16:40:44,066 - INFO - [upgradebot.py:255] - No active position for BLESSUSDT.
2025-10-28 16:40:44,073 - INFO - [upgradebot.py:424] - Calc LONG Intent: Qty~188.553682, Invest=$8.5000, Entry~$0.06927, TP~$0.07273, SL~$0.06789
2025-10-28 16:40:44,074 - INFO - [upgradebot.py:425] - Placing LONG Bracket Order...
2025-10-28 16:40:44,075 - INFO - [upgradebot.py:331] - [ACTION] Submitting LIMIT BUY BLESSUSDT (Qty:180.0) @ Px:0.06927
2025-10-28 16:40:48,440 - ERROR - [upgradebot.py:131] - POST Attempt 1 failed: 400 Client Error: Bad Request for url: https://coinswitch.co/trade/api/v2/futures/order
2025-10-28 16:40:51,792 - ERROR - [upgradebot.py:131] - POST Attempt 2 failed: 400 Client Error: Bad Request for url: https://coinswitch.co/trade/api/v2/futures/order
2025-10-28 16:40:55,400 - ERROR - [upgradebot.py:131] - POST Attempt 3 failed: 400 Client Error: Bad Request for url: https://coinswitch.co/trade/api/v2/futures/order
2025-10-28 16:40:57,401 - ERROR - [upgradebot.py:135] - All POST retries failed: https://coinswitch.co/trade/api/v2/futures/order
2025-10-28 16:40:57,406 - ERROR - [upgradebot.py:341] - [TRADE] Submit FAIL BLESSUSDT.
2025-10-28 16:40:57,406 - ERROR - [upgradebot.py:431] - LONG Entry failed BLESSUSDT. TP/SL not placed.
2025-10-28 16:40:58,407 - INFO - [upgradebot.py:368] - --- Checking BLUAIUSDT (Price: $0.0186) ---
2025-10-28 16:41:03,081 - INFO - [upgradebot.py:398] - Trade Amount $8.5000 >= min value $7.4918. Proceeding.
2025-10-28 16:41:03,082 - INFO - [upgradebot.py:227] - Fetching 90d 240m data for BLUAIUSDT...
2025-10-28 16:41:08,149 - WARNING - [upgradebot.py:277] - Not enough hist data BLUAIUSDT (22<100). Skip train.
2025-10-28 16:41:08,151 - INFO - [upgradebot.py:412] - [PREDICTION] BLUAIUSDT: HOLD at $0.02399
2025-10-28 16:41:12,380 - INFO - [upgradebot.py:255] - No active position for BLUAIUSDT.
2025-10-28 16:41:12,386 - INFO - [upgradebot.py:456] - ML predicts HOLD for BLUAIUSDT. No action.
2025-10-28 16:41:13,388 - INFO - [upgradebot.py:368] - --- Checking BLURUSDT (Price: $0.0513) ---
2025-10-28 16:41:17,288 - INFO - [upgradebot.py:398] - Trade Amount $8.5000 >= min value $7.5411. Proceeding.
2025-10-28 16:41:17,292 - INFO - [upgradebot.py:227] - Fetching 90d 240m data for BLURUSDT...
2025-10-28 16:41:20,754 - INFO - [upgradebot.py:286] - BLURUSDT model trained. Acc: 0.74
2025-10-28 16:41:20,769 - INFO - [upgradebot.py:412] - [PREDICTION] BLURUSDT: SELL at $0.08374
2025-10-28 16:41:23,999 - INFO - [upgradebot.py:255] - No active position for BLURUSDT.
2025-10-28 16:41:24,029 - INFO - [upgradebot.py:443] - SELL signal BLURUSDT. Considering SHORT entry.
2025-10-28 16:41:24,030 - INFO - [upgradebot.py:446] - Calc SHORT Intent: Qty~165.692008, Invest=$8.5000, Entry~$0.08391, TP~$0.07971, SL~$0.08559
2025-10-28 16:41:24,030 - INFO - [upgradebot.py:447] - Placing SHORT Bracket Order...
2025-10-28 16:41:24,031 - INFO - [upgradebot.py:331] - [ACTION] Submitting LIMIT SELL BLURUSDT (Qty:165.0) @ Px:0.08391
2025-10-28 16:41:27,063 - ERROR - [upgradebot.py:131] - POST Attempt 1 failed: 500 Server Error: Internal Server Error for url: https://coinswitch.co/trade/api/v2/futures/order
2025-10-28 16:41:31,574 - ERROR - [upgradebot.py:131] - POST Attempt 2 failed: 500 Server Error: Internal Server Error for url: https://coinswitch.co/trade/api/v2/futures/order
2025-10-28 16:41:35,226 - ERROR - [upgradebot.py:131] - POST Attempt 3 failed: 500 Server Error: Internal Server Error for url: https://coinswitch.co/trade/api/v2/futures/order
2025-10-28 16:41:37,228 - ERROR - [upgradebot.py:135] - All POST retries failed: https://coinswitch.co/trade/api/v2/futures/order
2025-10-28 16:41:37,233 - ERROR - [upgradebot.py:341] - [TRADE] Submit FAIL BLURUSDT.
2025-10-28 16:41:37,234 - ERROR - [upgradebot.py:453] - SHORT Entry failed BLURUSDT. TP/SL not placed.
2025-10-28 16:41:38,235 - INFO - [upgradebot.py:368] - --- Checking BMTUSDT (Price: $0.0426) ---
2025-10-28 16:41:41,133 - INFO - [upgradebot.py:398] - Trade Amount $8.5000 >= min value $7.5331. Proceeding.
2025-10-28 16:41:41,133 - INFO - [upgradebot.py:227] - Fetching 90d 240m data for BMTUSDT...
2025-10-28 16:41:44,698 - INFO - [upgradebot.py:286] - BMTUSDT model trained. Acc: 0.69
2025-10-28 16:41:44,718 - INFO - [upgradebot.py:412] - [PREDICTION] BMTUSDT: SELL at $0.06958
2025-10-28 16:41:47,511 - INFO - [upgradebot.py:255] - No active position for BMTUSDT.
2025-10-28 16:41:47,518 - INFO - [upgradebot.py:443] - SELL signal BMTUSDT. Considering SHORT entry.
2025-10-28 16:41:47,519 - INFO - [upgradebot.py:446] - Calc SHORT Intent: Qty~199.718045, Invest=$8.5000, Entry~$0.06972, TP~$0.06623, SL~$0.07111
2025-10-28 16:41:47,522 - INFO - [upgradebot.py:447] - Placing SHORT Bracket Order...
2025-10-28 16:41:47,524 - INFO - [upgradebot.py:331] - [ACTION] Submitting LIMIT SELL BMTUSDT (Qty:199.0) @ Px:0.06972
2025-10-28 16:41:50,501 - ERROR - [upgradebot.py:131] - POST Attempt 1 failed: 500 Server Error: Internal Server Error for url: https://coinswitch.co/trade/api/v2/futures/order
2025-10-28 16:41:54,969 - ERROR - [upgradebot.py:131] - POST Attempt 2 failed: 500 Server Error: Internal Server Error for url: https://coinswitch.co/trade/api/v2/futures/order
2025-10-28 16:41:59,025 - ERROR - [upgradebot.py:131] - POST Attempt 3 failed: 500 Server Error: Internal Server Error for url: https://coinswitch.co/trade/api/v2/futures/order
2025-10-28 16:42:01,027 - ERROR - [upgradebot.py:135] - All POST retries failed: https://coinswitch.co/trade/api/v2/futures/order
2025-10-28 16:42:01,032 - ERROR - [upgradebot.py:341] - [TRADE] Submit FAIL BMTUSDT.
2025-10-28 16:42:01,033 - ERROR - [upgradebot.py:453] - SHORT Entry failed BMTUSDT. TP/SL not placed.
2025-10-28 16:42:02,037 - INFO - [upgradebot.py:368] - --- Checking BNBUSDT (Price: $1134.5000) ---
2025-10-28 16:42:07,150 - INFO - [upgradebot.py:395] - Skipping BNBUSDT. Trade Amount $8.5000 < min value $11.3450.
2025-10-28 16:42:07,652 - INFO - [upgradebot.py:368] - --- Checking BNTUSDT (Price: $0.6149) ---
2025-10-28 16:42:12,200 - INFO - [upgradebot.py:398] - Trade Amount $8.5000 >= min value $7.9937. Proceeding.
2025-10-28 16:42:12,202 - INFO - [upgradebot.py:227] - Fetching 90d 240m data for BNTUSDT...
2025-10-28 16:42:17,159 - INFO - [upgradebot.py:286] - BNTUSDT model trained. Acc: 0.79
2025-10-28 16:42:17,178 - INFO - [upgradebot.py:412] - [PREDICTION] BNTUSDT: HOLD at $0.72910
2025-10-28 16:42:21,899 - INFO - [upgradebot.py:255] - No active position for BNTUSDT.
2025-10-28 16:42:21,905 - INFO - [upgradebot.py:456] - ML predicts HOLD for BNTUSDT. No action.
2025-10-28 16:42:22,906 - INFO - [upgradebot.py:368] - --- Checking BOBAUSDT (Price: $0.0660) ---
2025-10-28 16:42:27,993 - INFO - [upgradebot.py:398] - Trade Amount $8.5000 >= min value $7.5128. Proceeding.
2025-10-28 16:42:27,994 - INFO - [upgradebot.py:227] - Fetching 90d 240m data for BOBAUSDT...
2025-10-28 16:42:32,102 - INFO - [upgradebot.py:286] - BOBAUSDT model trained. Acc: 0.76
2025-10-28 16:42:32,124 - INFO - [upgradebot.py:412] - [PREDICTION] BOBAUSDT: HOLD at $0.09589
2025-10-28 16:42:43,481 - ERROR - [upgradebot.py:117] - GET Attempt 1 failed: HTTPSConnectionPool(host='coinswitch.co', port=443): Read timed out. (read timeout=10)
2025-10-28 16:43:06,359 - INFO - [upgradebot.py:255] - No active position for BOBAUSDT.
2025-10-28 16:43:06,361 - INFO - [upgradebot.py:456] - ML predicts HOLD for BOBAUSDT. No action.
2025-10-28 16:43:07,362 - INFO - [upgradebot.py:368] - --- Checking BOMEUSDT (Price: $0.0011) ---
2025-10-28 16:43:11,079 - INFO - [upgradebot.py:398] - Trade Amount $8.5000 >= min value $7.5007. Proceeding.
2025-10-28 16:43:11,080 - INFO - [upgradebot.py:227] - Fetching 90d 240m data for BOMEUSDT...
2025-10-28 16:43:16,657 - INFO - [upgradebot.py:286] - BOMEUSDT model trained. Acc: 0.83
2025-10-28 16:43:16,714 - INFO - [upgradebot.py:412] - [PREDICTION] BOMEUSDT: HOLD at $0.002056
2025-10-28 16:43:20,881 - INFO - [upgradebot.py:255] - No active position for BOMEUSDT.
2025-10-28 16:43:20,887 - INFO - [upgradebot.py:456] - ML predicts HOLD for BOMEUSDT. No action.
2025-10-28 16:43:21,888 - INFO - [upgradebot.py:368] - --- Checking BRUSDT (Price: $0.0698) ---
2025-10-28 16:43:26,895 - INFO - [upgradebot.py:398] - Trade Amount $8.5000 >= min value $7.6028. Proceeding.
2025-10-28 16:43:26,896 - INFO - [upgradebot.py:227] - Fetching 90d 240m data for BRUSDT...
2025-10-28 16:43:32,387 - INFO - [upgradebot.py:286] - BRUSDT model trained. Acc: 0.79
2025-10-28 16:43:32,414 - INFO - [upgradebot.py:412] - [PREDICTION] BRUSDT: SELL at $0.07886
2025-10-28 16:43:37,122 - INFO - [upgradebot.py:255] - No active position for BRUSDT.
2025-10-28 16:43:37,127 - INFO - [upgradebot.py:443] - SELL signal BRUSDT. Considering SHORT entry.
2025-10-28 16:43:37,128 - INFO - [upgradebot.py:446] - Calc SHORT Intent: Qty~121.863799, Invest=$8.5000, Entry~$0.07902, TP~$0.07507, SL~$0.08060
2025-10-28 16:43:37,128 - INFO - [upgradebot.py:447] - Placing SHORT Bracket Order...
2025-10-28 16:43:37,129 - INFO - [upgradebot.py:331] - [ACTION] Submitting LIMIT SELL BRUSDT (Qty:121.0) @ Px:0.07902
2025-10-28 16:43:41,507 - ERROR - [upgradebot.py:131] - POST Attempt 1 failed: 500 Server Error: Internal Server Error for url: https://coinswitch.co/trade/api/v2/futures/order
2025-10-28 16:43:45,615 - ERROR - [upgradebot.py:131] - POST Attempt 2 failed: 500 Server Error: Internal Server Error for url: https://coinswitch.co/trade/api/v2/futures/order
2025-10-28 16:43:49,443 - ERROR - [upgradebot.py:131] - POST Attempt 3 failed: 500 Server Error: Internal Server Error for url: https://coinswitch.co/trade/api/v2/futures/order
2025-10-28 16:43:51,444 - ERROR - [upgradebot.py:135] - All POST retries failed: https://coinswitch.co/trade/api/v2/futures/order
2025-10-28 16:43:51,448 - ERROR - [upgradebot.py:341] - [TRADE] Submit FAIL BRUSDT.
2025-10-28 16:43:51,449 - ERROR - [upgradebot.py:453] - SHORT Entry failed BRUSDT. TP/SL not placed.
2025-10-28 16:43:52,450 - INFO - [upgradebot.py:368] - --- Checking BRETTUSDT (Price: $0.0304) ---
2025-10-28 16:43:56,783 - INFO - [upgradebot.py:398] - Trade Amount $8.5000 >= min value $7.5187. Proceeding.
2025-10-28 16:43:56,784 - INFO - [upgradebot.py:227] - Fetching 90d 240m data for BRETTUSDT...
2025-10-28 16:44:01,911 - INFO - [upgradebot.py:286] - BRETTUSDT model trained. Acc: 0.81
2025-10-28 16:44:01,929 - INFO - [upgradebot.py:412] - [PREDICTION] BRETTUSDT: HOLD at $0.05038
2025-10-28 16:44:06,338 - INFO - [upgradebot.py:255] - No active position for BRETTUSDT.
2025-10-28 16:44:06,343 - INFO - [upgradebot.py:456] - ML predicts HOLD for BRETTUSDT. No action.
2025-10-28 16:44:07,345 - INFO - [upgradebot.py:368] - --- Checking BROCCOLIUSDT (Price: $0.0229) ---
2025-10-28 16:44:11,843 - INFO - [upgradebot.py:398] - Trade Amount $8.5000 >= min value $7.5210. Proceeding.
2025-10-28 16:44:11,844 - INFO - [upgradebot.py:227] - Fetching 90d 240m data for BROCCOLIUSDT...
2025-10-28 16:44:15,965 - INFO - [upgradebot.py:286] - BROCCOLIUSDT model trained. Acc: 0.81
2025-10-28 16:44:15,989 - INFO - [upgradebot.py:412] - [PREDICTION] BROCCOLIUSDT: BUY at $0.02610
2025-10-28 16:44:19,327 - INFO - [upgradebot.py:255] - No active position for BROCCOLIUSDT.
2025-10-28 16:44:19,334 - INFO - [upgradebot.py:424] - Calc LONG Intent: Qty~370.693415, Invest=$8.5000, Entry~$0.02605, TP~$0.02735, SL~$0.02553
2025-10-28 16:44:19,335 - INFO - [upgradebot.py:425] - Placing LONG Bracket Order...
2025-10-28 16:44:19,336 - INFO - [upgradebot.py:331] - [ACTION] Submitting LIMIT BUY BROCCOLIUSDT (Qty:370.0) @ Px:0.02605
2025-10-28 16:44:23,344 - ERROR - [upgradebot.py:131] - POST Attempt 1 failed: 400 Client Error: Bad Request for url: https://coinswitch.co/trade/api/v2/futures/order
2025-10-28 16:44:27,785 - ERROR - [upgradebot.py:131] - POST Attempt 2 failed: 400 Client Error: Bad Request for url: https://coinswitch.co/trade/api/v2/futures/order
2025-10-28 16:44:31,765 - ERROR - [upgradebot.py:131] - POST Attempt 3 failed: 400 Client Error: Bad Request for url: https://coinswitch.co/trade/api/v2/futures/order
2025-10-28 16:44:33,766 - ERROR - [upgradebot.py:135] - All POST retries failed: https://coinswitch.co/trade/api/v2/futures/order
2025-10-28 16:44:33,769 - ERROR - [upgradebot.py:341] - [TRADE] Submit FAIL BROCCOLIUSDT.
2025-10-28 16:44:33,770 - ERROR - [upgradebot.py:431] - LONG Entry failed BROCCOLIUSDT. TP/SL not placed.
2025-10-28 16:44:34,771 - INFO - [upgradebot.py:368] - --- Checking BSUUSDT (Price: $0.2056) ---
2025-10-28 16:44:38,330 - INFO - [upgradebot.py:398] - Trade Amount $8.5000 >= min value $7.6072. Proceeding.
2025-10-28 16:44:38,330 - INFO - [upgradebot.py:227] - Fetching 90d 240m data for BSUUSDT...
2025-10-28 16:44:42,795 - INFO - [upgradebot.py:286] - BSUUSDT model trained. Acc: 0.79
2025-10-28 16:44:42,838 - INFO - [upgradebot.py:412] - [PREDICTION] BSUUSDT: HOLD at $0.10451
2025-10-28 16:44:46,748 - INFO - [upgradebot.py:255] - No active position for BSUUSDT.
2025-10-28 16:44:46,756 - INFO - [upgradebot.py:456] - ML predicts HOLD for BSUUSDT. No action.
2025-10-28 16:44:47,758 - INFO - [upgradebot.py:368] - --- Checking BSVUSDT (Price: $22.4700) ---
2025-10-28 16:44:52,749 - INFO - [upgradebot.py:398] - Trade Amount $8.5000 >= min value $7.6398. Proceeding.
2025-10-28 16:44:52,750 - INFO - [upgradebot.py:227] - Fetching 90d 240m data for BSVUSDT...
2025-10-28 16:44:57,437 - INFO - [upgradebot.py:286] - BSVUSDT model trained. Acc: 0.86
2025-10-28 16:44:57,469 - INFO - [upgradebot.py:412] - [PREDICTION] BSVUSDT: HOLD at $26.32
2025-10-28 16:45:00,874 - INFO - [upgradebot.py:255] - No active position for BSVUSDT.
2025-10-28 16:45:00,883 - INFO - [upgradebot.py:456] - ML predicts HOLD for BSVUSDT. No action.
2025-10-28 16:45:01,884 - INFO - [upgradebot.py:368] - --- Checking BTCUSDT (Price: $114439.9000) ---
2025-10-28 16:45:06,691 - INFO - [upgradebot.py:395] - Skipping BTCUSDT. Trade Amount $8.5000 < min value $114.4399.
2025-10-28 16:45:07,193 - INFO - [upgradebot.py:368] - --- Checking BTRUSDT (Price: $0.0702) ---
2025-10-28 16:45:11,366 - INFO - [upgradebot.py:398] - Trade Amount $8.5000 >= min value $7.5146. Proceeding.
2025-10-28 16:45:11,367 - INFO - [upgradebot.py:227] - Fetching 90d 240m data for BTRUSDT...
2025-10-28 16:45:16,675 - INFO - [upgradebot.py:286] - BTRUSDT model trained. Acc: 0.81
2025-10-28 16:45:16,704 - INFO - [upgradebot.py:412] - [PREDICTION] BTRUSDT: SELL at $0.10419
2025-10-28 16:45:20,164 - INFO - [upgradebot.py:255] - No active position for BTRUSDT.
2025-10-28 16:45:20,173 - INFO - [upgradebot.py:443] - SELL signal BTRUSDT. Considering SHORT entry.
2025-10-28 16:45:20,174 - INFO - [upgradebot.py:446] - Calc SHORT Intent: Qty~121.030898, Invest=$8.5000, Entry~$0.10440, TP~$0.09918, SL~$0.10649
2025-10-28 16:45:20,175 - INFO - [upgradebot.py:447] - Placing SHORT Bracket Order...
2025-10-28 16:45:20,177 - INFO - [upgradebot.py:331] - [ACTION] Submitting LIMIT SELL BTRUSDT (Qty:121.0) @ Px:0.1044
2025-10-28 16:45:24,289 - ERROR - [upgradebot.py:131] - POST Attempt 1 failed: 500 Server Error: Internal Server Error for url: https://coinswitch.co/trade/api/v2/futures/order
2025-10-28 16:45:28,474 - ERROR - [upgradebot.py:131] - POST Attempt 2 failed: 500 Server Error: Internal Server Error for url: https://coinswitch.co/trade/api/v2/futures/order
2025-10-28 16:45:32,494 - ERROR - [upgradebot.py:131] - POST Attempt 3 failed: 500 Server Error: Internal Server Error for url: https://coinswitch.co/trade/api/v2/futures/order
2025-10-28 16:45:34,495 - ERROR - [upgradebot.py:135] - All POST retries failed: https://coinswitch.co/trade/api/v2/futures/order
2025-10-28 16:45:34,498 - ERROR - [upgradebot.py:341] - [TRADE] Submit FAIL BTRUSDT.
2025-10-28 16:45:34,498 - ERROR - [upgradebot.py:453] - SHORT Entry failed BTRUSDT. TP/SL not placed.
2025-10-28 16:45:35,499 - INFO - [upgradebot.py:368] - --- Checking CUSDT (Price: $0.1178) ---
2025-10-28 16:45:38,285 - INFO - [upgradebot.py:398] - Trade Amount $8.5000 >= min value $7.5424. Proceeding.
2025-10-28 16:45:38,286 - INFO - [upgradebot.py:227] - Fetching 90d 240m data for CUSDT...
2025-10-28 16:45:41,773 - INFO - [upgradebot.py:286] - CUSDT model trained. Acc: 0.79
2025-10-28 16:45:41,796 - INFO - [upgradebot.py:412] - [PREDICTION] CUSDT: HOLD at $0.25500
2025-10-28 16:45:44,478 - INFO - [upgradebot.py:255] - No active position for CUSDT.
2025-10-28 16:45:44,483 - INFO - [upgradebot.py:456] - ML predicts HOLD for CUSDT. No action.
2025-10-28 16:45:45,485 - INFO - [upgradebot.py:368] - --- Checking C98USDT (Price: $0.0372) ---
2025-10-28 16:45:48,149 - INFO - [upgradebot.py:398] - Trade Amount $8.5000 >= min value $7.5022. Proceeding.
2025-10-28 16:45:48,150 - INFO - [upgradebot.py:227] - Fetching 90d 240m data for C98USDT...
2025-10-28 16:45:51,545 - INFO - [upgradebot.py:286] - C98USDT model trained. Acc: 0.76
2025-10-28 16:45:51,619 - INFO - [upgradebot.py:412] - [PREDICTION] C98USDT: SELL at $0.05089
2025-10-28 16:45:54,416 - INFO - [upgradebot.py:255] - No active position for C98USDT.
2025-10-28 16:45:54,419 - INFO - [upgradebot.py:443] - SELL signal C98USDT. Considering SHORT entry.
2025-10-28 16:45:54,419 - INFO - [upgradebot.py:446] - Calc SHORT Intent: Qty~228.187919, Invest=$8.5000, Entry~$0.05099, TP~$0.04844, SL~$0.05201
2025-10-28 16:45:54,420 - INFO - [upgradebot.py:447] - Placing SHORT Bracket Order...
2025-10-28 16:45:54,420 - INFO - [upgradebot.py:331] - [ACTION] Submitting LIMIT SELL C98USDT (Qty:228.1) @ Px:0.05099
2025-10-28 16:45:57,048 - ERROR - [upgradebot.py:131] - POST Attempt 1 failed: 500 Server Error: Internal Server Error for url: https://coinswitch.co/trade/api/v2/futures/order
2025-10-28 16:46:00,467 - ERROR - [upgradebot.py:131] - POST Attempt 2 failed: 500 Server Error: Internal Server Error for url: https://coinswitch.co/trade/api/v2/futures/order
2025-10-28 16:46:04,151 - ERROR - [upgradebot.py:131] - POST Attempt 3 failed: 500 Server Error: Internal Server Error for url: https://coinswitch.co/trade/api/v2/futures/order
2025-10-28 16:46:06,188 - ERROR - [upgradebot.py:135] - All POST retries failed: https://coinswitch.co/trade/api/v2/futures/order
2025-10-28 16:46:06,202 - ERROR - [upgradebot.py:341] - [TRADE] Submit FAIL C98USDT.
2025-10-28 16:46:06,203 - ERROR - [upgradebot.py:453] - SHORT Entry failed C98USDT. TP/SL not placed.
2025-10-28 16:46:07,204 - INFO - [upgradebot.py:368] - --- Checking CAKEUSDT (Price: $2.6960) ---
2025-10-28 16:46:09,864 - INFO - [upgradebot.py:398] - Trade Amount $8.5000 >= min value $7.5488. Proceeding.
2025-10-28 16:46:09,864 - INFO - [upgradebot.py:227] - Fetching 90d 240m data for CAKEUSDT...
2025-10-28 16:46:13,102 - INFO - [upgradebot.py:286] - CAKEUSDT model trained. Acc: 0.79
2025-10-28 16:46:13,119 - INFO - [upgradebot.py:412] - [PREDICTION] CAKEUSDT: BUY at $2.459
2025-10-28 16:46:15,698 - INFO - [upgradebot.py:255] - No active position for CAKEUSDT.
2025-10-28 16:46:15,702 - INFO - [upgradebot.py:424] - Calc LONG Intent: Qty~3.152819, Invest=$8.5000, Entry~$2.454, TP~$2.577, SL~$2.405
2025-10-28 16:46:15,702 - INFO - [upgradebot.py:425] - Placing LONG Bracket Order...
2025-10-28 16:46:15,703 - INFO - [upgradebot.py:331] - [ACTION] Submitting LIMIT BUY CAKEUSDT (Qty:3.1) @ Px:2.454
2025-10-28 16:46:18,384 - ERROR - [upgradebot.py:131] - POST Attempt 1 failed: 500 Server Error: Internal Server Error for url: https://coinswitch.co/trade/api/v2/futures/order
2025-10-28 16:46:21,520 - ERROR - [upgradebot.py:131] - POST Attempt 2 failed: 500 Server Error: Internal Server Error for url: https://coinswitch.co/trade/api/v2/futures/order
2025-10-28 16:46:25,233 - ERROR - [upgradebot.py:131] - POST Attempt 3 failed: 500 Server Error: Internal Server Error for url: https://coinswitch.co/trade/api/v2/futures/order
2025-10-28 16:46:27,233 - ERROR - [upgradebot.py:135] - All POST retries failed: https://coinswitch.co/trade/api/v2/futures/order
2025-10-28 16:46:27,237 - ERROR - [upgradebot.py:341] - [TRADE] Submit FAIL CAKEUSDT.
2025-10-28 16:46:27,237 - ERROR - [upgradebot.py:431] - LONG Entry failed CAKEUSDT. TP/SL not placed.
2025-10-28 16:46:28,238 - INFO - [upgradebot.py:368] - --- Checking CAMPUSDT (Price: $0.0135) ---
2025-10-28 16:46:30,997 - INFO - [upgradebot.py:398] - Trade Amount $8.5000 >= min value $7.5274. Proceeding.
2025-10-28 16:46:30,997 - INFO - [upgradebot.py:227] - Fetching 90d 240m data for CAMPUSDT...
2025-10-28 16:46:36,435 - INFO - [upgradebot.py:286] - CAMPUSDT model trained. Acc: 0.81
2025-10-28 16:46:36,466 - INFO - [upgradebot.py:412] - [PREDICTION] CAMPUSDT: HOLD at $0.05053
2025-10-28 16:46:40,089 - INFO - [upgradebot.py:255] - No active position for CAMPUSDT.
2025-10-28 16:46:40,096 - INFO - [upgradebot.py:456] - ML predicts HOLD for CAMPUSDT. No action.
2025-10-28 16:46:41,097 - INFO - [upgradebot.py:368] - --- Checking CARVUSDT (Price: $0.1585) ---
2025-10-28 16:46:44,691 - INFO - [upgradebot.py:398] - Trade Amount $8.5000 >= min value $7.6080. Proceeding.
2025-10-28 16:46:44,691 - INFO - [upgradebot.py:227] - Fetching 90d 240m data for CARVUSDT...
2025-10-28 16:46:47,795 - INFO - [upgradebot.py:286] - CARVUSDT model trained. Acc: 0.76
2025-10-28 16:46:47,814 - INFO - [upgradebot.py:412] - [PREDICTION] CARVUSDT: HOLD at $0.3058
2025-10-28 16:46:50,906 - INFO - [upgradebot.py:255] - No active position for CARVUSDT.
2025-10-28 16:46:50,909 - INFO - [upgradebot.py:456] - ML predicts HOLD for CARVUSDT. No action.
2025-10-28 16:46:51,910 - INFO - [upgradebot.py:368] - --- Checking CATIUSDT (Price: $0.0835) ---
2025-10-28 16:46:55,220 - INFO - [upgradebot.py:398] - Trade Amount $8.5000 >= min value $7.5141. Proceeding.
2025-10-28 16:46:55,221 - INFO - [upgradebot.py:227] - Fetching 90d 240m data for CATIUSDT...
2025-10-28 16:47:00,719 - INFO - [upgradebot.py:286] - CATIUSDT model trained. Acc: 0.74
2025-10-28 16:47:00,740 - INFO - [upgradebot.py:412] - [PREDICTION] CATIUSDT: SELL at $0.08579
2025-10-28 16:47:05,330 - INFO - [upgradebot.py:255] - No active position for CATIUSDT.
2025-10-28 16:47:05,340 - INFO - [upgradebot.py:443] - SELL signal CATIUSDT. Considering SHORT entry.
2025-10-28 16:47:05,342 - INFO - [upgradebot.py:446] - Calc SHORT Intent: Qty~101.808600, Invest=$8.5000, Entry~$0.08596, TP~$0.08166, SL~$0.08768
2025-10-28 16:47:05,343 - INFO - [upgradebot.py:447] - Placing SHORT Bracket Order...
2025-10-28 16:47:05,345 - INFO - [upgradebot.py:331] - [ACTION] Submitting LIMIT SELL CATIUSDT (Qty:101.0) @ Px:0.08596
2025-10-28 16:47:10,314 - ERROR - [upgradebot.py:131] - POST Attempt 1 failed: 500 Server Error: Internal Server Error for url: https://coinswitch.co/trade/api/v2/futures/order
2025-10-28 16:47:13,759 - ERROR - [upgradebot.py:131] - POST Attempt 2 failed: 500 Server Error: Internal Server Error for url: https://coinswitch.co/trade/api/v2/futures/order
2025-10-28 16:47:17,367 - ERROR - [upgradebot.py:131] - POST Attempt 3 failed: 500 Server Error: Internal Server Error for url: https://coinswitch.co/trade/api/v2/futures/order
2025-10-28 16:47:19,370 - ERROR - [upgradebot.py:135] - All POST retries failed: https://coinswitch.co/trade/api/v2/futures/order
2025-10-28 16:47:19,381 - ERROR - [upgradebot.py:341] - [TRADE] Submit FAIL CATIUSDT.
2025-10-28 16:47:19,382 - ERROR - [upgradebot.py:453] - SHORT Entry failed CATIUSDT. TP/SL not placed.
2025-10-28 16:47:20,384 - INFO - [upgradebot.py:368] - --- Checking CELOUSDT (Price: $0.2514) ---
2025-10-28 16:47:23,450 - INFO - [upgradebot.py:398] - Trade Amount $8.5000 >= min value $7.5169. Proceeding.
2025-10-28 16:47:23,451 - INFO - [upgradebot.py:227] - Fetching 90d 240m data for CELOUSDT...
2025-10-28 16:47:28,444 - INFO - [upgradebot.py:286] - CELOUSDT model trained. Acc: 0.93
2025-10-28 16:47:28,465 - INFO - [upgradebot.py:412] - [PREDICTION] CELOUSDT: BUY at $0.3071
2025-10-28 16:47:33,204 - INFO - [upgradebot.py:255] - No active position for CELOUSDT.
2025-10-28 16:47:33,216 - INFO - [upgradebot.py:424] - Calc LONG Intent: Qty~33.810660, Invest=$8.5000, Entry~$0.3065, TP~$0.3218, SL~$0.3004
2025-10-28 16:47:33,217 - INFO - [upgradebot.py:425] - Placing LONG Bracket Order...
2025-10-28 16:47:33,219 - INFO - [upgradebot.py:331] - [ACTION] Submitting LIMIT BUY CELOUSDT (Qty:33.8) @ Px:0.3065
2025-10-28 16:47:36,396 - ERROR - [upgradebot.py:131] - POST Attempt 1 failed: 400 Client Error: Bad Request for url: https://coinswitch.co/trade/api/v2/futures/order
2025-10-28 16:47:39,433 - ERROR - [upgradebot.py:131] - POST Attempt 2 failed: 400 Client Error: Bad Request for url: https://coinswitch.co/trade/api/v2/futures/order
2025-10-28 16:47:42,712 - ERROR - [upgradebot.py:131] - POST Attempt 3 failed: 400 Client Error: Bad Request for url: https://coinswitch.co/trade/api/v2/futures/order
2025-10-28 16:47:44,714 - ERROR - [upgradebot.py:135] - All POST retries failed: https://coinswitch.co/trade/api/v2/futures/order
2025-10-28 16:47:44,717 - ERROR - [upgradebot.py:341] - [TRADE] Submit FAIL CELOUSDT.
2025-10-28 16:47:44,717 - ERROR - [upgradebot.py:431] - LONG Entry failed CELOUSDT. TP/SL not placed.
2025-10-28 16:47:45,718 - INFO - [upgradebot.py:368] - --- Checking CELRUSDT (Price: $0.0058) ---
2025-10-28 16:47:49,056 - INFO - [upgradebot.py:398] - Trade Amount $8.5000 >= min value $7.4930. Proceeding.
2025-10-28 16:47:49,057 - INFO - [upgradebot.py:227] - Fetching 90d 240m data for CELRUSDT...
2025-10-28 16:47:54,968 - INFO - [upgradebot.py:286] - CELRUSDT model trained. Acc: 0.86
2025-10-28 16:47:54,984 - INFO - [upgradebot.py:412] - [PREDICTION] CELRUSDT: SELL at $0.007775
2025-10-28 16:47:58,975 - INFO - [upgradebot.py:255] - No active position for CELRUSDT.
2025-10-28 16:47:58,981 - INFO - [upgradebot.py:443] - SELL signal CELRUSDT. Considering SHORT entry.
2025-10-28 16:47:58,982 - INFO - [upgradebot.py:446] - Calc SHORT Intent: Qty~1476.976542, Invest=$8.5000, Entry~$0.007791, TP~$0.007401, SL~$0.007946
2025-10-28 16:47:58,982 - INFO - [upgradebot.py:447] - Placing SHORT Bracket Order...
2025-10-28 16:47:58,984 - INFO - [upgradebot.py:331] - [ACTION] Submitting LIMIT SELL CELRUSDT (Qty:1476.0) @ Px:0.007791
2025-10-28 16:48:02,690 - ERROR - [upgradebot.py:131] - POST Attempt 1 failed: 500 Server Error: Internal Server Error for url: https://coinswitch.co/trade/api/v2/futures/order
2025-10-28 16:48:06,671 - ERROR - [upgradebot.py:131] - POST Attempt 2 failed: 500 Server Error: Internal Server Error for url: https://coinswitch.co/trade/api/v2/futures/order
2025-10-28 16:48:10,780 - ERROR - [upgradebot.py:131] - POST Attempt 3 failed: 500 Server Error: Internal Server Error for url: https://coinswitch.co/trade/api/v2/futures/order
2025-10-28 16:48:12,782 - ERROR - [upgradebot.py:135] - All POST retries failed: https://coinswitch.co/trade/api/v2/futures/order
2025-10-28 16:48:12,793 - ERROR - [upgradebot.py:341] - [TRADE] Submit FAIL CELRUSDT.
2025-10-28 16:48:12,794 - ERROR - [upgradebot.py:453] - SHORT Entry failed CELRUSDT. TP/SL not placed.
2025-10-28 16:48:13,796 - INFO - [upgradebot.py:368] - --- Checking CETUSUSDT (Price: $0.0510) ---
2025-10-28 16:48:17,197 - INFO - [upgradebot.py:398] - Trade Amount $8.5000 >= min value $7.5450. Proceeding.
2025-10-28 16:48:17,198 - INFO - [upgradebot.py:227] - Fetching 90d 240m data for CETUSUSDT...
2025-10-28 16:48:22,039 - INFO - [upgradebot.py:286] - CETUSUSDT model trained. Acc: 0.71
2025-10-28 16:48:22,067 - INFO - [upgradebot.py:412] - [PREDICTION] CETUSUSDT: HOLD at $0.08949
2025-10-28 16:48:25,681 - INFO - [upgradebot.py:255] - No active position for CETUSUSDT.
2025-10-28 16:48:25,687 - INFO - [upgradebot.py:456] - ML predicts HOLD for CETUSUSDT. No action.
2025-10-28 16:48:26,688 - INFO - [upgradebot.py:368] - --- Checking CFXUSDT (Price: $0.1150) ---
2025-10-28 16:48:30,331 - INFO - [upgradebot.py:398] - Trade Amount $8.5000 >= min value $7.5920. Proceeding.
2025-10-28 16:48:30,332 - INFO - [upgradebot.py:227] - Fetching 90d 240m data for CFXUSDT...
2025-10-28 16:48:34,368 - INFO - [upgradebot.py:286] - CFXUSDT model trained. Acc: 0.69
2025-10-28 16:48:34,393 - INFO - [upgradebot.py:412] - [PREDICTION] CFXUSDT: HOLD at $0.17779
2025-10-28 16:48:38,370 - INFO - [upgradebot.py:255] - No active position for CFXUSDT.
2025-10-28 16:48:38,376 - INFO - [upgradebot.py:456] - ML predicts HOLD for CFXUSDT. No action.
2025-10-28 16:48:39,377 - INFO - [upgradebot.py:368] - --- Checking CGPTUSDT (Price: $0.0565) ---
2025-10-28 16:48:42,841 - INFO - [upgradebot.py:398] - Trade Amount $8.5000 >= min value $7.5643. Proceeding.
2025-10-28 16:48:42,842 - INFO - [upgradebot.py:227] - Fetching 90d 240m data for CGPTUSDT...
2025-10-28 16:48:55,856 - INFO - [upgradebot.py:286] - CGPTUSDT model trained. Acc: 0.69
2025-10-28 16:48:55,891 - INFO - [upgradebot.py:412] - [PREDICTION] CGPTUSDT: HOLD at $0.09242
2025-10-28 16:48:59,210 - INFO - [upgradebot.py:255] - No active position for CGPTUSDT.
2025-10-28 16:48:59,216 - INFO - [upgradebot.py:456] - ML predicts HOLD for CGPTUSDT. No action.
2025-10-28 16:49:00,217 - INFO - [upgradebot.py:368] - --- Checking CHESSUSDT (Price: $0.0487) ---
2025-10-28 16:49:03,314 - INFO - [upgradebot.py:398] - Trade Amount $8.5000 >= min value $7.6962. Proceeding.
2025-10-28 16:49:03,314 - INFO - [upgradebot.py:227] - Fetching 90d 240m data for CHESSUSDT...
2025-10-28 16:49:07,309 - INFO - [upgradebot.py:286] - CHESSUSDT model trained. Acc: 0.69
2025-10-28 16:49:07,328 - INFO - [upgradebot.py:412] - [PREDICTION] CHESSUSDT: HOLD at $0.07380
2025-10-28 16:49:10,276 - INFO - [upgradebot.py:255] - No active position for CHESSUSDT.
2025-10-28 16:49:10,281 - INFO - [upgradebot.py:456] - ML predicts HOLD for CHESSUSDT. No action.
2025-10-28 16:49:11,282 - INFO - [upgradebot.py:368] - --- Checking CHILLGUYUSDT (Price: $0.0286) ---
2025-10-28 16:49:14,906 - INFO - [upgradebot.py:398] - Trade Amount $8.5000 >= min value $7.5147. Proceeding.
2025-10-28 16:49:14,907 - INFO - [upgradebot.py:227] - Fetching 90d 240m data for CHILLGUYUSDT...
2025-10-28 16:49:29,489 - INFO - [upgradebot.py:286] - CHILLGUYUSDT model trained. Acc: 0.81
2025-10-28 16:49:29,520 - INFO - [upgradebot.py:412] - [PREDICTION] CHILLGUYUSDT: SELL at $0.047152
2025-10-28 16:49:50,990 - INFO - [upgradebot.py:255] - No active position for CHILLGUYUSDT.
2025-10-28 16:49:50,998 - INFO - [upgradebot.py:443] - SELL signal CHILLGUYUSDT. Considering SHORT entry.
2025-10-28 16:49:51,000 - INFO - [upgradebot.py:446] - Calc SHORT Intent: Qty~297.483638, Invest=$8.5000, Entry~$0.047246, TP~$0.044884, SL~$0.048191
2025-10-28 16:49:51,001 - INFO - [upgradebot.py:447] - Placing SHORT Bracket Order...
2025-10-28 16:49:51,003 - INFO - [upgradebot.py:331] - [ACTION] Submitting LIMIT SELL CHILLGUYUSDT (Qty:297.0) @ Px:0.047246
2025-10-28 16:49:56,182 - ERROR - [upgradebot.py:131] - POST Attempt 1 failed: 500 Server Error: Internal Server Error for url: https://coinswitch.co/trade/api/v2/futures/order
2025-10-28 16:50:01,436 - ERROR - [upgradebot.py:131] - POST Attempt 2 failed: 500 Server Error: Internal Server Error for url: https://coinswitch.co/trade/api/v2/futures/order
2025-10-28 16:50:05,551 - ERROR - [upgradebot.py:131] - POST Attempt 3 failed: 500 Server Error: Internal Server Error for url: https://coinswitch.co/trade/api/v2/futures/order
2025-10-28 16:50:07,552 - ERROR - [upgradebot.py:135] - All POST retries failed: https://coinswitch.co/trade/api/v2/futures/order
2025-10-28 16:50:07,554 - ERROR - [upgradebot.py:341] - [TRADE] Submit FAIL CHILLGUYUSDT.
2025-10-28 16:50:07,554 - ERROR - [upgradebot.py:453] - SHORT Entry failed CHILLGUYUSDT. TP/SL not placed.
2025-10-28 16:50:08,555 - INFO - [upgradebot.py:368] - --- Checking CHRUSDT (Price: $0.0724) ---
2025-10-28 16:50:11,758 - INFO - [upgradebot.py:398] - Trade Amount $8.5000 >= min value $7.5089. Proceeding.
2025-10-28 16:50:11,758 - INFO - [upgradebot.py:227] - Fetching 90d 240m data for CHRUSDT...
2025-10-28 16:50:15,234 - INFO - [upgradebot.py:286] - CHRUSDT model trained. Acc: 0.76
2025-10-28 16:50:15,279 - INFO - [upgradebot.py:412] - [PREDICTION] CHRUSDT: SELL at $0.09811
2025-10-28 16:50:19,091 - INFO - [upgradebot.py:255] - No active position for CHRUSDT.
2025-10-28 16:50:19,101 - INFO - [upgradebot.py:443] - SELL signal CHRUSDT. Considering SHORT entry.
2025-10-28 16:50:19,103 - INFO - [upgradebot.py:446] - Calc SHORT Intent: Qty~117.387101, Invest=$8.5000, Entry~$0.09831, TP~$0.09339, SL~$0.10027
2025-10-28 16:50:19,109 - INFO - [upgradebot.py:447] - Placing SHORT Bracket Order...
2025-10-28 16:50:19,110 - INFO - [upgradebot.py:331] - [ACTION] Submitting LIMIT SELL CHRUSDT (Qty:117.3) @ Px:0.09831
2025-10-28 16:50:22,975 - ERROR - [upgradebot.py:131] - POST Attempt 1 failed: 500 Server Error: Internal Server Error for url: https://coinswitch.co/trade/api/v2/futures/order
2025-10-28 16:50:27,767 - ERROR - [upgradebot.py:131] - POST Attempt 2 failed: 500 Server Error: Internal Server Error for url: https://coinswitch.co/trade/api/v2/futures/order
2025-10-28 16:50:32,389 - ERROR - [upgradebot.py:131] - POST Attempt 3 failed: 500 Server Error: Internal Server Error for url: https://coinswitch.co/trade/api/v2/futures/order
2025-10-28 16:50:34,391 - ERROR - [upgradebot.py:135] - All POST retries failed: https://coinswitch.co/trade/api/v2/futures/order
2025-10-28 16:50:34,401 - ERROR - [upgradebot.py:341] - [TRADE] Submit FAIL CHRUSDT.
2025-10-28 16:50:34,402 - ERROR - [upgradebot.py:453] - SHORT Entry failed CHRUSDT. TP/SL not placed.
2025-10-28 16:50:35,404 - INFO - [upgradebot.py:368] - --- Checking CHZUSDT (Price: $0.0326) ---
2025-10-28 16:50:39,691 - INFO - [upgradebot.py:398] - Trade Amount $8.5000 >= min value $7.5003. Proceeding.
2025-10-28 16:50:39,692 - INFO - [upgradebot.py:227] - Fetching 90d 240m data for CHZUSDT...
2025-10-28 16:50:44,212 - INFO - [upgradebot.py:286] - CHZUSDT model trained. Acc: 0.83
2025-10-28 16:50:44,252 - INFO - [upgradebot.py:412] - [PREDICTION] CHZUSDT: HOLD at $0.04163
2025-10-28 16:50:49,361 - INFO - [upgradebot.py:255] - No active position for CHZUSDT.
2025-10-28 16:50:49,364 - INFO - [upgradebot.py:456] - ML predicts HOLD for CHZUSDT. No action.
2025-10-28 16:50:50,366 - INFO - [upgradebot.py:368] - --- Checking CKBUSDT (Price: $0.0033) ---
2025-10-28 16:50:54,026 - INFO - [upgradebot.py:398] - Trade Amount $8.5000 >= min value $7.5129. Proceeding.
2025-10-28 16:50:54,027 - INFO - [upgradebot.py:227] - Fetching 90d 240m data for CKBUSDT...
2025-10-28 16:50:58,183 - INFO - [upgradebot.py:286] - CKBUSDT model trained. Acc: 0.79
2025-10-28 16:50:58,215 - INFO - [upgradebot.py:412] - [PREDICTION] CKBUSDT: HOLD at $0.005156
2025-10-28 16:51:02,198 - INFO - [upgradebot.py:255] - No active position for CKBUSDT.
2025-10-28 16:51:02,203 - INFO - [upgradebot.py:456] - ML predicts HOLD for CKBUSDT. No action.
2025-10-28 16:51:03,204 - INFO - [upgradebot.py:368] - --- Checking CLANKERUSDT (Price: $121.0100) ---
2025-10-28 16:51:07,183 - INFO - [upgradebot.py:398] - Trade Amount $8.5000 >= min value $8.4707. Proceeding.
2025-10-28 16:51:07,184 - INFO - [upgradebot.py:227] - Fetching 90d 240m data for CLANKERUSDT...
2025-10-28 16:51:13,679 - INFO - [upgradebot.py:286] - CLANKERUSDT model trained. Acc: 0.71
2025-10-28 16:51:13,699 - INFO - [upgradebot.py:412] - [PREDICTION] CLANKERUSDT: BUY at $39.40
2025-10-28 16:51:18,213 - INFO - [upgradebot.py:255] - No active position for CLANKERUSDT.
2025-10-28 16:51:18,222 - INFO - [upgradebot.py:424] - Calc LONG Intent: Qty~0.070242, Invest=$8.5000, Entry~$39.32, TP~$41.29, SL~$38.53
2025-10-28 16:51:18,224 - INFO - [upgradebot.py:425] - Placing LONG Bracket Order...
2025-10-28 16:51:18,225 - INFO - [upgradebot.py:331] - [ACTION] Submitting LIMIT BUY CLANKERUSDT (Qty:0.07) @ Px:39.32
2025-10-28 16:51:23,087 - ERROR - [upgradebot.py:131] - POST Attempt 1 failed: 500 Server Error: Internal Server Error for url: https://coinswitch.co/trade/api/v2/futures/order
2025-10-28 16:51:27,241 - ERROR - [upgradebot.py:131] - POST Attempt 2 failed: 500 Server Error: Internal Server Error for url: https://coinswitch.co/trade/api/v2/futures/order
2025-10-28 16:51:31,060 - ERROR - [upgradebot.py:131] - POST Attempt 3 failed: 500 Server Error: Internal Server Error for url: https://coinswitch.co/trade/api/v2/futures/order
2025-10-28 16:51:33,063 - ERROR - [upgradebot.py:135] - All POST retries failed: https://coinswitch.co/trade/api/v2/futures/order
2025-10-28 16:51:33,068 - ERROR - [upgradebot.py:341] - [TRADE] Submit FAIL CLANKERUSDT.
2025-10-28 16:51:33,069 - ERROR - [upgradebot.py:431] - LONG Entry failed CLANKERUSDT. TP/SL not placed.
2025-10-28 16:51:34,070 - INFO - [upgradebot.py:368] - --- Checking CLOUSDT (Price: $0.3011) ---
2025-10-28 16:51:38,011 - INFO - [upgradebot.py:398] - Trade Amount $8.5000 >= min value $7.8286. Proceeding.
2025-10-28 16:51:38,013 - INFO - [upgradebot.py:227] - Fetching 90d 240m data for CLOUSDT...
2025-10-28 16:51:42,443 - WARNING - [upgradebot.py:277] - Not enough hist data CLOUSDT (64<100). Skip train.
2025-10-28 16:51:42,446 - INFO - [upgradebot.py:412] - [PREDICTION] CLOUSDT: HOLD at $0.3472
2025-10-28 16:51:46,395 - INFO - [upgradebot.py:255] - No active position for CLOUSDT.
2025-10-28 16:51:46,401 - INFO - [upgradebot.py:456] - ML predicts HOLD for CLOUSDT. No action.
2025-10-28 16:51:47,402 - INFO - [upgradebot.py:368] - --- Checking CLOUDUSDT (Price: $0.1293) ---
2025-10-28 16:51:52,549 - INFO - [upgradebot.py:398] - Trade Amount $8.5000 >= min value $7.5006. Proceeding.
2025-10-28 16:51:52,551 - INFO - [upgradebot.py:227] - Fetching 90d 240m data for CLOUDUSDT...
2025-10-28 16:51:57,239 - INFO - [upgradebot.py:286] - CLOUDUSDT model trained. Acc: 0.79
2025-10-28 16:51:57,259 - INFO - [upgradebot.py:412] - [PREDICTION] CLOUDUSDT: BUY at $0.12546
2025-10-28 16:52:01,007 - INFO - [upgradebot.py:255] - No active position for CLOUDUSDT.
2025-10-28 16:52:01,012 - INFO - [upgradebot.py:424] - Calc LONG Intent: Qty~65.728426, Invest=$8.5000, Entry~$0.12521, TP~$0.13147, SL~$0.12270
2025-10-28 16:52:01,013 - INFO - [upgradebot.py:425] - Placing LONG Bracket Order...
2025-10-28 16:52:01,014 - INFO - [upgradebot.py:331] - [ACTION] Submitting LIMIT BUY CLOUDUSDT (Qty:65.0) @ Px:0.12521
2025-10-28 16:52:04,834 - ERROR - [upgradebot.py:131] - POST Attempt 1 failed: 500 Server Error: Internal Server Error for url: https://coinswitch.co/trade/api/v2/futures/order
2025-10-28 16:52:08,668 - ERROR - [upgradebot.py:131] - POST Attempt 2 failed: 500 Server Error: Internal Server Error for url: https://coinswitch.co/trade/api/v2/futures/order
2025-10-28 16:52:12,256 - ERROR - [upgradebot.py:131] - POST Attempt 3 failed: 500 Server Error: Internal Server Error for url: https://coinswitch.co/trade/api/v2/futures/order
2025-10-28 16:52:14,259 - ERROR - [upgradebot.py:135] - All POST retries failed: https://coinswitch.co/trade/api/v2/futures/order
2025-10-28 16:52:14,267 - ERROR - [upgradebot.py:341] - [TRADE] Submit FAIL CLOUDUSDT.
2025-10-28 16:52:14,271 - ERROR - [upgradebot.py:431] - LONG Entry failed CLOUDUSDT. TP/SL not placed.
2025-10-28 16:52:15,274 - INFO - [upgradebot.py:368] - --- Checking COAIUSDT (Price: $4.2031) ---
2025-10-28 16:52:18,833 - INFO - [upgradebot.py:398] - Trade Amount $8.5000 >= min value $8.4062. Proceeding.
2025-10-28 16:52:18,833 - INFO - [upgradebot.py:227] - Fetching 90d 240m data for COAIUSDT...
2025-10-28 16:52:23,084 - INFO - [upgradebot.py:286] - COAIUSDT model trained. Acc: 0.78
2025-10-28 16:52:23,103 - INFO - [upgradebot.py:412] - [PREDICTION] COAIUSDT: SELL at $0.3847
2025-10-28 16:52:26,398 - INFO - [upgradebot.py:255] - No active position for COAIUSDT.
2025-10-28 16:52:26,402 - INFO - [upgradebot.py:443] - SELL signal COAIUSDT. Considering SHORT entry.
2025-10-28 16:52:26,403 - INFO - [upgradebot.py:446] - Calc SHORT Intent: Qty~2.022317, Invest=$8.5000, Entry~$0.3855, TP~$0.3662, SL~$0.3932
2025-10-28 16:52:26,404 - INFO - [upgradebot.py:447] - Placing SHORT Bracket Order...
2025-10-28 16:52:26,405 - INFO - [upgradebot.py:331] - [ACTION] Submitting LIMIT SELL COAIUSDT (Qty:2.0) @ Px:0.3855
2025-10-28 16:52:29,457 - ERROR - [upgradebot.py:131] - POST Attempt 1 failed: 400 Client Error: Bad Request for url: https://coinswitch.co/trade/api/v2/futures/order
2025-10-28 16:52:33,066 - ERROR - [upgradebot.py:131] - POST Attempt 2 failed: 400 Client Error: Bad Request for url: https://coinswitch.co/trade/api/v2/futures/order
2025-10-28 16:52:36,785 - ERROR - [upgradebot.py:131] - POST Attempt 3 failed: 400 Client Error: Bad Request for url: https://coinswitch.co/trade/api/v2/futures/order
2025-10-28 16:52:38,786 - ERROR - [upgradebot.py:135] - All POST retries failed: https://coinswitch.co/trade/api/v2/futures/order
2025-10-28 16:52:38,789 - ERROR - [upgradebot.py:341] - [TRADE] Submit FAIL COAIUSDT.
2025-10-28 16:52:38,790 - ERROR - [upgradebot.py:453] - SHORT Entry failed COAIUSDT. TP/SL not placed.
2025-10-28 16:52:39,791 - INFO - [upgradebot.py:368] - --- Checking COMMONUSDT (Price: $0.0173) ---
2025-10-28 16:52:44,009 - INFO - [upgradebot.py:398] - Trade Amount $8.5000 >= min value $7.5947. Proceeding.
2025-10-28 16:52:44,010 - INFO - [upgradebot.py:227] - Fetching 90d 240m data for COMMONUSDT...
2025-10-28 16:52:48,084 - WARNING - [upgradebot.py:277] - Not enough hist data COMMONUSDT (4<100). Skip train.
2025-10-28 16:52:48,085 - INFO - [upgradebot.py:412] - [PREDICTION] COMMONUSDT: HOLD at $0.0228
2025-10-28 16:52:52,151 - INFO - [upgradebot.py:255] - No active position for COMMONUSDT.
2025-10-28 16:52:52,161 - INFO - [upgradebot.py:456] - ML predicts HOLD for COMMONUSDT. No action.
2025-10-28 16:52:53,163 - INFO - [upgradebot.py:368] - --- Checking COMPUSDT (Price: $37.4400) ---
2025-10-28 16:52:56,986 - INFO - [upgradebot.py:398] - Trade Amount $8.5000 >= min value $7.8624. Proceeding.
2025-10-28 16:52:56,989 - INFO - [upgradebot.py:227] - Fetching 90d 240m data for COMPUSDT...
2025-10-28 16:53:01,583 - INFO - [upgradebot.py:286] - COMPUSDT model trained. Acc: 0.79
2025-10-28 16:53:01,623 - INFO - [upgradebot.py:412] - [PREDICTION] COMPUSDT: HOLD at $44.59
2025-10-28 16:53:05,943 - INFO - [upgradebot.py:255] - No active position for COMPUSDT.
2025-10-28 16:53:05,954 - INFO - [upgradebot.py:456] - ML predicts HOLD for COMPUSDT. No action.
2025-10-28 16:53:06,955 - INFO - [upgradebot.py:368] - --- Checking COOKUSDT (Price: $0.0079) ---
2025-10-28 16:53:10,986 - INFO - [upgradebot.py:398] - Trade Amount $8.5000 >= min value $7.5080. Proceeding.
2025-10-28 16:53:10,988 - INFO - [upgradebot.py:227] - Fetching 90d 240m data for COOKUSDT...
2025-10-28 16:53:15,973 - INFO - [upgradebot.py:286] - COOKUSDT model trained. Acc: 0.81
2025-10-28 16:53:16,000 - INFO - [upgradebot.py:412] - [PREDICTION] COOKUSDT: HOLD at $0.013004
2025-10-28 16:53:19,888 - INFO - [upgradebot.py:255] - No active position for COOKUSDT.
2025-10-28 16:53:19,904 - INFO - [upgradebot.py:456] - ML predicts HOLD for COOKUSDT. No action.
2025-10-28 16:53:20,906 - INFO - [upgradebot.py:368] - --- Checking COOKIEUSDT (Price: $0.0928) ---
2025-10-28 16:53:25,036 - INFO - [upgradebot.py:398] - Trade Amount $8.5000 >= min value $7.6096. Proceeding.
2025-10-28 16:53:25,038 - INFO - [upgradebot.py:227] - Fetching 90d 240m data for COOKIEUSDT...
2025-10-28 16:53:29,726 - INFO - [upgradebot.py:286] - COOKIEUSDT model trained. Acc: 0.86
2025-10-28 16:53:29,763 - INFO - [upgradebot.py:412] - [PREDICTION] COOKIEUSDT: SELL at $0.12640
2025-10-28 16:53:33,919 - INFO - [upgradebot.py:255] - No active position for COOKIEUSDT.
2025-10-28 16:53:33,925 - INFO - [upgradebot.py:443] - SELL signal COOKIEUSDT. Considering SHORT entry.
2025-10-28 16:53:33,926 - INFO - [upgradebot.py:446] - Calc SHORT Intent: Qty~91.594828, Invest=$8.5000, Entry~$0.12665, TP~$0.12032, SL~$0.12919
2025-10-28 16:53:33,927 - INFO - [upgradebot.py:447] - Placing SHORT Bracket Order...
2025-10-28 16:53:33,929 - INFO - [upgradebot.py:331] - [ACTION] Submitting LIMIT SELL COOKIEUSDT (Qty:91.0) @ Px:0.12665
2025-10-28 16:53:36,897 - ERROR - [upgradebot.py:131] - POST Attempt 1 failed: 500 Server Error: Internal Server Error for url: https://coinswitch.co/trade/api/v2/futures/order
2025-10-28 16:53:40,419 - ERROR - [upgradebot.py:131] - POST Attempt 2 failed: 500 Server Error: Internal Server Error for url: https://coinswitch.co/trade/api/v2/futures/order
2025-10-28 16:53:43,937 - ERROR - [upgradebot.py:131] - POST Attempt 3 failed: 500 Server Error: Internal Server Error for url: https://coinswitch.co/trade/api/v2/futures/order
2025-10-28 16:53:45,939 - ERROR - [upgradebot.py:135] - All POST retries failed: https://coinswitch.co/trade/api/v2/futures/order
2025-10-28 16:53:45,942 - ERROR - [upgradebot.py:341] - [TRADE] Submit FAIL COOKIEUSDT.
2025-10-28 16:53:45,943 - ERROR - [upgradebot.py:453] - SHORT Entry failed COOKIEUSDT. TP/SL not placed.
2025-10-28 16:53:46,944 - INFO - [upgradebot.py:368] - --- Checking COREUSDT (Price: $0.2327) ---
2025-10-28 16:53:50,075 - INFO - [upgradebot.py:398] - Trade Amount $8.5000 >= min value $7.4929. Proceeding.
2025-10-28 16:53:50,076 - INFO - [upgradebot.py:227] - Fetching 90d 240m data for COREUSDT...
2025-10-28 16:53:53,961 - INFO - [upgradebot.py:286] - COREUSDT model trained. Acc: 0.69
2025-10-28 16:53:53,986 - INFO - [upgradebot.py:412] - [PREDICTION] COREUSDT: HOLD at $0.4442
2025-10-28 16:53:57,034 - INFO - [upgradebot.py:255] - No active position for COREUSDT.
2025-10-28 16:53:57,043 - INFO - [upgradebot.py:456] - ML predicts HOLD for COREUSDT. No action.
2025-10-28 16:53:58,045 - INFO - [upgradebot.py:368] - --- Checking COTIUSDT (Price: $0.0343) ---
2025-10-28 16:54:01,150 - INFO - [upgradebot.py:398] - Trade Amount $8.5000 >= min value $7.5350. Proceeding.
2025-10-28 16:54:01,151 - INFO - [upgradebot.py:227] - Fetching 90d 240m data for COTIUSDT...
2025-10-28 16:54:04,909 - INFO - [upgradebot.py:286] - COTIUSDT model trained. Acc: 0.79
2025-10-28 16:54:04,928 - INFO - [upgradebot.py:412] - [PREDICTION] COTIUSDT: SELL at $0.05098
2025-10-28 16:54:08,099 - INFO - [upgradebot.py:255] - No active position for COTIUSDT.
2025-10-28 16:54:08,102 - INFO - [upgradebot.py:443] - SELL signal COTIUSDT. Considering SHORT entry.
2025-10-28 16:54:08,102 - INFO - [upgradebot.py:446] - Calc SHORT Intent: Qty~248.175182, Invest=$8.5000, Entry~$0.05108, TP~$0.04853, SL~$0.05210
2025-10-28 16:54:08,103 - INFO - [upgradebot.py:447] - Placing SHORT Bracket Order...
2025-10-28 16:54:08,104 - INFO - [upgradebot.py:331] - [ACTION] Submitting LIMIT SELL COTIUSDT (Qty:248.0) @ Px:0.05108
2025-10-28 16:54:11,375 - ERROR - [upgradebot.py:131] - POST Attempt 1 failed: 500 Server Error: Internal Server Error for url: https://coinswitch.co/trade/api/v2/futures/order
2025-10-28 16:54:14,855 - ERROR - [upgradebot.py:131] - POST Attempt 2 failed: 500 Server Error: Internal Server Error for url: https://coinswitch.co/trade/api/v2/futures/order
2025-10-28 16:54:18,425 - ERROR - [upgradebot.py:131] - POST Attempt 3 failed: 500 Server Error: Internal Server Error for url: https://coinswitch.co/trade/api/v2/futures/order
2025-10-28 16:54:20,427 - ERROR - [upgradebot.py:135] - All POST retries failed: https://coinswitch.co/trade/api/v2/futures/order
2025-10-28 16:54:20,433 - ERROR - [upgradebot.py:341] - [TRADE] Submit FAIL COTIUSDT.
2025-10-28 16:54:20,434 - ERROR - [upgradebot.py:453] - SHORT Entry failed COTIUSDT. TP/SL not placed.
2025-10-28 16:54:21,436 - INFO - [upgradebot.py:368] - --- Checking COWUSDT (Price: $0.2355) ---
2025-10-28 16:54:24,523 - INFO - [upgradebot.py:398] - Trade Amount $8.5000 >= min value $7.5360. Proceeding.
2025-10-28 16:54:24,524 - INFO - [upgradebot.py:227] - Fetching 90d 240m data for COWUSDT...
2025-10-28 16:54:27,967 - INFO - [upgradebot.py:286] - COWUSDT model trained. Acc: 0.86
2025-10-28 16:54:27,983 - INFO - [upgradebot.py:412] - [PREDICTION] COWUSDT: HOLD at $0.3422
2025-10-28 16:54:31,048 - INFO - [upgradebot.py:255] - No active position for COWUSDT.
2025-10-28 16:54:31,055 - INFO - [upgradebot.py:456] - ML predicts HOLD for COWUSDT. No action.
2025-10-28 16:54:32,057 - INFO - [upgradebot.py:368] - --- Checking CROUSDT (Price: $0.1513) ---
2025-10-28 16:54:35,009 - INFO - [upgradebot.py:398] - Trade Amount $8.5000 >= min value $7.5630. Proceeding.
2025-10-28 16:54:35,010 - INFO - [upgradebot.py:227] - Fetching 90d 240m data for CROUSDT...
2025-10-28 16:54:39,151 - INFO - [upgradebot.py:286] - CROUSDT model trained. Acc: 0.69
2025-10-28 16:54:39,170 - INFO - [upgradebot.py:412] - [PREDICTION] CROUSDT: SELL at $0.22955
2025-10-28 16:54:44,022 - INFO - [upgradebot.py:255] - No active position for CROUSDT.
2025-10-28 16:54:44,028 - INFO - [upgradebot.py:443] - SELL signal CROUSDT. Considering SHORT entry.
2025-10-28 16:54:44,029 - INFO - [upgradebot.py:446] - Calc SHORT Intent: Qty~56.194632, Invest=$8.5000, Entry~$0.23001, TP~$0.21851, SL~$0.23461
2025-10-28 16:54:44,030 - INFO - [upgradebot.py:447] - Placing SHORT Bracket Order...
2025-10-28 16:54:44,033 - INFO - [upgradebot.py:331] - [ACTION] Submitting LIMIT SELL CROUSDT (Qty:56.0) @ Px:0.23001
2025-10-28 16:54:48,128 - ERROR - [upgradebot.py:131] - POST Attempt 1 failed: 500 Server Error: Internal Server Error for url: https://coinswitch.co/trade/api/v2/futures/order
2025-10-28 16:54:51,798 - ERROR - [upgradebot.py:131] - POST Attempt 2 failed: 500 Server Error: Internal Server Error for url: https://coinswitch.co/trade/api/v2/futures/order
2025-10-28 16:54:57,037 - ERROR - [upgradebot.py:131] - POST Attempt 3 failed: 500 Server Error: Internal Server Error for url: https://coinswitch.co/trade/api/v2/futures/order
2025-10-28 16:54:59,039 - ERROR - [upgradebot.py:135] - All POST retries failed: https://coinswitch.co/trade/api/v2/futures/order
2025-10-28 16:54:59,066 - ERROR - [upgradebot.py:341] - [TRADE] Submit FAIL CROUSDT.
2025-10-28 16:54:59,068 - ERROR - [upgradebot.py:453] - SHORT Entry failed CROUSDT. TP/SL not placed.
2025-10-28 16:55:00,071 - INFO - [upgradebot.py:368] - --- Checking CROSSUSDT (Price: $0.1318) ---
2025-10-28 16:55:04,029 - INFO - [upgradebot.py:398] - Trade Amount $8.5000 >= min value $7.5154. Proceeding.
2025-10-28 16:55:04,029 - INFO - [upgradebot.py:227] - Fetching 90d 240m data for CROSSUSDT...
2025-10-28 16:55:08,870 - INFO - [upgradebot.py:286] - CROSSUSDT model trained. Acc: 0.69
2025-10-28 16:55:08,901 - INFO - [upgradebot.py:412] - [PREDICTION] CROSSUSDT: SELL at $0.23427
2025-10-28 16:55:12,987 - INFO - [upgradebot.py:255] - No active position for CROSSUSDT.
2025-10-28 16:55:12,992 - INFO - [upgradebot.py:443] - SELL signal CROSSUSDT. Considering SHORT entry.
2025-10-28 16:55:12,993 - INFO - [upgradebot.py:446] - Calc SHORT Intent: Qty~64.467198, Invest=$8.5000, Entry~$0.23474, TP~$0.22300, SL~$0.23943
2025-10-28 16:55:12,994 - INFO - [upgradebot.py:447] - Placing SHORT Bracket Order...
2025-10-28 16:55:12,995 - INFO - [upgradebot.py:331] - [ACTION] Submitting LIMIT SELL CROSSUSDT (Qty:64.0) @ Px:0.23474
2025-10-28 16:55:16,557 - ERROR - [upgradebot.py:131] - POST Attempt 1 failed: 500 Server Error: Internal Server Error for url: https://coinswitch.co/trade/api/v2/futures/order
2025-10-28 16:55:21,099 - ERROR - [upgradebot.py:131] - POST Attempt 2 failed: 500 Server Error: Internal Server Error for url: https://coinswitch.co/trade/api/v2/futures/order
2025-10-28 16:55:25,079 - ERROR - [upgradebot.py:131] - POST Attempt 3 failed: 500 Server Error: Internal Server Error for url: https://coinswitch.co/trade/api/v2/futures/order
2025-10-28 16:55:27,083 - ERROR - [upgradebot.py:135] - All POST retries failed: https://coinswitch.co/trade/api/v2/futures/order
2025-10-28 16:55:27,098 - ERROR - [upgradebot.py:341] - [TRADE] Submit FAIL CROSSUSDT.
2025-10-28 16:55:27,099 - ERROR - [upgradebot.py:453] - SHORT Entry failed CROSSUSDT. TP/SL not placed.
2025-10-28 16:55:28,100 - INFO - [upgradebot.py:368] - --- Checking CRVUSDT (Price: $0.5572) ---
2025-10-28 16:55:32,226 - INFO - [upgradebot.py:398] - Trade Amount $8.5000 >= min value $7.5222. Proceeding.
2025-10-28 16:55:32,227 - INFO - [upgradebot.py:227] - Fetching 90d 240m data for CRVUSDT...
2025-10-28 16:55:36,756 - INFO - [upgradebot.py:286] - CRVUSDT model trained. Acc: 0.79
2025-10-28 16:55:36,779 - INFO - [upgradebot.py:412] - [PREDICTION] CRVUSDT: SELL at $0.7325
2025-10-28 16:55:41,312 - INFO - [upgradebot.py:255] - No active position for CRVUSDT.
2025-10-28 16:55:41,324 - INFO - [upgradebot.py:443] - SELL signal CRVUSDT. Considering SHORT entry.
2025-10-28 16:55:41,325 - INFO - [upgradebot.py:446] - Calc SHORT Intent: Qty~15.254846, Invest=$8.5000, Entry~$0.7340, TP~$0.6973, SL~$0.7486
2025-10-28 16:55:41,327 - INFO - [upgradebot.py:447] - Placing SHORT Bracket Order...
2025-10-28 16:55:41,328 - INFO - [upgradebot.py:331] - [ACTION] Submitting LIMIT SELL CRVUSDT (Qty:15.2) @ Px:0.734
2025-10-28 16:55:45,730 - ERROR - [upgradebot.py:131] - POST Attempt 1 failed: 500 Server Error: Internal Server Error for url: https://coinswitch.co/trade/api/v2/futures/order
2025-10-28 16:55:50,532 - ERROR - [upgradebot.py:131] - POST Attempt 2 failed: 500 Server Error: Internal Server Error for url: https://coinswitch.co/trade/api/v2/futures/order
2025-10-28 16:55:55,194 - ERROR - [upgradebot.py:131] - POST Attempt 3 failed: 500 Server Error: Internal Server Error for url: https://coinswitch.co/trade/api/v2/futures/order
2025-10-28 16:55:57,196 - ERROR - [upgradebot.py:135] - All POST retries failed: https://coinswitch.co/trade/api/v2/futures/order
2025-10-28 16:55:57,217 - ERROR - [upgradebot.py:341] - [TRADE] Submit FAIL CRVUSDT.
2025-10-28 16:55:57,218 - ERROR - [upgradebot.py:453] - SHORT Entry failed CRVUSDT. TP/SL not placed.
2025-10-28 16:55:58,222 - INFO - [upgradebot.py:368] - --- Checking CTCUSDT (Price: $0.4589) ---
2025-10-28 16:56:01,826 - INFO - [upgradebot.py:398] - Trade Amount $8.5000 >= min value $7.8013. Proceeding.
2025-10-28 16:56:01,827 - INFO - [upgradebot.py:227] - Fetching 90d 240m data for CTCUSDT...
2025-10-28 16:56:06,318 - INFO - [upgradebot.py:286] - CTCUSDT model trained. Acc: 0.81
2025-10-28 16:56:06,354 - INFO - [upgradebot.py:412] - [PREDICTION] CTCUSDT: HOLD at $0.62350
2025-10-28 16:56:10,076 - INFO - [upgradebot.py:255] - No active position for CTCUSDT.
2025-10-28 16:56:10,082 - INFO - [upgradebot.py:456] - ML predicts HOLD for CTCUSDT. No action.
2025-10-28 16:56:11,086 - INFO - [upgradebot.py:368] - --- Checking CTKUSDT (Price: $0.3242) ---
2025-10-28 16:56:14,632 - INFO - [upgradebot.py:398] - Trade Amount $8.5000 >= min value $7.5214. Proceeding.
2025-10-28 16:56:14,632 - INFO - [upgradebot.py:227] - Fetching 90d 240m data for CTKUSDT...
2025-10-28 16:56:18,959 - INFO - [upgradebot.py:286] - CTKUSDT model trained. Acc: 0.67
2025-10-28 16:56:18,975 - INFO - [upgradebot.py:412] - [PREDICTION] CTKUSDT: BUY at $0.3334
2025-10-28 16:56:22,265 - INFO - [upgradebot.py:255] - No active position for CTKUSDT.
2025-10-28 16:56:22,272 - INFO - [upgradebot.py:424] - Calc LONG Intent: Qty~26.218384, Invest=$8.5000, Entry~$0.3327, TP~$0.3494, SL~$0.3261
2025-10-28 16:56:22,273 - INFO - [upgradebot.py:425] - Placing LONG Bracket Order...
2025-10-28 16:56:22,274 - INFO - [upgradebot.py:331] - [ACTION] Submitting LIMIT BUY CTKUSDT (Qty:26.2) @ Px:0.3327
2025-10-28 16:56:25,738 - ERROR - [upgradebot.py:131] - POST Attempt 1 failed: 500 Server Error: Internal Server Error for url: https://coinswitch.co/trade/api/v2/futures/order
2025-10-28 16:56:29,992 - ERROR - [upgradebot.py:131] - POST Attempt 2 failed: 500 Server Error: Internal Server Error for url: https://coinswitch.co/trade/api/v2/futures/order
2025-10-28 16:56:33,915 - ERROR - [upgradebot.py:131] - POST Attempt 3 failed: 500 Server Error: Internal Server Error for url: https://coinswitch.co/trade/api/v2/futures/order
2025-10-28 16:56:35,920 - ERROR - [upgradebot.py:135] - All POST retries failed: https://coinswitch.co/trade/api/v2/futures/order
2025-10-28 16:56:35,932 - ERROR - [upgradebot.py:341] - [TRADE] Submit FAIL CTKUSDT.
2025-10-28 16:56:35,934 - ERROR - [upgradebot.py:431] - LONG Entry failed CTKUSDT. TP/SL not placed.
2025-10-28 16:56:36,934 - INFO - [upgradebot.py:368] - --- Checking CTSIUSDT (Price: $0.0520) ---
2025-10-28 16:56:40,632 - INFO - [upgradebot.py:398] - Trade Amount $8.5000 >= min value $7.5443. Proceeding.
2025-10-28 16:56:40,633 - INFO - [upgradebot.py:227] - Fetching 90d 240m data for CTSIUSDT...
2025-10-28 16:56:45,298 - INFO - [upgradebot.py:286] - CTSIUSDT model trained. Acc: 0.74
2025-10-28 16:56:45,327 - INFO - [upgradebot.py:412] - [PREDICTION] CTSIUSDT: HOLD at $0.08338
2025-10-28 16:56:48,993 - INFO - [upgradebot.py:255] - No active position for CTSIUSDT.
2025-10-28 16:56:48,997 - INFO - [upgradebot.py:456] - ML predicts HOLD for CTSIUSDT. No action.
2025-10-28 16:56:49,998 - INFO - [upgradebot.py:368] - --- Checking CUDISUSDT (Price: $0.0494) ---
2025-10-28 16:56:53,593 - INFO - [upgradebot.py:398] - Trade Amount $8.5000 >= min value $7.5027. Proceeding.
2025-10-28 16:56:53,593 - INFO - [upgradebot.py:227] - Fetching 90d 240m data for CUDISUSDT...
2025-10-28 16:56:57,707 - INFO - [upgradebot.py:286] - CUDISUSDT model trained. Acc: 0.74
2025-10-28 16:56:57,731 - INFO - [upgradebot.py:412] - [PREDICTION] CUDISUSDT: SELL at $0.09938
2025-10-28 16:57:01,032 - INFO - [upgradebot.py:255] - No active position for CUDISUSDT.
2025-10-28 16:57:01,035 - INFO - [upgradebot.py:443] - SELL signal CUDISUSDT. Considering SHORT entry.
2025-10-28 16:57:01,036 - INFO - [upgradebot.py:446] - Calc SHORT Intent: Qty~172.204214, Invest=$8.5000, Entry~$0.09958, TP~$0.09460, SL~$0.10157
2025-10-28 16:57:01,036 - INFO - [upgradebot.py:447] - Placing SHORT Bracket Order...
2025-10-28 16:57:01,037 - INFO - [upgradebot.py:331] - [ACTION] Submitting LIMIT SELL CUDISUSDT (Qty:170.0) @ Px:0.09958
2025-10-28 16:57:04,515 - ERROR - [upgradebot.py:131] - POST Attempt 1 failed: 500 Server Error: Internal Server Error for url: https://coinswitch.co/trade/api/v2/futures/order
2025-10-28 16:57:08,801 - ERROR - [upgradebot.py:131] - POST Attempt 2 failed: 500 Server Error: Internal Server Error for url: https://coinswitch.co/trade/api/v2/futures/order
2025-10-28 16:57:13,087 - ERROR - [upgradebot.py:131] - POST Attempt 3 failed: 500 Server Error: Internal Server Error for url: https://coinswitch.co/trade/api/v2/futures/order
2025-10-28 16:57:15,090 - ERROR - [upgradebot.py:135] - All POST retries failed: https://coinswitch.co/trade/api/v2/futures/order
2025-10-28 16:57:15,096 - ERROR - [upgradebot.py:341] - [TRADE] Submit FAIL CUDISUSDT.
2025-10-28 16:57:15,096 - ERROR - [upgradebot.py:453] - SHORT Entry failed CUDISUSDT. TP/SL not placed.
2025-10-28 16:57:16,098 - INFO - [upgradebot.py:368] - --- Checking CVCUSDT (Price: $0.0613) ---
2025-10-28 16:57:21,222 - INFO - [upgradebot.py:398] - Trade Amount $8.5000 >= min value $7.5399. Proceeding.
2025-10-28 16:57:21,223 - INFO - [upgradebot.py:227] - Fetching 90d 240m data for CVCUSDT...
2025-10-28 16:57:25,785 - INFO - [upgradebot.py:286] - CVCUSDT model trained. Acc: 0.86
2025-10-28 16:57:25,840 - INFO - [upgradebot.py:412] - [PREDICTION] CVCUSDT: HOLD at $0.09059
2025-10-28 16:57:31,186 - INFO - [upgradebot.py:255] - No active position for CVCUSDT.
2025-10-28 16:57:31,192 - INFO - [upgradebot.py:456] - ML predicts HOLD for CVCUSDT. No action.
2025-10-28 16:57:32,193 - INFO - [upgradebot.py:368] - --- Checking CVXUSDT (Price: $2.3100) ---
2025-10-28 16:57:36,061 - INFO - [upgradebot.py:398] - Trade Amount $8.5000 >= min value $7.5075. Proceeding.
2025-10-28 16:57:36,062 - INFO - [upgradebot.py:227] - Fetching 90d 240m data for CVXUSDT...
2025-10-28 16:57:40,686 - INFO - [upgradebot.py:286] - CVXUSDT model trained. Acc: 0.88
2025-10-28 16:57:40,707 - INFO - [upgradebot.py:412] - [PREDICTION] CVXUSDT: SELL at $3.393
2025-10-28 16:57:44,217 - INFO - [upgradebot.py:255] - No active position for CVXUSDT.
2025-10-28 16:57:44,220 - INFO - [upgradebot.py:443] - SELL signal CVXUSDT. Considering SHORT entry.
2025-10-28 16:57:44,221 - INFO - [upgradebot.py:446] - Calc SHORT Intent: Qty~3.679654, Invest=$8.5000, Entry~$3.400, TP~$3.230, SL~$3.468
2025-10-28 16:57:44,221 - INFO - [upgradebot.py:447] - Placing SHORT Bracket Order...
2025-10-28 16:57:44,222 - INFO - [upgradebot.py:331] - [ACTION] Submitting LIMIT SELL CVXUSDT (Qty:3.67) @ Px:3.4
2025-10-28 16:57:47,687 - ERROR - [upgradebot.py:131] - POST Attempt 1 failed: 500 Server Error: Internal Server Error for url: https://coinswitch.co/trade/api/v2/futures/order
2025-10-28 16:57:51,414 - ERROR - [upgradebot.py:131] - POST Attempt 2 failed: 500 Server Error: Internal Server Error for url: https://coinswitch.co/trade/api/v2/futures/order
2025-10-28 16:57:55,048 - ERROR - [upgradebot.py:131] - POST Attempt 3 failed: 500 Server Error: Internal Server Error for url: https://coinswitch.co/trade/api/v2/futures/order
2025-10-28 16:57:57,050 - ERROR - [upgradebot.py:135] - All POST retries failed: https://coinswitch.co/trade/api/v2/futures/order
2025-10-28 16:57:57,061 - ERROR - [upgradebot.py:341] - [TRADE] Submit FAIL CVXUSDT.
2025-10-28 16:57:57,064 - ERROR - [upgradebot.py:453] - SHORT Entry failed CVXUSDT. TP/SL not placed.
2025-10-28 16:57:58,065 - INFO - [upgradebot.py:368] - --- Checking CYBERUSDT (Price: $1.0610) ---
2025-10-28 16:58:01,050 - INFO - [upgradebot.py:398] - Trade Amount $8.5000 >= min value $7.5331. Proceeding.
2025-10-28 16:58:01,051 - INFO - [upgradebot.py:227] - Fetching 90d 240m data for CYBERUSDT...
2025-10-28 16:58:04,867 - INFO - [upgradebot.py:286] - CYBERUSDT model trained. Acc: 0.74
2025-10-28 16:58:04,897 - INFO - [upgradebot.py:412] - [PREDICTION] CYBERUSDT: HOLD at $1.7400
2025-10-28 16:58:08,915 - INFO - [upgradebot.py:255] - No active position for CYBERUSDT.
2025-10-28 16:58:08,920 - INFO - [upgradebot.py:456] - ML predicts HOLD for CYBERUSDT. No action.
2025-10-28 16:58:09,925 - INFO - [upgradebot.py:368] - --- Checking DAMUSDT (Price: $0.0459) ---
2025-10-28 16:58:13,791 - INFO - [upgradebot.py:398] - Trade Amount $8.5000 >= min value $7.5260. Proceeding.
2025-10-28 16:58:13,792 - INFO - [upgradebot.py:227] - Fetching 90d 240m data for DAMUSDT...
2025-10-28 16:58:18,611 - INFO - [upgradebot.py:286] - DAMUSDT model trained. Acc: 0.81
2025-10-28 16:58:18,638 - INFO - [upgradebot.py:412] - [PREDICTION] DAMUSDT: BUY at $0.07596
2025-10-28 16:58:22,802 - INFO - [upgradebot.py:255] - No active position for DAMUSDT.
2025-10-28 16:58:22,812 - INFO - [upgradebot.py:424] - Calc LONG Intent: Qty~185.225539, Invest=$8.5000, Entry~$0.07581, TP~$0.07960, SL~$0.07429
2025-10-28 16:58:22,814 - INFO - [upgradebot.py:425] - Placing LONG Bracket Order...
2025-10-28 16:58:22,815 - INFO - [upgradebot.py:331] - [ACTION] Submitting LIMIT BUY DAMUSDT (Qty:185.0) @ Px:0.07581
2025-10-28 16:58:27,110 - ERROR - [upgradebot.py:131] - POST Attempt 1 failed: 400 Client Error: Bad Request for url: https://coinswitch.co/trade/api/v2/futures/order
2025-10-28 16:58:31,106 - ERROR - [upgradebot.py:131] - POST Attempt 2 failed: 400 Client Error: Bad Request for url: https://coinswitch.co/trade/api/v2/futures/order
2025-10-28 16:58:35,043 - ERROR - [upgradebot.py:131] - POST Attempt 3 failed: 400 Client Error: Bad Request for url: https://coinswitch.co/trade/api/v2/futures/order
2025-10-28 16:58:37,047 - ERROR - [upgradebot.py:135] - All POST retries failed: https://coinswitch.co/trade/api/v2/futures/order
2025-10-28 16:58:37,065 - ERROR - [upgradebot.py:341] - [TRADE] Submit FAIL DAMUSDT.
2025-10-28 16:58:37,066 - ERROR - [upgradebot.py:431] - LONG Entry failed DAMUSDT. TP/SL not placed.
2025-10-28 16:58:38,067 - INFO - [upgradebot.py:368] - --- Checking DASHUSDT (Price: $47.9600) ---
2025-10-28 16:58:42,036 - INFO - [upgradebot.py:398] - Trade Amount $8.5000 >= min value $7.6736. Proceeding.
2025-10-28 16:58:42,037 - INFO - [upgradebot.py:227] - Fetching 90d 240m data for DASHUSDT...
2025-10-28 16:58:46,590 - INFO - [upgradebot.py:286] - DASHUSDT model trained. Acc: 0.83
2025-10-28 16:58:46,615 - INFO - [upgradebot.py:412] - [PREDICTION] DASHUSDT: HOLD at $23.77
2025-10-28 16:58:50,761 - INFO - [upgradebot.py:255] - No active position for DASHUSDT.
2025-10-28 16:58:50,770 - INFO - [upgradebot.py:456] - ML predicts HOLD for DASHUSDT. No action.
2025-10-28 16:58:51,772 - INFO - [upgradebot.py:368] - --- Checking DEGENUSDT (Price: $0.0022) ---
2025-10-28 16:58:56,014 - INFO - [upgradebot.py:398] - Trade Amount $8.5000 >= min value $7.4901. Proceeding.
2025-10-28 16:58:56,015 - INFO - [upgradebot.py:227] - Fetching 90d 240m data for DEGENUSDT...
2025-10-28 16:59:00,411 - INFO - [upgradebot.py:286] - DEGENUSDT model trained. Acc: 0.83
2025-10-28 16:59:00,459 - INFO - [upgradebot.py:412] - [PREDICTION] DEGENUSDT: SELL at $0.003845
2025-10-28 16:59:04,657 - INFO - [upgradebot.py:255] - No active position for DEGENUSDT.
2025-10-28 16:59:04,662 - INFO - [upgradebot.py:443] - SELL signal DEGENUSDT. Considering SHORT entry.
2025-10-28 16:59:04,663 - INFO - [upgradebot.py:446] - Calc SHORT Intent: Qty~3902.662994, Invest=$8.5000, Entry~$0.003853, TP~$0.003660, SL~$0.003930
2025-10-28 16:59:04,664 - INFO - [upgradebot.py:447] - Placing SHORT Bracket Order...
2025-10-28 16:59:04,670 - INFO - [upgradebot.py:331] - [ACTION] Submitting LIMIT SELL DEGENUSDT (Qty:3900.0) @ Px:0.003853
2025-10-28 16:59:09,030 - ERROR - [upgradebot.py:131] - POST Attempt 1 failed: 500 Server Error: Internal Server Error for url: https://coinswitch.co/trade/api/v2/futures/order
2025-10-28 16:59:12,878 - ERROR - [upgradebot.py:131] - POST Attempt 2 failed: 500 Server Error: Internal Server Error for url: https://coinswitch.co/trade/api/v2/futures/order
2025-10-28 16:59:17,058 - ERROR - [upgradebot.py:131] - POST Attempt 3 failed: 500 Server Error: Internal Server Error for url: https://coinswitch.co/trade/api/v2/futures/order
2025-10-28 16:59:19,076 - ERROR - [upgradebot.py:135] - All POST retries failed: https://coinswitch.co/trade/api/v2/futures/order
2025-10-28 16:59:19,085 - ERROR - [upgradebot.py:341] - [TRADE] Submit FAIL DEGENUSDT.
2025-10-28 16:59:19,086 - ERROR - [upgradebot.py:453] - SHORT Entry failed DEGENUSDT. TP/SL not placed.
2025-10-28 16:59:20,088 - INFO - [upgradebot.py:368] - --- Checking DENTUSDT (Price: $0.0005) ---
2025-10-28 16:59:23,667 - INFO - [upgradebot.py:398] - Trade Amount $8.5000 >= min value $7.5017. Proceeding.
2025-10-28 16:59:23,668 - INFO - [upgradebot.py:227] - Fetching 90d 240m data for DENTUSDT...
2025-10-28 16:59:29,504 - INFO - [upgradebot.py:286] - DENTUSDT model trained. Acc: 0.71
2025-10-28 16:59:29,532 - INFO - [upgradebot.py:412] - [PREDICTION] DENTUSDT: SELL at $0.0007556
2025-10-28 16:59:33,363 - INFO - [upgradebot.py:255] - No active position for DENTUSDT.
2025-10-28 16:59:33,377 - INFO - [upgradebot.py:443] - SELL signal DENTUSDT. Considering SHORT entry.
2025-10-28 16:59:33,382 - INFO - [upgradebot.py:446] - Calc SHORT Intent: Qty~18023.748940, Invest=$8.5000, Entry~$0.0007571, TP~$0.0007193, SL~$0.0007723
2025-10-28 16:59:33,385 - INFO - [upgradebot.py:447] - Placing SHORT Bracket Order...
2025-10-28 16:59:33,391 - INFO - [upgradebot.py:331] - [ACTION] Submitting LIMIT SELL DENTUSDT (Qty:18000.0) @ Px:0.0007571
2025-10-28 16:59:37,321 - ERROR - [upgradebot.py:131] - POST Attempt 1 failed: 500 Server Error: Internal Server Error for url: https://coinswitch.co/trade/api/v2/futures/order
2025-10-28 16:59:41,164 - ERROR - [upgradebot.py:131] - POST Attempt 2 failed: 500 Server Error: Internal Server Error for url: https://coinswitch.co/trade/api/v2/futures/order
2025-10-28 16:59:45,107 - ERROR - [upgradebot.py:131] - POST Attempt 3 failed: 500 Server Error: Internal Server Error for url: https://coinswitch.co/trade/api/v2/futures/order
2025-10-28 16:59:47,108 - ERROR - [upgradebot.py:135] - All POST retries failed: https://coinswitch.co/trade/api/v2/futures/order
2025-10-28 16:59:47,118 - ERROR - [upgradebot.py:341] - [TRADE] Submit FAIL DENTUSDT.
2025-10-28 16:59:47,120 - ERROR - [upgradebot.py:453] - SHORT Entry failed DENTUSDT. TP/SL not placed.
2025-10-28 16:59:48,121 - INFO - [upgradebot.py:368] - --- Checking DEXEUSDT (Price: $6.7770) ---
2025-10-28 16:59:51,648 - INFO - [upgradebot.py:398] - Trade Amount $8.5000 >= min value $8.1324. Proceeding.
2025-10-28 16:59:51,649 - INFO - [upgradebot.py:227] - Fetching 90d 240m data for DEXEUSDT...
2025-10-28 16:59:56,715 - INFO - [upgradebot.py:286] - DEXEUSDT model trained. Acc: 0.90
2025-10-28 16:59:56,739 - INFO - [upgradebot.py:412] - [PREDICTION] DEXEUSDT: SELL at $6.909
2025-10-28 17:00:00,275 - INFO - [upgradebot.py:255] - No active position for DEXEUSDT.
2025-10-28 17:00:00,281 - INFO - [upgradebot.py:443] - SELL signal DEXEUSDT. Considering SHORT entry.
2025-10-28 17:00:00,282 - INFO - [upgradebot.py:446] - Calc SHORT Intent: Qty~1.254242, Invest=$8.5000, Entry~$6.923, TP~$6.577, SL~$7.061
2025-10-28 17:00:00,282 - INFO - [upgradebot.py:447] - Placing SHORT Bracket Order...
2025-10-28 17:00:00,283 - INFO - [upgradebot.py:331] - [ACTION] Submitting LIMIT SELL DEXEUSDT (Qty:1.2) @ Px:6.923
2025-10-28 17:00:04,044 - ERROR - [upgradebot.py:131] - POST Attempt 1 failed: 500 Server Error: Internal Server Error for url: https://coinswitch.co/trade/api/v2/futures/order
2025-10-28 17:00:08,167 - ERROR - [upgradebot.py:131] - POST Attempt 2 failed: 500 Server Error: Internal Server Error for url: https://coinswitch.co/trade/api/v2/futures/order
2025-10-28 17:00:12,219 - ERROR - [upgradebot.py:131] - POST Attempt 3 failed: 500 Server Error: Internal Server Error for url: https://coinswitch.co/trade/api/v2/futures/order
2025-10-28 17:00:14,220 - ERROR - [upgradebot.py:135] - All POST retries failed: https://coinswitch.co/trade/api/v2/futures/order
2025-10-28 17:00:14,230 - ERROR - [upgradebot.py:341] - [TRADE] Submit FAIL DEXEUSDT.
2025-10-28 17:00:14,232 - ERROR - [upgradebot.py:453] - SHORT Entry failed DEXEUSDT. TP/SL not placed.
2025-10-28 17:00:15,233 - INFO - [upgradebot.py:368] - --- Checking DGBUSDT (Price: $0.0063) ---
2025-10-28 17:00:18,763 - INFO - [upgradebot.py:398] - Trade Amount $8.5000 >= min value $7.5061. Proceeding.
2025-10-28 17:00:18,765 - INFO - [upgradebot.py:227] - Fetching 90d 240m data for DGBUSDT...
2025-10-28 17:00:23,947 - INFO - [upgradebot.py:286] - DGBUSDT model trained. Acc: 0.71
2025-10-28 17:00:23,977 - INFO - [upgradebot.py:412] - [PREDICTION] DGBUSDT: SELL at $0.008306
2025-10-28 17:00:27,995 - INFO - [upgradebot.py:255] - No active position for DGBUSDT.
2025-10-28 17:00:28,013 - INFO - [upgradebot.py:443] - SELL signal DGBUSDT. Considering SHORT entry.
2025-10-28 17:00:28,022 - INFO - [upgradebot.py:446] - Calc SHORT Intent: Qty~1354.365838, Invest=$8.5000, Entry~$0.008323, TP~$0.007906, SL~$0.008489
2025-10-28 17:00:28,025 - INFO - [upgradebot.py:447] - Placing SHORT Bracket Order...
2025-10-28 17:00:28,027 - INFO - [upgradebot.py:331] - [ACTION] Submitting LIMIT SELL DGBUSDT (Qty:1350.0) @ Px:0.008323
2025-10-28 17:00:32,933 - ERROR - [upgradebot.py:131] - POST Attempt 1 failed: 500 Server Error: Internal Server Error for url: https://coinswitch.co/trade/api/v2/futures/order
2025-10-28 17:00:36,938 - ERROR - [upgradebot.py:131] - POST Attempt 2 failed: 500 Server Error: Internal Server Error for url: https://coinswitch.co/trade/api/v2/futures/order
2025-10-28 17:00:40,838 - ERROR - [upgradebot.py:131] - POST Attempt 3 failed: 500 Server Error: Internal Server Error for url: https://coinswitch.co/trade/api/v2/futures/order
2025-10-28 17:00:42,841 - ERROR - [upgradebot.py:135] - All POST retries failed: https://coinswitch.co/trade/api/v2/futures/order
2025-10-28 17:00:42,848 - ERROR - [upgradebot.py:341] - [TRADE] Submit FAIL DGBUSDT.
2025-10-28 17:00:42,850 - ERROR - [upgradebot.py:453] - SHORT Entry failed DGBUSDT. TP/SL not placed.
2025-10-28 17:00:43,851 - INFO - [upgradebot.py:368] - --- Checking DIAUSDT (Price: $0.6149) ---
2025-10-28 17:00:47,637 - INFO - [upgradebot.py:398] - Trade Amount $8.5000 >= min value $7.9937. Proceeding.
2025-10-28 17:00:47,638 - INFO - [upgradebot.py:227] - Fetching 90d 240m data for DIAUSDT...
2025-10-28 17:00:52,014 - INFO - [upgradebot.py:286] - DIAUSDT model trained. Acc: 0.76
2025-10-28 17:00:52,040 - INFO - [upgradebot.py:412] - [PREDICTION] DIAUSDT: HOLD at $0.7213
2025-10-28 17:00:56,112 - INFO - [upgradebot.py:255] - No active position for DIAUSDT.
2025-10-28 17:00:56,117 - INFO - [upgradebot.py:456] - ML predicts HOLD for DIAUSDT. No action.
2025-10-28 17:00:57,118 - INFO - [upgradebot.py:368] - --- Checking DODOUSDT (Price: $0.0318) ---
2025-10-28 17:01:00,892 - INFO - [upgradebot.py:398] - Trade Amount $8.5000 >= min value $7.5271. Proceeding.
2025-10-28 17:01:00,893 - INFO - [upgradebot.py:227] - Fetching 90d 240m data for DODOUSDT...
2025-10-28 17:01:05,143 - INFO - [upgradebot.py:286] - DODOUSDT model trained. Acc: 0.74
2025-10-28 17:01:05,172 - INFO - [upgradebot.py:412] - [PREDICTION] DODOUSDT: HOLD at $0.04685
2025-10-28 17:01:09,081 - INFO - [upgradebot.py:255] - No active position for DODOUSDT.
2025-10-28 17:01:09,086 - INFO - [upgradebot.py:456] - ML predicts HOLD for DODOUSDT. No action.
2025-10-28 17:01:10,090 - INFO - [upgradebot.py:368] - --- Checking DOGUSDT (Price: $0.0018) ---
2025-10-28 17:01:14,035 - INFO - [upgradebot.py:398] - Trade Amount $8.5000 >= min value $7.5098. Proceeding.
2025-10-28 17:01:14,036 - INFO - [upgradebot.py:227] - Fetching 90d 240m data for DOGUSDT...
2025-10-28 17:01:18,211 - INFO - [upgradebot.py:286] - DOGUSDT model trained. Acc: 0.71
2025-10-28 17:01:18,240 - INFO - [upgradebot.py:412] - [PREDICTION] DOGUSDT: SELL at $0.002347
2025-10-28 17:01:21,359 - INFO - [upgradebot.py:255] - No active position for DOGUSDT.
2025-10-28 17:01:21,362 - INFO - [upgradebot.py:443] - SELL signal DOGUSDT. Considering SHORT entry.
2025-10-28 17:01:21,363 - INFO - [upgradebot.py:446] - Calc SHORT Intent: Qty~4775.280899, Invest=$8.5000, Entry~$0.002352, TP~$0.002234, SL~$0.002399
2025-10-28 17:01:21,364 - INFO - [upgradebot.py:447] - Placing SHORT Bracket Order...
2025-10-28 17:01:21,365 - INFO - [upgradebot.py:331] - [ACTION] Submitting LIMIT SELL DOGUSDT (Qty:4700.0) @ Px:0.002352
2025-10-28 17:01:24,689 - ERROR - [upgradebot.py:131] - POST Attempt 1 failed: 500 Server Error: Internal Server Error for url: https://coinswitch.co/trade/api/v2/futures/order
2025-10-28 17:01:28,466 - ERROR - [upgradebot.py:131] - POST Attempt 2 failed: 500 Server Error: Internal Server Error for url: https://coinswitch.co/trade/api/v2/futures/order
2025-10-28 17:01:32,668 - ERROR - [upgradebot.py:131] - POST Attempt 3 failed: 500 Server Error: Internal Server Error for url: https://coinswitch.co/trade/api/v2/futures/order
2025-10-28 17:01:34,669 - ERROR - [upgradebot.py:135] - All POST retries failed: https://coinswitch.co/trade/api/v2/futures/order
2025-10-28 17:01:34,675 - ERROR - [upgradebot.py:341] - [TRADE] Submit FAIL DOGUSDT.
2025-10-28 17:01:34,676 - ERROR - [upgradebot.py:453] - SHORT Entry failed DOGUSDT. TP/SL not placed.
2025-10-28 17:01:35,678 - INFO - [upgradebot.py:368] - --- Checking DOGEUSDT (Price: $0.2000) ---
2025-10-28 17:01:59,599 - INFO - [upgradebot.py:398] - Trade Amount $8.5000 >= min value $7.6011. Proceeding.
2025-10-28 17:01:59,600 - INFO - [upgradebot.py:227] - Fetching 90d 240m data for DOGEUSDT...
2025-10-28 17:02:08,775 - INFO - [upgradebot.py:286] - DOGEUSDT model trained. Acc: 0.86
2025-10-28 17:02:08,789 - INFO - [upgradebot.py:412] - [PREDICTION] DOGEUSDT: SELL at $0.26445
2025-10-28 17:02:12,715 - INFO - [upgradebot.py:255] - No active position for DOGEUSDT.
2025-10-28 17:02:12,720 - INFO - [upgradebot.py:443] - SELL signal DOGEUSDT. Considering SHORT entry.
2025-10-28 17:02:12,721 - INFO - [upgradebot.py:446] - Calc SHORT Intent: Qty~42.493626, Invest=$8.5000, Entry~$0.26498, TP~$0.25173, SL~$0.27028
2025-10-28 17:02:12,723 - INFO - [upgradebot.py:447] - Placing SHORT Bracket Order...
2025-10-28 17:02:12,724 - INFO - [upgradebot.py:331] - [ACTION] Submitting LIMIT SELL DOGEUSDT (Qty:42.0) @ Px:0.26498
2025-10-28 17:02:16,717 - ERROR - [upgradebot.py:131] - POST Attempt 1 failed: 500 Server Error: Internal Server Error for url: https://coinswitch.co/trade/api/v2/futures/order
2025-10-28 17:02:20,526 - ERROR - [upgradebot.py:131] - POST Attempt 2 failed: 500 Server Error: Internal Server Error for url: https://coinswitch.co/trade/api/v2/futures/order
2025-10-28 17:02:24,556 - ERROR - [upgradebot.py:131] - POST Attempt 3 failed: 500 Server Error: Internal Server Error for url: https://coinswitch.co/trade/api/v2/futures/order
2025-10-28 17:02:26,557 - ERROR - [upgradebot.py:135] - All POST retries failed: https://coinswitch.co/trade/api/v2/futures/order
2025-10-28 17:02:26,565 - ERROR - [upgradebot.py:341] - [TRADE] Submit FAIL DOGEUSDT.
2025-10-28 17:02:26,565 - ERROR - [upgradebot.py:453] - SHORT Entry failed DOGEUSDT. TP/SL not placed.
2025-10-28 17:02:27,567 - INFO - [upgradebot.py:368] - --- Checking DOLOUSDT (Price: $0.0838) ---
2025-10-28 17:02:31,287 - INFO - [upgradebot.py:398] - Trade Amount $8.5000 >= min value $7.5393. Proceeding.
2025-10-28 17:02:31,288 - INFO - [upgradebot.py:227] - Fetching 90d 240m data for DOLOUSDT...
2025-10-28 17:02:36,354 - INFO - [upgradebot.py:286] - DOLOUSDT model trained. Acc: 0.74
2025-10-28 17:02:36,387 - INFO - [upgradebot.py:412] - [PREDICTION] DOLOUSDT: BUY at $0.17224
2025-10-28 17:02:39,928 - INFO - [upgradebot.py:255] - No active position for DOLOUSDT.
2025-10-28 17:02:39,934 - INFO - [upgradebot.py:424] - Calc LONG Intent: Qty~101.468306, Invest=$8.5000, Entry~$0.17190, TP~$0.18049, SL~$0.16846
2025-10-28 17:02:39,935 - INFO - [upgradebot.py:425] - Placing LONG Bracket Order...
2025-10-28 17:02:39,938 - INFO - [upgradebot.py:331] - [ACTION] Submitting LIMIT BUY DOLOUSDT (Qty:101.0) @ Px:0.1719
2025-10-28 17:02:43,939 - ERROR - [upgradebot.py:131] - POST Attempt 1 failed: 400 Client Error: Bad Request for url: https://coinswitch.co/trade/api/v2/futures/order
2025-10-28 17:02:47,813 - ERROR - [upgradebot.py:131] - POST Attempt 2 failed: 400 Client Error: Bad Request for url: https://coinswitch.co/trade/api/v2/futures/order
2025-10-28 17:02:53,018 - ERROR - [upgradebot.py:131] - POST Attempt 3 failed: 400 Client Error: Bad Request for url: https://coinswitch.co/trade/api/v2/futures/order
2025-10-28 17:02:55,022 - ERROR - [upgradebot.py:135] - All POST retries failed: https://coinswitch.co/trade/api/v2/futures/order
2025-10-28 17:02:55,026 - ERROR - [upgradebot.py:341] - [TRADE] Submit FAIL DOLOUSDT.
2025-10-28 17:02:55,027 - ERROR - [upgradebot.py:431] - LONG Entry failed DOLOUSDT. TP/SL not placed.
2025-10-28 17:02:56,046 - INFO - [upgradebot.py:368] - --- Checking DOODUSDT (Price: $0.0072) ---
2025-10-28 17:02:59,668 - INFO - [upgradebot.py:398] - Trade Amount $8.5000 >= min value $7.4991. Proceeding.
2025-10-28 17:02:59,669 - INFO - [upgradebot.py:227] - Fetching 90d 240m data for DOODUSDT...
2025-10-28 17:03:04,787 - INFO - [upgradebot.py:286] - DOODUSDT model trained. Acc: 0.79
2025-10-28 17:03:04,815 - INFO - [upgradebot.py:412] - [PREDICTION] DOODUSDT: BUY at $0.003803
2025-10-28 17:03:09,025 - INFO - [upgradebot.py:255] - No active position for DOODUSDT.
2025-10-28 17:03:09,031 - INFO - [upgradebot.py:424] - Calc LONG Intent: Qty~1183.349575, Invest=$8.5000, Entry~$0.003795, TP~$0.003985, SL~$0.003719
2025-10-28 17:03:09,032 - INFO - [upgradebot.py:425] - Placing LONG Bracket Order...
2025-10-28 17:03:09,032 - INFO - [upgradebot.py:331] - [ACTION] Submitting LIMIT BUY DOODUSDT (Qty:1180.0) @ Px:0.003795
2025-10-28 17:03:13,079 - ERROR - [upgradebot.py:131] - POST Attempt 1 failed: 500 Server Error: Internal Server Error for url: https://coinswitch.co/trade/api/v2/futures/order
2025-10-28 17:03:16,841 - ERROR - [upgradebot.py:131] - POST Attempt 2 failed: 500 Server Error: Internal Server Error for url: https://coinswitch.co/trade/api/v2/futures/order
2025-10-28 17:03:20,917 - ERROR - [upgradebot.py:131] - POST Attempt 3 failed: 500 Server Error: Internal Server Error for url: https://coinswitch.co/trade/api/v2/futures/order
2025-10-28 17:03:22,919 - ERROR - [upgradebot.py:135] - All POST retries failed: https://coinswitch.co/trade/api/v2/futures/order
2025-10-28 17:03:22,924 - ERROR - [upgradebot.py:341] - [TRADE] Submit FAIL DOODUSDT.
2025-10-28 17:03:22,925 - ERROR - [upgradebot.py:431] - LONG Entry failed DOODUSDT. TP/SL not placed.
2025-10-28 17:03:23,929 - INFO - [upgradebot.py:368] - --- Checking DOTUSDT (Price: $3.1280) ---
2025-10-28 17:03:28,117 - INFO - [upgradebot.py:398] - Trade Amount $8.5000 >= min value $7.5072. Proceeding.
2025-10-28 17:03:28,118 - INFO - [upgradebot.py:227] - Fetching 90d 240m data for DOTUSDT...
2025-10-28 17:03:32,476 - INFO - [upgradebot.py:286] - DOTUSDT model trained. Acc: 0.67
2025-10-28 17:03:32,507 - INFO - [upgradebot.py:412] - [PREDICTION] DOTUSDT: SELL at $4.2080
2025-10-28 17:03:35,965 - INFO - [upgradebot.py:255] - No active position for DOTUSDT.
2025-10-28 17:03:35,969 - INFO - [upgradebot.py:443] - SELL signal DOTUSDT. Considering SHORT entry.
2025-10-28 17:03:35,970 - INFO - [upgradebot.py:446] - Calc SHORT Intent: Qty~2.717391, Invest=$8.5000, Entry~$4.2164, TP~$4.0056, SL~$4.3007
2025-10-28 17:03:35,970 - INFO - [upgradebot.py:447] - Placing SHORT Bracket Order...
2025-10-28 17:03:35,971 - INFO - [upgradebot.py:331] - [ACTION] Submitting LIMIT SELL DOTUSDT (Qty:2.7) @ Px:4.2164
2025-10-28 17:03:39,912 - ERROR - [upgradebot.py:131] - POST Attempt 1 failed: 500 Server Error: Internal Server Error for url: https://coinswitch.co/trade/api/v2/futures/order
2025-10-28 17:03:43,848 - ERROR - [upgradebot.py:131] - POST Attempt 2 failed: 500 Server Error: Internal Server Error for url: https://coinswitch.co/trade/api/v2/futures/order
2025-10-28 17:03:47,961 - ERROR - [upgradebot.py:131] - POST Attempt 3 failed: 500 Server Error: Internal Server Error for url: https://coinswitch.co/trade/api/v2/futures/order
2025-10-28 17:03:49,966 - ERROR - [upgradebot.py:135] - All POST retries failed: https://coinswitch.co/trade/api/v2/futures/order
2025-10-28 17:03:49,973 - ERROR - [upgradebot.py:341] - [TRADE] Submit FAIL DOTUSDT.
2025-10-28 17:03:49,974 - ERROR - [upgradebot.py:453] - SHORT Entry failed DOTUSDT. TP/SL not placed.
2025-10-28 17:03:50,975 - INFO - [upgradebot.py:368] - --- Checking DRIFTUSDT (Price: $0.4336) ---
2025-10-28 17:03:54,735 - INFO - [upgradebot.py:398] - Trade Amount $8.5000 >= min value $7.8048. Proceeding.
2025-10-28 17:03:54,737 - INFO - [upgradebot.py:227] - Fetching 90d 240m data for DRIFTUSDT...
2025-10-28 17:03:59,371 - INFO - [upgradebot.py:286] - DRIFTUSDT model trained. Acc: 0.71
2025-10-28 17:03:59,406 - INFO - [upgradebot.py:412] - [PREDICTION] DRIFTUSDT: BUY at $0.6605
2025-10-28 17:04:02,962 - INFO - [upgradebot.py:255] - No active position for DRIFTUSDT.
2025-10-28 17:04:02,972 - INFO - [upgradebot.py:424] - Calc LONG Intent: Qty~19.603321, Invest=$8.5000, Entry~$0.6592, TP~$0.6921, SL~$0.6460
2025-10-28 17:04:02,973 - INFO - [upgradebot.py:425] - Placing LONG Bracket Order...
2025-10-28 17:04:02,974 - INFO - [upgradebot.py:331] - [ACTION] Submitting LIMIT BUY DRIFTUSDT (Qty:19.0) @ Px:0.6592
2025-10-28 17:04:06,915 - ERROR - [upgradebot.py:131] - POST Attempt 1 failed: 400 Client Error: Bad Request for url: https://coinswitch.co/trade/api/v2/futures/order
2025-10-28 17:04:10,945 - ERROR - [upgradebot.py:131] - POST Attempt 2 failed: 400 Client Error: Bad Request for url: https://coinswitch.co/trade/api/v2/futures/order
2025-10-28 17:04:14,665 - ERROR - [upgradebot.py:131] - POST Attempt 3 failed: 400 Client Error: Bad Request for url: https://coinswitch.co/trade/api/v2/futures/order
2025-10-28 17:04:16,667 - ERROR - [upgradebot.py:135] - All POST retries failed: https://coinswitch.co/trade/api/v2/futures/order
2025-10-28 17:04:16,674 - ERROR - [upgradebot.py:341] - [TRADE] Submit FAIL DRIFTUSDT.
2025-10-28 17:04:16,676 - ERROR - [upgradebot.py:431] - LONG Entry failed DRIFTUSDT. TP/SL not placed.
2025-10-28 17:04:17,677 - INFO - [upgradebot.py:368] - --- Checking DUSKUSDT (Price: $0.0470) ---
2025-10-28 17:04:21,640 - INFO - [upgradebot.py:398] - Trade Amount $8.5000 >= min value $7.5216. Proceeding.
2025-10-28 17:04:21,641 - INFO - [upgradebot.py:227] - Fetching 90d 240m data for DUSKUSDT...
2025-10-28 17:04:26,139 - INFO - [upgradebot.py:286] - DUSKUSDT model trained. Acc: 0.74
2025-10-28 17:04:26,163 - INFO - [upgradebot.py:412] - [PREDICTION] DUSKUSDT: SELL at $0.06471
2025-10-28 17:04:29,695 - INFO - [upgradebot.py:255] - No active position for DUSKUSDT.
2025-10-28 17:04:29,698 - INFO - [upgradebot.py:443] - SELL signal DUSKUSDT. Considering SHORT entry.
2025-10-28 17:04:29,699 - INFO - [upgradebot.py:446] - Calc SHORT Intent: Qty~180.812593, Invest=$8.5000, Entry~$0.06484, TP~$0.06160, SL~$0.06614
2025-10-28 17:04:29,700 - INFO - [upgradebot.py:447] - Placing SHORT Bracket Order...
2025-10-28 17:04:29,701 - INFO - [upgradebot.py:331] - [ACTION] Submitting LIMIT SELL DUSKUSDT (Qty:180.0) @ Px:0.06484
2025-10-28 17:04:33,831 - ERROR - [upgradebot.py:131] - POST Attempt 1 failed: 500 Server Error: Internal Server Error for url: https://coinswitch.co/trade/api/v2/futures/order
2025-10-28 17:04:38,143 - ERROR - [upgradebot.py:131] - POST Attempt 2 failed: 500 Server Error: Internal Server Error for url: https://coinswitch.co/trade/api/v2/futures/order
2025-10-28 17:04:42,205 - ERROR - [upgradebot.py:131] - POST Attempt 3 failed: 500 Server Error: Internal Server Error for url: https://coinswitch.co/trade/api/v2/futures/order
2025-10-28 17:04:44,207 - ERROR - [upgradebot.py:135] - All POST retries failed: https://coinswitch.co/trade/api/v2/futures/order
2025-10-28 17:04:44,211 - ERROR - [upgradebot.py:341] - [TRADE] Submit FAIL DUSKUSDT.
2025-10-28 17:04:44,211 - ERROR - [upgradebot.py:453] - SHORT Entry failed DUSKUSDT. TP/SL not placed.
2025-10-28 17:04:45,213 - INFO - [upgradebot.py:368] - --- Checking DYDXUSDT (Price: $0.3443) ---
2025-10-28 17:04:48,876 - INFO - [upgradebot.py:398] - Trade Amount $8.5000 >= min value $7.5057. Proceeding.
2025-10-28 17:04:48,877 - INFO - [upgradebot.py:227] - Fetching 90d 240m data for DYDXUSDT...
2025-10-28 17:04:52,989 - INFO - [upgradebot.py:286] - DYDXUSDT model trained. Acc: 0.71
2025-10-28 17:04:53,018 - INFO - [upgradebot.py:412] - [PREDICTION] DYDXUSDT: SELL at $0.6272
2025-10-28 17:04:56,850 - INFO - [upgradebot.py:255] - No active position for DYDXUSDT.
2025-10-28 17:04:56,858 - INFO - [upgradebot.py:443] - SELL signal DYDXUSDT. Considering SHORT entry.
2025-10-28 17:04:56,859 - INFO - [upgradebot.py:446] - Calc SHORT Intent: Qty~24.687772, Invest=$8.5000, Entry~$0.6285, TP~$0.5970, SL~$0.6410
2025-10-28 17:04:56,861 - INFO - [upgradebot.py:447] - Placing SHORT Bracket Order...
2025-10-28 17:04:56,862 - INFO - [upgradebot.py:331] - [ACTION] Submitting LIMIT SELL DYDXUSDT (Qty:24.6) @ Px:0.6285
2025-10-28 17:05:00,464 - ERROR - [upgradebot.py:131] - POST Attempt 1 failed: 500 Server Error: Internal Server Error for url: https://coinswitch.co/trade/api/v2/futures/order
2025-10-28 17:05:04,267 - ERROR - [upgradebot.py:131] - POST Attempt 2 failed: 500 Server Error: Internal Server Error for url: https://coinswitch.co/trade/api/v2/futures/order
2025-10-28 17:05:08,179 - ERROR - [upgradebot.py:131] - POST Attempt 3 failed: 500 Server Error: Internal Server Error for url: https://coinswitch.co/trade/api/v2/futures/order
2025-10-28 17:05:10,180 - ERROR - [upgradebot.py:135] - All POST retries failed: https://coinswitch.co/trade/api/v2/futures/order
2025-10-28 17:05:10,188 - ERROR - [upgradebot.py:341] - [TRADE] Submit FAIL DYDXUSDT.
2025-10-28 17:05:10,190 - ERROR - [upgradebot.py:453] - SHORT Entry failed DYDXUSDT. TP/SL not placed.
2025-10-28 17:05:11,191 - INFO - [upgradebot.py:368] - --- Checking DYMUSDT (Price: $0.1030) ---
2025-10-28 17:05:14,934 - INFO - [upgradebot.py:398] - Trade Amount $8.5000 >= min value $7.5087. Proceeding.
2025-10-28 17:05:14,935 - INFO - [upgradebot.py:227] - Fetching 90d 240m data for DYMUSDT...
2025-10-28 17:05:19,650 - INFO - [upgradebot.py:286] - DYMUSDT model trained. Acc: 0.88
2025-10-28 17:05:19,672 - INFO - [upgradebot.py:412] - [PREDICTION] DYMUSDT: SELL at $0.2203
2025-10-28 17:05:23,266 - INFO - [upgradebot.py:255] - No active position for DYMUSDT.
2025-10-28 17:05:23,276 - INFO - [upgradebot.py:443] - SELL signal DYMUSDT. Considering SHORT entry.
2025-10-28 17:05:23,276 - INFO - [upgradebot.py:446] - Calc SHORT Intent: Qty~82.524272, Invest=$8.5000, Entry~$0.2207, TP~$0.2097, SL~$0.2252
2025-10-28 17:05:23,277 - INFO - [upgradebot.py:447] - Placing SHORT Bracket Order...
2025-10-28 17:05:23,278 - INFO - [upgradebot.py:331] - [ACTION] Submitting LIMIT SELL DYMUSDT (Qty:82.5) @ Px:0.2207
2025-10-28 17:05:26,983 - ERROR - [upgradebot.py:131] - POST Attempt 1 failed: 500 Server Error: Internal Server Error for url: https://coinswitch.co/trade/api/v2/futures/order
2025-10-28 17:05:31,550 - ERROR - [upgradebot.py:131] - POST Attempt 2 failed: 500 Server Error: Internal Server Error for url: https://coinswitch.co/trade/api/v2/futures/order
2025-10-28 17:05:35,668 - ERROR - [upgradebot.py:131] - POST Attempt 3 failed: 500 Server Error: Internal Server Error for url: https://coinswitch.co/trade/api/v2/futures/order
2025-10-28 17:05:37,670 - ERROR - [upgradebot.py:135] - All POST retries failed: https://coinswitch.co/trade/api/v2/futures/order
2025-10-28 17:05:37,674 - ERROR - [upgradebot.py:341] - [TRADE] Submit FAIL DYMUSDT.
2025-10-28 17:05:37,674 - ERROR - [upgradebot.py:453] - SHORT Entry failed DYMUSDT. TP/SL not placed.
2025-10-28 17:05:38,675 - INFO - [upgradebot.py:368] - --- Checking EDENUSDT (Price: $0.1604) ---
2025-10-28 17:05:42,257 - INFO - [upgradebot.py:398] - Trade Amount $8.5000 >= min value $7.5388. Proceeding.
2025-10-28 17:05:42,259 - INFO - [upgradebot.py:227] - Fetching 90d 240m data for EDENUSDT...
2025-10-28 17:05:46,789 - INFO - [upgradebot.py:286] - EDENUSDT model trained. Acc: 0.81
2025-10-28 17:05:46,817 - INFO - [upgradebot.py:412] - [PREDICTION] EDENUSDT: BUY at $0.4664
2025-10-28 17:05:50,815 - INFO - [upgradebot.py:255] - No active position for EDENUSDT.
2025-10-28 17:05:50,818 - INFO - [upgradebot.py:424] - Calc LONG Intent: Qty~52.992519, Invest=$8.5000, Entry~$0.4655, TP~$0.4887, SL~$0.4562
2025-10-28 17:05:50,819 - INFO - [upgradebot.py:425] - Placing LONG Bracket Order...
2025-10-28 17:05:50,820 - INFO - [upgradebot.py:331] - [ACTION] Submitting LIMIT BUY EDENUSDT (Qty:52.0) @ Px:0.4655
2025-10-28 17:05:54,369 - ERROR - [upgradebot.py:131] - POST Attempt 1 failed: 400 Client Error: Bad Request for url: https://coinswitch.co/trade/api/v2/futures/order
2025-10-28 17:05:58,155 - ERROR - [upgradebot.py:131] - POST Attempt 2 failed: 400 Client Error: Bad Request for url: https://coinswitch.co/trade/api/v2/futures/order
2025-10-28 17:06:01,993 - ERROR - [upgradebot.py:131] - POST Attempt 3 failed: 400 Client Error: Bad Request for url: https://coinswitch.co/trade/api/v2/futures/order
2025-10-28 17:06:03,995 - ERROR - [upgradebot.py:135] - All POST retries failed: https://coinswitch.co/trade/api/v2/futures/order
2025-10-28 17:06:04,007 - ERROR - [upgradebot.py:341] - [TRADE] Submit FAIL EDENUSDT.
2025-10-28 17:06:04,024 - ERROR - [upgradebot.py:431] - LONG Entry failed EDENUSDT. TP/SL not placed.
2025-10-28 17:06:05,027 - INFO - [upgradebot.py:368] - --- Checking EDUUSDT (Price: $0.1926) ---
2025-10-28 17:06:08,842 - INFO - [upgradebot.py:398] - Trade Amount $8.5000 >= min value $7.5114. Proceeding.
2025-10-28 17:06:08,844 - INFO - [upgradebot.py:227] - Fetching 90d 240m data for EDUUSDT...
2025-10-28 17:06:13,777 - INFO - [upgradebot.py:286] - EDUUSDT model trained. Acc: 0.79
2025-10-28 17:06:13,806 - INFO - [upgradebot.py:412] - [PREDICTION] EDUUSDT: HOLD at $0.1313
2025-10-28 17:06:17,316 - INFO - [upgradebot.py:255] - No active position for EDUUSDT.
2025-10-28 17:06:17,320 - INFO - [upgradebot.py:456] - ML predicts HOLD for EDUUSDT. No action.
2025-10-28 17:06:18,321 - INFO - [upgradebot.py:368] - --- Checking EGLDUSDT (Price: $9.7800) ---
2025-10-28 17:06:22,090 - INFO - [upgradebot.py:398] - Trade Amount $8.5000 >= min value $7.5306. Proceeding.
2025-10-28 17:06:22,091 - INFO - [upgradebot.py:227] - Fetching 90d 240m data for EGLDUSDT...
2025-10-28 17:06:26,263 - INFO - [upgradebot.py:286] - EGLDUSDT model trained. Acc: 0.69
2025-10-28 17:06:26,291 - INFO - [upgradebot.py:412] - [PREDICTION] EGLDUSDT: SELL at $13.950
2025-10-28 17:06:29,511 - INFO - [upgradebot.py:255] - No active position for EGLDUSDT.
2025-10-28 17:06:29,516 - INFO - [upgradebot.py:443] - SELL signal EGLDUSDT. Considering SHORT entry.
2025-10-28 17:06:29,517 - INFO - [upgradebot.py:446] - Calc SHORT Intent: Qty~0.869121, Invest=$8.5000, Entry~$13.978, TP~$13.279, SL~$14.257
2025-10-28 17:06:29,518 - INFO - [upgradebot.py:447] - Placing SHORT Bracket Order...
2025-10-28 17:06:29,518 - INFO - [upgradebot.py:331] - [ACTION] Submitting LIMIT SELL EGLDUSDT (Qty:0.86) @ Px:13.978
2025-10-28 17:06:32,889 - ERROR - [upgradebot.py:131] - POST Attempt 1 failed: 500 Server Error: Internal Server Error for url: https://coinswitch.co/trade/api/v2/futures/order
2025-10-28 17:06:36,957 - ERROR - [upgradebot.py:131] - POST Attempt 2 failed: 500 Server Error: Internal Server Error for url: https://coinswitch.co/trade/api/v2/futures/order
2025-10-28 17:06:40,766 - ERROR - [upgradebot.py:131] - POST Attempt 3 failed: 500 Server Error: Internal Server Error for url: https://coinswitch.co/trade/api/v2/futures/order
2025-10-28 17:06:42,771 - ERROR - [upgradebot.py:135] - All POST retries failed: https://coinswitch.co/trade/api/v2/futures/order
2025-10-28 17:06:42,776 - ERROR - [upgradebot.py:341] - [TRADE] Submit FAIL EGLDUSDT.
2025-10-28 17:06:42,777 - ERROR - [upgradebot.py:453] - SHORT Entry failed EGLDUSDT. TP/SL not placed.
2025-10-28 17:06:43,778 - INFO - [upgradebot.py:368] - --- Checking EIGENUSDT (Price: $1.0765) ---
2025-10-28 17:06:47,501 - INFO - [upgradebot.py:398] - Trade Amount $8.5000 >= min value $7.5355. Proceeding.
2025-10-28 17:06:47,502 - INFO - [upgradebot.py:227] - Fetching 90d 240m data for EIGENUSDT...
2025-10-28 17:06:51,808 - INFO - [upgradebot.py:286] - EIGENUSDT model trained. Acc: 0.71
2025-10-28 17:06:51,822 - INFO - [upgradebot.py:412] - [PREDICTION] EIGENUSDT: BUY at $1.5962
2025-10-28 17:06:55,404 - INFO - [upgradebot.py:255] - No active position for EIGENUSDT.
2025-10-28 17:06:55,409 - INFO - [upgradebot.py:424] - Calc LONG Intent: Qty~7.895959, Invest=$8.5000, Entry~$1.5930, TP~$1.6727, SL~$1.5611
2025-10-28 17:06:55,409 - INFO - [upgradebot.py:425] - Placing LONG Bracket Order...
2025-10-28 17:06:55,410 - INFO - [upgradebot.py:331] - [ACTION] Submitting LIMIT BUY EIGENUSDT (Qty:7.0) @ Px:1.593
2025-10-28 17:06:58,768 - ERROR - [upgradebot.py:131] - POST Attempt 1 failed: 400 Client Error: Bad Request for url: https://coinswitch.co/trade/api/v2/futures/order
2025-10-28 17:07:02,528 - ERROR - [upgradebot.py:131] - POST Attempt 2 failed: 400 Client Error: Bad Request for url: https://coinswitch.co/trade/api/v2/futures/order
2025-10-28 17:07:06,858 - ERROR - [upgradebot.py:131] - POST Attempt 3 failed: 400 Client Error: Bad Request for url: https://coinswitch.co/trade/api/v2/futures/order
2025-10-28 17:07:08,860 - ERROR - [upgradebot.py:135] - All POST retries failed: https://coinswitch.co/trade/api/v2/futures/order
2025-10-28 17:07:08,872 - ERROR - [upgradebot.py:341] - [TRADE] Submit FAIL EIGENUSDT.
2025-10-28 17:07:08,873 - ERROR - [upgradebot.py:431] - LONG Entry failed EIGENUSDT. TP/SL not placed.
2025-10-28 17:07:09,875 - INFO - [upgradebot.py:368] - --- Checking ELXUSDT (Price: $0.1041) ---
2025-10-28 17:07:13,507 - INFO - [upgradebot.py:398] - Trade Amount $8.5000 >= min value $7.4945. Proceeding.
2025-10-28 17:07:13,513 - INFO - [upgradebot.py:227] - Fetching 90d 240m data for ELXUSDT...
2025-10-28 17:07:17,706 - INFO - [upgradebot.py:286] - ELXUSDT model trained. Acc: 0.83
2025-10-28 17:07:17,737 - INFO - [upgradebot.py:412] - [PREDICTION] ELXUSDT: HOLD at $0.13850
2025-10-28 17:07:21,220 - INFO - [upgradebot.py:255] - No active position for ELXUSDT.
2025-10-28 17:07:21,226 - INFO - [upgradebot.py:456] - ML predicts HOLD for ELXUSDT. No action.
2025-10-28 17:07:22,227 - INFO - [upgradebot.py:368] - --- Checking ENAUSDT (Price: $0.4951) ---
2025-10-28 17:07:25,693 - INFO - [upgradebot.py:398] - Trade Amount $8.5000 >= min value $7.9216. Proceeding.
2025-10-28 17:07:25,693 - INFO - [upgradebot.py:227] - Fetching 90d 240m data for ENAUSDT...
2025-10-28 17:07:30,013 - INFO - [upgradebot.py:286] - ENAUSDT model trained. Acc: 0.67
2025-10-28 17:07:30,037 - INFO - [upgradebot.py:412] - [PREDICTION] ENAUSDT: HOLD at $0.7258
2025-10-28 17:07:33,540 - INFO - [upgradebot.py:255] - No active position for ENAUSDT.
2025-10-28 17:07:33,546 - INFO - [upgradebot.py:456] - ML predicts HOLD for ENAUSDT. No action.
2025-10-28 17:07:34,547 - INFO - [upgradebot.py:368] - --- Checking ENJUSDT (Price: $0.0440) ---
2025-10-28 17:07:38,338 - INFO - [upgradebot.py:398] - Trade Amount $8.5000 >= min value $7.5040. Proceeding.
2025-10-28 17:07:38,339 - INFO - [upgradebot.py:227] - Fetching 90d 240m data for ENJUSDT...
2025-10-28 17:07:42,526 - INFO - [upgradebot.py:286] - ENJUSDT model trained. Acc: 0.74
2025-10-28 17:07:42,554 - INFO - [upgradebot.py:412] - [PREDICTION] ENJUSDT: HOLD at $0.06946
2025-10-28 17:07:46,073 - INFO - [upgradebot.py:255] - No active position for ENJUSDT.
2025-10-28 17:07:46,077 - INFO - [upgradebot.py:456] - ML predicts HOLD for ENJUSDT. No action.
2025-10-28 17:07:47,078 - INFO - [upgradebot.py:368] - --- Checking ENSUSDT (Price: $15.8690) ---
2025-10-28 17:07:50,500 - INFO - [upgradebot.py:398] - Trade Amount $8.5000 >= min value $7.9345. Proceeding.
2025-10-28 17:07:50,501 - INFO - [upgradebot.py:227] - Fetching 90d 240m data for ENSUSDT...
2025-10-28 17:07:54,579 - INFO - [upgradebot.py:286] - ENSUSDT model trained. Acc: 0.74
2025-10-28 17:07:54,610 - INFO - [upgradebot.py:412] - [PREDICTION] ENSUSDT: SELL at $23.625
2025-10-28 17:07:58,782 - INFO - [upgradebot.py:255] - No active position for ENSUSDT.
2025-10-28 17:07:58,786 - INFO - [upgradebot.py:443] - SELL signal ENSUSDT. Considering SHORT entry.
2025-10-28 17:07:58,787 - INFO - [upgradebot.py:446] - Calc SHORT Intent: Qty~0.535636, Invest=$8.5000, Entry~$23.672, TP~$22.489, SL~$24.146
2025-10-28 17:07:58,787 - INFO - [upgradebot.py:447] - Placing SHORT Bracket Order...
2025-10-28 17:07:58,788 - INFO - [upgradebot.py:331] - [ACTION] Submitting LIMIT SELL ENSUSDT (Qty:0.5) @ Px:23.672
2025-10-28 17:08:02,422 - ERROR - [upgradebot.py:131] - POST Attempt 1 failed: 500 Server Error: Internal Server Error for url: https://coinswitch.co/trade/api/v2/futures/order
2025-10-28 17:08:06,204 - ERROR - [upgradebot.py:131] - POST Attempt 2 failed: 500 Server Error: Internal Server Error for url: https://coinswitch.co/trade/api/v2/futures/order
2025-10-28 17:08:09,768 - ERROR - [upgradebot.py:131] - POST Attempt 3 failed: 500 Server Error: Internal Server Error for url: https://coinswitch.co/trade/api/v2/futures/order
2025-10-28 17:08:11,770 - ERROR - [upgradebot.py:135] - All POST retries failed: https://coinswitch.co/trade/api/v2/futures/order
2025-10-28 17:08:11,774 - ERROR - [upgradebot.py:341] - [TRADE] Submit FAIL ENSUSDT.
2025-10-28 17:08:11,775 - ERROR - [upgradebot.py:453] - SHORT Entry failed ENSUSDT. TP/SL not placed.
2025-10-28 17:08:12,776 - INFO - [upgradebot.py:368] - --- Checking ENSOUSDT (Price: $1.8340) ---
2025-10-28 17:08:16,916 - INFO - [upgradebot.py:398] - Trade Amount $8.5000 >= min value $7.5194. Proceeding.
2025-10-28 17:08:16,917 - INFO - [upgradebot.py:227] - Fetching 90d 240m data for ENSOUSDT...
2025-10-28 17:08:20,449 - WARNING - [upgradebot.py:277] - Not enough hist data ENSOUSDT (82<100). Skip train.
2025-10-28 17:08:20,450 - INFO - [upgradebot.py:412] - [PREDICTION] ENSOUSDT: HOLD at $2.494
2025-10-28 17:08:23,752 - INFO - [upgradebot.py:255] - No active position for ENSOUSDT.
2025-10-28 17:08:23,757 - INFO - [upgradebot.py:456] - ML predicts HOLD for ENSOUSDT. No action.
2025-10-28 17:08:24,761 - INFO - [upgradebot.py:368] - --- Checking EPICUSDT (Price: $0.9147) ---
2025-10-28 17:08:28,308 - INFO - [upgradebot.py:398] - Trade Amount $8.5000 >= min value $8.2323. Proceeding.
2025-10-28 17:08:28,309 - INFO - [upgradebot.py:227] - Fetching 90d 240m data for EPICUSDT...
2025-10-28 17:08:32,195 - INFO - [upgradebot.py:286] - EPICUSDT model trained. Acc: 0.86
2025-10-28 17:08:32,223 - INFO - [upgradebot.py:412] - [PREDICTION] EPICUSDT: BUY at $2.0344
2025-10-28 17:08:35,711 - INFO - [upgradebot.py:255] - No active position for EPICUSDT.
2025-10-28 17:08:35,716 - INFO - [upgradebot.py:424] - Calc LONG Intent: Qty~9.292664, Invest=$8.5000, Entry~$2.0303, TP~$2.1318, SL~$1.9897
2025-10-28 17:08:35,721 - INFO - [upgradebot.py:425] - Placing LONG Bracket Order...
2025-10-28 17:08:35,722 - INFO - [upgradebot.py:331] - [ACTION] Submitting LIMIT BUY EPICUSDT (Qty:9.0) @ Px:2.0303
2025-10-28 17:08:39,585 - ERROR - [upgradebot.py:131] - POST Attempt 1 failed: 400 Client Error: Bad Request for url: https://coinswitch.co/trade/api/v2/futures/order
2025-10-28 17:08:43,476 - ERROR - [upgradebot.py:131] - POST Attempt 2 failed: 400 Client Error: Bad Request for url: https://coinswitch.co/trade/api/v2/futures/order
2025-10-28 17:08:47,726 - ERROR - [upgradebot.py:131] - POST Attempt 3 failed: 400 Client Error: Bad Request for url: https://coinswitch.co/trade/api/v2/futures/order
2025-10-28 17:08:49,728 - ERROR - [upgradebot.py:135] - All POST retries failed: https://coinswitch.co/trade/api/v2/futures/order
2025-10-28 17:08:49,736 - ERROR - [upgradebot.py:341] - [TRADE] Submit FAIL EPICUSDT.
2025-10-28 17:08:49,737 - ERROR - [upgradebot.py:431] - LONG Entry failed EPICUSDT. TP/SL not placed.
2025-10-28 17:08:50,738 - INFO - [upgradebot.py:368] - --- Checking EPTUSDT (Price: $0.0046) ---
2025-10-28 17:08:54,847 - INFO - [upgradebot.py:398] - Trade Amount $8.5000 >= min value $7.5303. Proceeding.
2025-10-28 17:08:54,848 - INFO - [upgradebot.py:227] - Fetching 90d 240m data for EPTUSDT...
2025-10-28 17:08:59,345 - INFO - [upgradebot.py:286] - EPTUSDT model trained. Acc: 0.60
2025-10-28 17:08:59,377 - INFO - [upgradebot.py:412] - [PREDICTION] EPTUSDT: SELL at $0.005364
2025-10-28 17:09:02,979 - INFO - [upgradebot.py:255] - No active position for EPTUSDT.
2025-10-28 17:09:02,987 - INFO - [upgradebot.py:443] - SELL signal EPTUSDT. Considering SHORT entry.
2025-10-28 17:09:02,989 - INFO - [upgradebot.py:446] - Calc SHORT Intent: Qty~1868.131868, Invest=$8.5000, Entry~$0.005375, TP~$0.005106, SL~$0.005482
2025-10-28 17:09:02,990 - INFO - [upgradebot.py:447] - Placing SHORT Bracket Order...
2025-10-28 17:09:02,992 - INFO - [upgradebot.py:331] - [ACTION] Submitting LIMIT SELL EPTUSDT (Qty:1860.0) @ Px:0.005375
2025-10-28 17:09:06,659 - ERROR - [upgradebot.py:131] - POST Attempt 1 failed: 500 Server Error: Internal Server Error for url: https://coinswitch.co/trade/api/v2/futures/order
2025-10-28 17:09:10,161 - ERROR - [upgradebot.py:131] - POST Attempt 2 failed: 500 Server Error: Internal Server Error for url: https://coinswitch.co/trade/api/v2/futures/order
2025-10-28 17:09:13,726 - ERROR - [upgradebot.py:131] - POST Attempt 3 failed: 500 Server Error: Internal Server Error for url: https://coinswitch.co/trade/api/v2/futures/order
2025-10-28 17:09:15,728 - ERROR - [upgradebot.py:135] - All POST retries failed: https://coinswitch.co/trade/api/v2/futures/order
2025-10-28 17:09:15,738 - ERROR - [upgradebot.py:341] - [TRADE] Submit FAIL EPTUSDT.
2025-10-28 17:09:15,739 - ERROR - [upgradebot.py:453] - SHORT Entry failed EPTUSDT. TP/SL not placed.
2025-10-28 17:09:16,740 - INFO - [upgradebot.py:368] - --- Checking ERAUSDT (Price: $0.3208) ---
2025-10-28 17:09:19,878 - INFO - [upgradebot.py:398] - Trade Amount $8.5000 >= min value $7.6992. Proceeding.
2025-10-28 17:09:19,878 - INFO - [upgradebot.py:227] - Fetching 90d 240m data for ERAUSDT...
2025-10-28 17:09:23,702 - INFO - [upgradebot.py:286] - ERAUSDT model trained. Acc: 0.79
2025-10-28 17:09:23,720 - INFO - [upgradebot.py:412] - [PREDICTION] ERAUSDT: HOLD at $0.7365
2025-10-28 17:09:26,618 - INFO - [upgradebot.py:255] - No active position for ERAUSDT.
2025-10-28 17:09:26,622 - INFO - [upgradebot.py:456] - ML predicts HOLD for ERAUSDT. No action.
2025-10-28 17:09:27,623 - INFO - [upgradebot.py:368] - --- Checking ESUSDT (Price: $0.1071) ---
2025-10-28 17:09:30,785 - INFO - [upgradebot.py:398] - Trade Amount $8.5000 >= min value $7.6041. Proceeding.
2025-10-28 17:09:30,786 - INFO - [upgradebot.py:227] - Fetching 90d 240m data for ESUSDT...
2025-10-28 17:09:36,213 - INFO - [upgradebot.py:286] - ESUSDT model trained. Acc: 0.88
2025-10-28 17:09:36,245 - INFO - [upgradebot.py:412] - [PREDICTION] ESUSDT: SELL at $0.1508
2025-10-28 17:09:41,019 - INFO - [upgradebot.py:255] - No active position for ESUSDT.
2025-10-28 17:09:41,024 - INFO - [upgradebot.py:443] - SELL signal ESUSDT. Considering SHORT entry.
2025-10-28 17:09:41,024 - INFO - [upgradebot.py:446] - Calc SHORT Intent: Qty~79.365079, Invest=$8.5000, Entry~$0.1511, TP~$0.1435, SL~$0.1541
2025-10-28 17:09:41,025 - INFO - [upgradebot.py:447] - Placing SHORT Bracket Order...
2025-10-28 17:09:41,026 - INFO - [upgradebot.py:331] - [ACTION] Submitting LIMIT SELL ESUSDT (Qty:79.0) @ Px:0.1511
2025-10-28 17:09:44,606 - ERROR - [upgradebot.py:131] - POST Attempt 1 failed: 500 Server Error: Internal Server Error for url: https://coinswitch.co/trade/api/v2/futures/order
2025-10-28 17:09:48,648 - ERROR - [upgradebot.py:131] - POST Attempt 2 failed: 500 Server Error: Internal Server Error for url: https://coinswitch.co/trade/api/v2/futures/order
2025-10-28 17:09:52,671 - ERROR - [upgradebot.py:131] - POST Attempt 3 failed: 500 Server Error: Internal Server Error for url: https://coinswitch.co/trade/api/v2/futures/order
2025-10-28 17:09:54,672 - ERROR - [upgradebot.py:135] - All POST retries failed: https://coinswitch.co/trade/api/v2/futures/order
2025-10-28 17:09:54,683 - ERROR - [upgradebot.py:341] - [TRADE] Submit FAIL ESUSDT.
2025-10-28 17:09:54,686 - ERROR - [upgradebot.py:453] - SHORT Entry failed ESUSDT. TP/SL not placed.
2025-10-28 17:09:55,690 - INFO - [upgradebot.py:368] - --- Checking ESPORTSUSDT (Price: $0.2182) ---
2025-10-28 17:10:00,110 - INFO - [upgradebot.py:398] - Trade Amount $8.5000 >= min value $7.6377. Proceeding.
2025-10-28 17:10:00,111 - INFO - [upgradebot.py:227] - Fetching 90d 240m data for ESPORTSUSDT...
2025-10-28 17:10:04,950 - INFO - [upgradebot.py:286] - ESPORTSUSDT model trained. Acc: 0.62
2025-10-28 17:10:04,983 - INFO - [upgradebot.py:412] - [PREDICTION] ESPORTSUSDT: HOLD at $0.15996
2025-10-28 17:10:08,437 - INFO - [upgradebot.py:255] - No active position for ESPORTSUSDT.
2025-10-28 17:10:08,446 - INFO - [upgradebot.py:456] - ML predicts HOLD for ESPORTSUSDT. No action.
2025-10-28 17:10:09,447 - INFO - [upgradebot.py:368] - --- Checking ETCUSDT (Price: $16.4000) ---
2025-10-28 17:10:12,972 - INFO - [upgradebot.py:398] - Trade Amount $8.5000 >= min value $8.2000. Proceeding.
2025-10-28 17:10:12,973 - INFO - [upgradebot.py:227] - Fetching 90d 240m data for ETCUSDT...
2025-10-28 17:10:18,347 - INFO - [upgradebot.py:286] - ETCUSDT model trained. Acc: 0.81
2025-10-28 17:10:18,367 - INFO - [upgradebot.py:412] - [PREDICTION] ETCUSDT: SELL at $20.409
2025-10-28 17:10:22,640 - INFO - [upgradebot.py:255] - No active position for ETCUSDT.
2025-10-28 17:10:22,648 - INFO - [upgradebot.py:443] - SELL signal ETCUSDT. Considering SHORT entry.
2025-10-28 17:10:22,650 - INFO - [upgradebot.py:446] - Calc SHORT Intent: Qty~0.518293, Invest=$8.5000, Entry~$20.450, TP~$19.427, SL~$20.859
2025-10-28 17:10:22,651 - INFO - [upgradebot.py:447] - Placing SHORT Bracket Order...
2025-10-28 17:10:22,653 - INFO - [upgradebot.py:331] - [ACTION] Submitting LIMIT SELL ETCUSDT (Qty:0.5) @ Px:20.45
2025-10-28 17:10:28,312 - ERROR - [upgradebot.py:131] - POST Attempt 1 failed: 500 Server Error: Internal Server Error for url: https://coinswitch.co/trade/api/v2/futures/order
2025-10-28 17:10:33,014 - ERROR - [upgradebot.py:131] - POST Attempt 2 failed: 500 Server Error: Internal Server Error for url: https://coinswitch.co/trade/api/v2/futures/order
2025-10-28 17:10:37,544 - ERROR - [upgradebot.py:131] - POST Attempt 3 failed: 500 Server Error: Internal Server Error for url: https://coinswitch.co/trade/api/v2/futures/order
2025-10-28 17:10:39,546 - ERROR - [upgradebot.py:135] - All POST retries failed: https://coinswitch.co/trade/api/v2/futures/order
2025-10-28 17:10:39,552 - ERROR - [upgradebot.py:341] - [TRADE] Submit FAIL ETCUSDT.
2025-10-28 17:10:39,554 - ERROR - [upgradebot.py:453] - SHORT Entry failed ETCUSDT. TP/SL not placed.
2025-10-28 17:10:40,556 - INFO - [upgradebot.py:368] - --- Checking ETHUSDT (Price: $4111.0800) ---
2025-10-28 17:10:44,898 - INFO - [upgradebot.py:395] - Skipping ETHUSDT. Trade Amount $8.5000 < min value $41.1108.
2025-10-28 17:10:45,398 - INFO - [upgradebot.py:368] - --- Checking ETHBTCUSDT (Price: $0.0359) ---
2025-10-28 17:10:49,174 - INFO - [upgradebot.py:398] - Trade Amount $8.5000 >= min value $7.5096. Proceeding.
2025-10-28 17:10:49,175 - INFO - [upgradebot.py:227] - Fetching 90d 240m data for ETHBTCUSDT...
2025-10-28 17:10:53,066 - INFO - [upgradebot.py:286] - ETHBTCUSDT model trained. Acc: 0.90
2025-10-28 17:10:53,084 - INFO - [upgradebot.py:412] - [PREDICTION] ETHBTCUSDT: HOLD at $0.039692
2025-10-28 17:10:56,094 - INFO - [upgradebot.py:255] - No active position for ETHBTCUSDT.
2025-10-28 17:10:56,098 - INFO - [upgradebot.py:456] - ML predicts HOLD for ETHBTCUSDT. No action.
2025-10-28 17:10:57,099 - INFO - [upgradebot.py:368] - --- Checking ETHFIUSDT (Price: $0.9843) ---
2025-10-28 17:11:00,221 - INFO - [upgradebot.py:398] - Trade Amount $8.5000 >= min value $7.5791. Proceeding.
2025-10-28 17:11:00,222 - INFO - [upgradebot.py:227] - Fetching 90d 240m data for ETHFIUSDT...
2025-10-28 17:11:04,042 - INFO - [upgradebot.py:286] - ETHFIUSDT model trained. Acc: 0.71
2025-10-28 17:11:04,059 - INFO - [upgradebot.py:412] - [PREDICTION] ETHFIUSDT: BUY at $1.4671
2025-10-28 17:11:07,285 - INFO - [upgradebot.py:255] - No active position for ETHFIUSDT.
2025-10-28 17:11:07,291 - INFO - [upgradebot.py:424] - Calc LONG Intent: Qty~8.635579, Invest=$8.5000, Entry~$1.4642, TP~$1.5374, SL~$1.4349
2025-10-28 17:11:07,292 - INFO - [upgradebot.py:425] - Placing LONG Bracket Order...
2025-10-28 17:11:07,292 - INFO - [upgradebot.py:331] - [ACTION] Submitting LIMIT BUY ETHFIUSDT (Qty:8.6) @ Px:1.4642
2025-10-28 17:11:10,299 - ERROR - [upgradebot.py:131] - POST Attempt 1 failed: 400 Client Error: Bad Request for url: https://coinswitch.co/trade/api/v2/futures/order
2025-10-28 17:11:13,859 - ERROR - [upgradebot.py:131] - POST Attempt 2 failed: 400 Client Error: Bad Request for url: https://coinswitch.co/trade/api/v2/futures/order
2025-10-28 17:11:17,348 - ERROR - [upgradebot.py:131] - POST Attempt 3 failed: 400 Client Error: Bad Request for url: https://coinswitch.co/trade/api/v2/futures/order
2025-10-28 17:11:19,349 - ERROR - [upgradebot.py:135] - All POST retries failed: https://coinswitch.co/trade/api/v2/futures/order
2025-10-28 17:11:19,353 - ERROR - [upgradebot.py:341] - [TRADE] Submit FAIL ETHFIUSDT.
2025-10-28 17:11:19,353 - ERROR - [upgradebot.py:431] - LONG Entry failed ETHFIUSDT. TP/SL not placed.
2025-10-28 17:11:20,354 - INFO - [upgradebot.py:368] - --- Checking ETHWUSDT (Price: $0.9687) ---
2025-10-28 17:11:23,506 - INFO - [upgradebot.py:398] - Trade Amount $8.5000 >= min value $7.5074. Proceeding.
2025-10-28 17:11:23,508 - INFO - [upgradebot.py:227] - Fetching 90d 240m data for ETHWUSDT...
2025-10-28 17:11:27,147 - INFO - [upgradebot.py:286] - ETHWUSDT model trained. Acc: 0.81
2025-10-28 17:11:27,172 - INFO - [upgradebot.py:412] - [PREDICTION] ETHWUSDT: HOLD at $1.5800
2025-10-28 17:11:30,132 - INFO - [upgradebot.py:255] - No active position for ETHWUSDT.
2025-10-28 17:11:30,136 - INFO - [upgradebot.py:456] - ML predicts HOLD for ETHWUSDT. No action.
2025-10-28 17:11:31,137 - INFO - [upgradebot.py:368] - --- Checking EULUSDT (Price: $8.1480) ---
2025-10-28 17:11:34,264 - INFO - [upgradebot.py:398] - Trade Amount $8.5000 >= min value $8.1480. Proceeding.
2025-10-28 17:11:34,265 - INFO - [upgradebot.py:227] - Fetching 90d 240m data for EULUSDT...
2025-10-28 17:11:37,324 - WARNING - [upgradebot.py:277] - Not enough hist data EULUSDT (84<100). Skip train.
2025-10-28 17:11:37,325 - INFO - [upgradebot.py:412] - [PREDICTION] EULUSDT: HOLD at $7.128
2025-10-28 17:11:40,358 - INFO - [upgradebot.py:255] - No active position for EULUSDT.
2025-10-28 17:11:40,361 - INFO - [upgradebot.py:456] - ML predicts HOLD for EULUSDT. No action.
2025-10-28 17:11:41,363 - INFO - [upgradebot.py:368] - --- Checking EVAAUSDT (Price: $9.8940) ---
2025-10-28 17:11:44,911 - INFO - [upgradebot.py:398] - Trade Amount $8.5000 >= min value $7.9152. Proceeding.
2025-10-28 17:11:44,912 - INFO - [upgradebot.py:227] - Fetching 90d 240m data for EVAAUSDT...
2025-10-28 17:11:47,991 - WARNING - [upgradebot.py:277] - Not enough hist data EVAAUSDT (64<100). Skip train.
2025-10-28 17:11:47,992 - INFO - [upgradebot.py:412] - [PREDICTION] EVAAUSDT: HOLD at $3.074
2025-10-28 17:11:51,115 - INFO - [upgradebot.py:255] - No active position for EVAAUSDT.
2025-10-28 17:11:51,119 - INFO - [upgradebot.py:456] - ML predicts HOLD for EVAAUSDT. No action.
2025-10-28 17:11:52,121 - INFO - [upgradebot.py:368] - --- Checking FUSDT (Price: $0.0170) ---
2025-10-28 17:11:55,137 - INFO - [upgradebot.py:398] - Trade Amount $8.5000 >= min value $7.5160. Proceeding.
2025-10-28 17:11:55,138 - INFO - [upgradebot.py:227] - Fetching 90d 240m data for FUSDT...
2025-10-28 17:11:58,601 - INFO - [upgradebot.py:286] - FUSDT model trained. Acc: 0.71
2025-10-28 17:11:58,619 - INFO - [upgradebot.py:412] - [PREDICTION] FUSDT: SELL at $0.019390
2025-10-28 17:12:01,437 - INFO - [upgradebot.py:255] - No active position for FUSDT.
2025-10-28 17:12:01,443 - INFO - [upgradebot.py:443] - SELL signal FUSDT. Considering SHORT entry.
2025-10-28 17:12:01,444 - INFO - [upgradebot.py:446] - Calc SHORT Intent: Qty~498.738485, Invest=$8.5000, Entry~$0.019429, TP~$0.018457, SL~$0.019817
2025-10-28 17:12:01,446 - INFO - [upgradebot.py:447] - Placing SHORT Bracket Order...
2025-10-28 17:12:01,447 - INFO - [upgradebot.py:331] - [ACTION] Submitting LIMIT SELL FUSDT (Qty:498.0) @ Px:0.019429
2025-10-28 17:12:04,755 - ERROR - [upgradebot.py:131] - POST Attempt 1 failed: 500 Server Error: Internal Server Error for url: https://coinswitch.co/trade/api/v2/futures/order
2025-10-28 17:12:08,447 - ERROR - [upgradebot.py:131] - POST Attempt 2 failed: 500 Server Error: Internal Server Error for url: https://coinswitch.co/trade/api/v2/futures/order
2025-10-28 17:12:11,937 - ERROR - [upgradebot.py:131] - POST Attempt 3 failed: 500 Server Error: Internal Server Error for url: https://coinswitch.co/trade/api/v2/futures/order
2025-10-28 17:12:13,938 - ERROR - [upgradebot.py:135] - All POST retries failed: https://coinswitch.co/trade/api/v2/futures/order
2025-10-28 17:12:13,942 - ERROR - [upgradebot.py:341] - [TRADE] Submit FAIL FUSDT.
2025-10-28 17:12:13,942 - ERROR - [upgradebot.py:453] - SHORT Entry failed FUSDT. TP/SL not placed.
2025-10-28 17:12:14,943 - INFO - [upgradebot.py:368] - --- Checking FARTCOINUSDT (Price: $0.4081) ---
2025-10-28 17:12:18,058 - INFO - [upgradebot.py:398] - Trade Amount $8.5000 >= min value $7.7539. Proceeding.
2025-10-28 17:12:18,059 - INFO - [upgradebot.py:227] - Fetching 90d 240m data for FARTCOINUSDT...
2025-10-28 17:12:21,749 - INFO - [upgradebot.py:286] - FARTCOINUSDT model trained. Acc: 0.76
2025-10-28 17:12:21,767 - INFO - [upgradebot.py:412] - [PREDICTION] FARTCOINUSDT: SELL at $0.8213
2025-10-28 17:12:24,663 - INFO - [upgradebot.py:255] - No active position for FARTCOINUSDT.
2025-10-28 17:12:24,666 - INFO - [upgradebot.py:443] - SELL signal FARTCOINUSDT. Considering SHORT entry.
2025-10-28 17:12:24,667 - INFO - [upgradebot.py:446] - Calc SHORT Intent: Qty~20.828228, Invest=$8.5000, Entry~$0.8229, TP~$0.7818, SL~$0.8394
2025-10-28 17:12:24,668 - INFO - [upgradebot.py:447] - Placing SHORT Bracket Order...
2025-10-28 17:12:24,668 - INFO - [upgradebot.py:331] - [ACTION] Submitting LIMIT SELL FARTCOINUSDT (Qty:20.0) @ Px:0.8229
2025-10-28 17:12:27,928 - ERROR - [upgradebot.py:131] - POST Attempt 1 failed: 500 Server Error: Internal Server Error for url: https://coinswitch.co/trade/api/v2/futures/order
2025-10-28 17:12:31,427 - ERROR - [upgradebot.py:131] - POST Attempt 2 failed: 500 Server Error: Internal Server Error for url: https://coinswitch.co/trade/api/v2/futures/order
2025-10-28 17:12:34,869 - ERROR - [upgradebot.py:131] - POST Attempt 3 failed: 500 Server Error: Internal Server Error for url: https://coinswitch.co/trade/api/v2/futures/order
2025-10-28 17:12:36,871 - ERROR - [upgradebot.py:135] - All POST retries failed: https://coinswitch.co/trade/api/v2/futures/order
2025-10-28 17:12:36,876 - ERROR - [upgradebot.py:341] - [TRADE] Submit FAIL FARTCOINUSDT.
2025-10-28 17:12:36,877 - ERROR - [upgradebot.py:453] - SHORT Entry failed FARTCOINUSDT. TP/SL not placed.
2025-10-28 17:12:37,878 - INFO - [upgradebot.py:368] - --- Checking FFUSDT (Price: $0.1544) ---
2025-10-28 17:12:40,904 - INFO - [upgradebot.py:398] - Trade Amount $8.5000 >= min value $7.5656. Proceeding.
2025-10-28 17:12:40,905 - INFO - [upgradebot.py:227] - Fetching 90d 240m data for FFUSDT...
2025-10-28 17:12:44,692 - INFO - [upgradebot.py:286] - FFUSDT model trained. Acc: 0.85
2025-10-28 17:12:44,713 - INFO - [upgradebot.py:412] - [PREDICTION] FFUSDT: BUY at $0.3524
2025-10-28 17:12:47,806 - INFO - [upgradebot.py:255] - No active position for FFUSDT.
2025-10-28 17:12:47,810 - INFO - [upgradebot.py:424] - Calc LONG Intent: Qty~55.051813, Invest=$8.5000, Entry~$0.3517, TP~$0.3693, SL~$0.3447
2025-10-28 17:12:47,811 - INFO - [upgradebot.py:425] - Placing LONG Bracket Order...
2025-10-28 17:12:47,812 - INFO - [upgradebot.py:331] - [ACTION] Submitting LIMIT BUY FFUSDT (Qty:55.0) @ Px:0.3517
2025-10-28 17:12:50,804 - ERROR - [upgradebot.py:131] - POST Attempt 1 failed: 400 Client Error: Bad Request for url: https://coinswitch.co/trade/api/v2/futures/order
2025-10-28 17:12:54,382 - ERROR - [upgradebot.py:131] - POST Attempt 2 failed: 400 Client Error: Bad Request for url: https://coinswitch.co/trade/api/v2/futures/order
2025-10-28 17:12:57,857 - ERROR - [upgradebot.py:131] - POST Attempt 3 failed: 400 Client Error: Bad Request for url: https://coinswitch.co/trade/api/v2/futures/order
2025-10-28 17:12:59,858 - ERROR - [upgradebot.py:135] - All POST retries failed: https://coinswitch.co/trade/api/v2/futures/order
2025-10-28 17:12:59,864 - ERROR - [upgradebot.py:341] - [TRADE] Submit FAIL FFUSDT.
2025-10-28 17:12:59,866 - ERROR - [upgradebot.py:431] - LONG Entry failed FFUSDT. TP/SL not placed.
2025-10-28 17:13:00,868 - INFO - [upgradebot.py:368] - --- Checking FIDAUSDT (Price: $0.0614) ---
2025-10-28 17:13:03,912 - INFO - [upgradebot.py:398] - Trade Amount $8.5000 >= min value $7.4932. Proceeding.
2025-10-28 17:13:03,912 - INFO - [upgradebot.py:227] - Fetching 90d 240m data for FIDAUSDT...
2025-10-28 17:13:07,495 - INFO - [upgradebot.py:286] - FIDAUSDT model trained. Acc: 0.74
2025-10-28 17:13:07,514 - INFO - [upgradebot.py:412] - [PREDICTION] FIDAUSDT: SELL at $0.09247
2025-10-28 17:13:10,475 - INFO - [upgradebot.py:255] - No active position for FIDAUSDT.
2025-10-28 17:13:10,480 - INFO - [upgradebot.py:443] - SELL signal FIDAUSDT. Considering SHORT entry.
2025-10-28 17:13:10,480 - INFO - [upgradebot.py:446] - Calc SHORT Intent: Qty~138.391403, Invest=$8.5000, Entry~$0.09265, TP~$0.08802, SL~$0.09451
2025-10-28 17:13:10,481 - INFO - [upgradebot.py:447] - Placing SHORT Bracket Order...
2025-10-28 17:13:10,482 - INFO - [upgradebot.py:331] - [ACTION] Submitting LIMIT SELL FIDAUSDT (Qty:138.0) @ Px:0.09265
2025-10-28 17:13:13,781 - ERROR - [upgradebot.py:131] - POST Attempt 1 failed: 500 Server Error: Internal Server Error for url: https://coinswitch.co/trade/api/v2/futures/order
2025-10-28 17:13:17,271 - ERROR - [upgradebot.py:131] - POST Attempt 2 failed: 500 Server Error: Internal Server Error for url: https://coinswitch.co/trade/api/v2/futures/order
2025-10-28 17:13:20,794 - ERROR - [upgradebot.py:131] - POST Attempt 3 failed: 500 Server Error: Internal Server Error for url: https://coinswitch.co/trade/api/v2/futures/order
2025-10-28 17:13:22,795 - ERROR - [upgradebot.py:135] - All POST retries failed: https://coinswitch.co/trade/api/v2/futures/order
2025-10-28 17:13:22,799 - ERROR - [upgradebot.py:341] - [TRADE] Submit FAIL FIDAUSDT.
2025-10-28 17:13:22,800 - ERROR - [upgradebot.py:453] - SHORT Entry failed FIDAUSDT. TP/SL not placed.
2025-10-28 17:13:23,801 - INFO - [upgradebot.py:368] - --- Checking FILUSDT (Price: $1.6300) ---
2025-10-28 17:13:27,010 - INFO - [upgradebot.py:398] - Trade Amount $8.5000 >= min value $7.4980. Proceeding.
2025-10-28 17:13:27,011 - INFO - [upgradebot.py:227] - Fetching 90d 240m data for FILUSDT...
2025-10-28 17:13:30,432 - INFO - [upgradebot.py:286] - FILUSDT model trained. Acc: 0.88
2025-10-28 17:13:30,448 - INFO - [upgradebot.py:412] - [PREDICTION] FILUSDT: HOLD at $2.487
2025-10-28 17:13:33,624 - INFO - [upgradebot.py:255] - No active position for FILUSDT.
2025-10-28 17:13:33,627 - INFO - [upgradebot.py:456] - ML predicts HOLD for FILUSDT. No action.
2025-10-28 17:13:34,628 - INFO - [upgradebot.py:368] - --- Checking FIOUSDT (Price: $0.0127) ---
2025-10-28 17:13:38,045 - INFO - [upgradebot.py:398] - Trade Amount $8.5000 >= min value $7.5039. Proceeding.
2025-10-28 17:13:38,046 - INFO - [upgradebot.py:227] - Fetching 90d 240m data for FIOUSDT...
2025-10-28 17:13:41,853 - INFO - [upgradebot.py:286] - FIOUSDT model trained. Acc: 0.79
2025-10-28 17:13:41,875 - INFO - [upgradebot.py:412] - [PREDICTION] FIOUSDT: HOLD at $0.01890
2025-10-28 17:13:44,991 - INFO - [upgradebot.py:255] - No active position for FIOUSDT.
2025-10-28 17:13:44,994 - INFO - [upgradebot.py:456] - ML predicts HOLD for FIOUSDT. No action.
2025-10-28 17:13:45,995 - INFO - [upgradebot.py:368] - --- Checking FLMUSDT (Price: $0.0203) ---
2025-10-28 17:13:48,976 - INFO - [upgradebot.py:398] - Trade Amount $8.5000 >= min value $7.5128. Proceeding.
2025-10-28 17:13:48,977 - INFO - [upgradebot.py:227] - Fetching 90d 240m data for FLMUSDT...
2025-10-28 17:13:52,779 - INFO - [upgradebot.py:286] - FLMUSDT model trained. Acc: 0.60
2025-10-28 17:13:52,798 - INFO - [upgradebot.py:412] - [PREDICTION] FLMUSDT: SELL at $0.03553
2025-10-28 17:13:55,771 - INFO - [upgradebot.py:255] - No active position for FLMUSDT.
2025-10-28 17:13:55,774 - INFO - [upgradebot.py:443] - SELL signal FLMUSDT. Considering SHORT entry.
2025-10-28 17:13:55,775 - INFO - [upgradebot.py:446] - Calc SHORT Intent: Qty~419.753086, Invest=$8.5000, Entry~$0.03560, TP~$0.03382, SL~$0.03631
2025-10-28 17:13:55,776 - INFO - [upgradebot.py:447] - Placing SHORT Bracket Order...
2025-10-28 17:13:55,776 - INFO - [upgradebot.py:331] - [ACTION] Submitting LIMIT SELL FLMUSDT (Qty:419.0) @ Px:0.0356
2025-10-28 17:13:58,610 - ERROR - [upgradebot.py:131] - POST Attempt 1 failed: 500 Server Error: Internal Server Error for url: https://coinswitch.co/trade/api/v2/futures/order
2025-10-28 17:14:02,140 - ERROR - [upgradebot.py:131] - POST Attempt 2 failed: 500 Server Error: Internal Server Error for url: https://coinswitch.co/trade/api/v2/futures/order
2025-10-28 17:14:05,595 - ERROR - [upgradebot.py:131] - POST Attempt 3 failed: 500 Server Error: Internal Server Error for url: https://coinswitch.co/trade/api/v2/futures/order
2025-10-28 17:14:07,597 - ERROR - [upgradebot.py:135] - All POST retries failed: https://coinswitch.co/trade/api/v2/futures/order
2025-10-28 17:14:07,600 - ERROR - [upgradebot.py:341] - [TRADE] Submit FAIL FLMUSDT.
2025-10-28 17:14:07,601 - ERROR - [upgradebot.py:453] - SHORT Entry failed FLMUSDT. TP/SL not placed.
2025-10-28 17:14:08,602 - INFO - [upgradebot.py:368] - --- Checking FLOCKUSDT (Price: $0.2398) ---
2025-10-28 17:14:12,862 - INFO - [upgradebot.py:398] - Trade Amount $8.5000 >= min value $7.6749. Proceeding.
2025-10-28 17:14:12,863 - INFO - [upgradebot.py:227] - Fetching 90d 240m data for FLOCKUSDT...
2025-10-28 17:14:16,813 - INFO - [upgradebot.py:286] - FLOCKUSDT model trained. Acc: 0.71
2025-10-28 17:14:16,832 - INFO - [upgradebot.py:412] - [PREDICTION] FLOCKUSDT: BUY at $0.37116
2025-10-28 17:14:19,620 - INFO - [upgradebot.py:255] - No active position for FLOCKUSDT.
2025-10-28 17:14:19,623 - INFO - [upgradebot.py:424] - Calc LONG Intent: Qty~35.440294, Invest=$8.5000, Entry~$0.37042, TP~$0.38894, SL~$0.36301
2025-10-28 17:14:19,623 - INFO - [upgradebot.py:425] - Placing LONG Bracket Order...
2025-10-28 17:14:19,624 - INFO - [upgradebot.py:331] - [ACTION] Submitting LIMIT BUY FLOCKUSDT (Qty:35.0) @ Px:0.37042
2025-10-28 17:14:22,620 - ERROR - [upgradebot.py:131] - POST Attempt 1 failed: 400 Client Error: Bad Request for url: https://coinswitch.co/trade/api/v2/futures/order
2025-10-28 17:14:26,221 - ERROR - [upgradebot.py:131] - POST Attempt 2 failed: 400 Client Error: Bad Request for url: https://coinswitch.co/trade/api/v2/futures/order
2025-10-28 17:14:29,600 - ERROR - [upgradebot.py:131] - POST Attempt 3 failed: 400 Client Error: Bad Request for url: https://coinswitch.co/trade/api/v2/futures/order
2025-10-28 17:14:31,603 - ERROR - [upgradebot.py:135] - All POST retries failed: https://coinswitch.co/trade/api/v2/futures/order
2025-10-28 17:14:31,606 - ERROR - [upgradebot.py:341] - [TRADE] Submit FAIL FLOCKUSDT.
2025-10-28 17:14:31,607 - ERROR - [upgradebot.py:431] - LONG Entry failed FLOCKUSDT. TP/SL not placed.
2025-10-28 17:14:32,608 - INFO - [upgradebot.py:368] - --- Checking FLOWUSDT (Price: $0.2763) ---
2025-10-28 17:14:36,670 - INFO - [upgradebot.py:398] - Trade Amount $8.5000 >= min value $7.5154. Proceeding.
2025-10-28 17:14:36,670 - INFO - [upgradebot.py:227] - Fetching 90d 240m data for FLOWUSDT...
2025-10-28 17:14:41,816 - INFO - [upgradebot.py:286] - FLOWUSDT model trained. Acc: 0.81
2025-10-28 17:14:41,833 - INFO - [upgradebot.py:412] - [PREDICTION] FLOWUSDT: SELL at $0.3966
2025-10-28 17:14:45,097 - INFO - [upgradebot.py:255] - No active position for FLOWUSDT.
2025-10-28 17:14:45,100 - INFO - [upgradebot.py:443] - SELL signal FLOWUSDT. Considering SHORT entry.
2025-10-28 17:14:45,101 - INFO - [upgradebot.py:446] - Calc SHORT Intent: Qty~30.763663, Invest=$8.5000, Entry~$0.3974, TP~$0.3775, SL~$0.4053
2025-10-28 17:14:45,101 - INFO - [upgradebot.py:447] - Placing SHORT Bracket Order...
2025-10-28 17:14:45,102 - INFO - [upgradebot.py:331] - [ACTION] Submitting LIMIT SELL FLOWUSDT (Qty:30.7) @ Px:0.3974
2025-10-28 17:14:48,206 - ERROR - [upgradebot.py:131] - POST Attempt 1 failed: 500 Server Error: Internal Server Error for url: https://coinswitch.co/trade/api/v2/futures/order
2025-10-28 17:14:52,061 - ERROR - [upgradebot.py:131] - POST Attempt 2 failed: 500 Server Error: Internal Server Error for url: https://coinswitch.co/trade/api/v2/futures/order
2025-10-28 17:14:55,766 - ERROR - [upgradebot.py:131] - POST Attempt 3 failed: 500 Server Error: Internal Server Error for url: https://coinswitch.co/trade/api/v2/futures/order
2025-10-28 17:14:57,769 - ERROR - [upgradebot.py:135] - All POST retries failed: https://coinswitch.co/trade/api/v2/futures/order
2025-10-28 17:14:57,772 - ERROR - [upgradebot.py:341] - [TRADE] Submit FAIL FLOWUSDT.
2025-10-28 17:14:57,773 - ERROR - [upgradebot.py:453] - SHORT Entry failed FLOWUSDT. TP/SL not placed.
2025-10-28 17:14:58,773 - INFO - [upgradebot.py:368] - --- Checking FLRUSDT (Price: $0.0170) ---
2025-10-28 17:15:01,936 - INFO - [upgradebot.py:398] - Trade Amount $8.5000 >= min value $7.5058. Proceeding.
2025-10-28 17:15:01,937 - INFO - [upgradebot.py:227] - Fetching 90d 240m data for FLRUSDT...
2025-10-28 17:15:05,559 - INFO - [upgradebot.py:286] - FLRUSDT model trained. Acc: 0.67
2025-10-28 17:15:05,591 - INFO - [upgradebot.py:412] - [PREDICTION] FLRUSDT: HOLD at $0.02281
2025-10-28 17:15:08,764 - INFO - [upgradebot.py:255] - No active position for FLRUSDT.
2025-10-28 17:15:08,768 - INFO - [upgradebot.py:456] - ML predicts HOLD for FLRUSDT. No action.
2025-10-28 17:15:09,769 - INFO - [upgradebot.py:368] - --- Checking FLUIDUSDT (Price: $4.7050) ---
2025-10-28 17:15:13,017 - INFO - [upgradebot.py:398] - Trade Amount $8.5000 >= min value $7.5280. Proceeding.
2025-10-28 17:15:13,017 - INFO - [upgradebot.py:227] - Fetching 90d 240m data for FLUIDUSDT...
2025-10-28 17:15:16,703 - INFO - [upgradebot.py:286] - FLUIDUSDT model trained. Acc: 0.78
2025-10-28 17:15:16,723 - INFO - [upgradebot.py:412] - [PREDICTION] FLUIDUSDT: HOLD at $6.857
2025-10-28 17:15:19,670 - INFO - [upgradebot.py:255] - No active position for FLUIDUSDT.
2025-10-28 17:15:19,674 - INFO - [upgradebot.py:456] - ML predicts HOLD for FLUIDUSDT. No action.
2025-10-28 17:15:20,675 - INFO - [upgradebot.py:368] - --- Checking FLUXUSDT (Price: $0.1213) ---
2025-10-28 17:15:23,692 - INFO - [upgradebot.py:398] - Trade Amount $8.5000 >= min value $7.5206. Proceeding.
2025-10-28 17:15:23,692 - INFO - [upgradebot.py:227] - Fetching 90d 240m data for FLUXUSDT...
2025-10-28 17:15:27,034 - INFO - [upgradebot.py:286] - FLUXUSDT model trained. Acc: 0.74
2025-10-28 17:15:27,058 - INFO - [upgradebot.py:412] - [PREDICTION] FLUXUSDT: HOLD at $0.2102
2025-10-28 17:15:30,044 - INFO - [upgradebot.py:255] - No active position for FLUXUSDT.
2025-10-28 17:15:30,048 - INFO - [upgradebot.py:456] - ML predicts HOLD for FLUXUSDT. No action.
2025-10-28 17:15:31,049 - INFO - [upgradebot.py:368] - --- Checking FORMUSDT (Price: $0.6866) ---
2025-10-28 17:15:33,962 - INFO - [upgradebot.py:398] - Trade Amount $8.5000 >= min value $7.5526. Proceeding.
2025-10-28 17:15:33,963 - INFO - [upgradebot.py:227] - Fetching 90d 240m data for FORMUSDT...
2025-10-28 17:15:37,489 - INFO - [upgradebot.py:286] - FORMUSDT model trained. Acc: 0.86
2025-10-28 17:15:37,514 - INFO - [upgradebot.py:412] - [PREDICTION] FORMUSDT: BUY at $2.1580
2025-10-28 17:15:40,681 - INFO - [upgradebot.py:255] - No active position for FORMUSDT.
2025-10-28 17:15:40,685 - INFO - [upgradebot.py:424] - Calc LONG Intent: Qty~12.379843, Invest=$8.5000, Entry~$2.1537, TP~$2.2614, SL~$2.1106
2025-10-28 17:15:40,686 - INFO - [upgradebot.py:425] - Placing LONG Bracket Order...
2025-10-28 17:15:40,686 - INFO - [upgradebot.py:331] - [ACTION] Submitting LIMIT BUY FORMUSDT (Qty:12.0) @ Px:2.1537
2025-10-28 17:15:43,536 - ERROR - [upgradebot.py:131] - POST Attempt 1 failed: 400 Client Error: Bad Request for url: https://coinswitch.co/trade/api/v2/futures/order
2025-10-28 17:15:47,031 - ERROR - [upgradebot.py:131] - POST Attempt 2 failed: 400 Client Error: Bad Request for url: https://coinswitch.co/trade/api/v2/futures/order
2025-10-28 17:15:50,638 - ERROR - [upgradebot.py:131] - POST Attempt 3 failed: 400 Client Error: Bad Request for url: https://coinswitch.co/trade/api/v2/futures/order
2025-10-28 17:15:52,640 - ERROR - [upgradebot.py:135] - All POST retries failed: https://coinswitch.co/trade/api/v2/futures/order
2025-10-28 17:15:52,647 - ERROR - [upgradebot.py:341] - [TRADE] Submit FAIL FORMUSDT.
2025-10-28 17:15:52,648 - ERROR - [upgradebot.py:431] - LONG Entry failed FORMUSDT. TP/SL not placed.
2025-10-28 17:15:53,650 - INFO - [upgradebot.py:368] - --- Checking FORTHUSDT (Price: $2.3339) ---
2025-10-28 17:15:56,712 - INFO - [upgradebot.py:398] - Trade Amount $8.5000 >= min value $7.7019. Proceeding.
2025-10-28 17:15:56,712 - INFO - [upgradebot.py:227] - Fetching 90d 240m data for FORTHUSDT...
2025-10-28 17:16:00,117 - INFO - [upgradebot.py:286] - FORTHUSDT model trained. Acc: 0.76
2025-10-28 17:16:00,134 - INFO - [upgradebot.py:412] - [PREDICTION] FORTHUSDT: HOLD at $2.6446
2025-10-28 17:16:03,032 - INFO - [upgradebot.py:255] - No active position for FORTHUSDT.
2025-10-28 17:16:03,035 - INFO - [upgradebot.py:456] - ML predicts HOLD for FORTHUSDT. No action.
2025-10-28 17:16:04,036 - INFO - [upgradebot.py:368] - --- Checking FWOGUSDT (Price: $0.0243) ---
2025-10-28 17:16:07,125 - INFO - [upgradebot.py:398] - Trade Amount $8.5000 >= min value $7.5087. Proceeding.
2025-10-28 17:16:07,126 - INFO - [upgradebot.py:227] - Fetching 90d 240m data for FWOGUSDT...
2025-10-28 17:16:10,474 - INFO - [upgradebot.py:286] - FWOGUSDT model trained. Acc: 0.76
2025-10-28 17:16:10,493 - INFO - [upgradebot.py:412] - [PREDICTION] FWOGUSDT: HOLD at $0.04144
2025-10-28 17:16:13,530 - INFO - [upgradebot.py:255] - No active position for FWOGUSDT.
2025-10-28 17:16:13,534 - INFO - [upgradebot.py:456] - ML predicts HOLD for FWOGUSDT. No action.
2025-10-28 17:16:14,535 - INFO - [upgradebot.py:368] - --- Checking FXSUSDT (Price: $1.4573) ---
2025-10-28 17:16:17,409 - INFO - [upgradebot.py:398] - Trade Amount $8.5000 >= min value $7.5051. Proceeding.
2025-10-28 17:16:17,410 - INFO - [upgradebot.py:227] - Fetching 90d 240m data for FXSUSDT...
2025-10-28 17:16:20,933 - INFO - [upgradebot.py:286] - FXSUSDT model trained. Acc: 0.71
2025-10-28 17:16:20,948 - INFO - [upgradebot.py:412] - [PREDICTION] FXSUSDT: HOLD at $2.6718
2025-10-28 17:16:24,092 - INFO - [upgradebot.py:255] - No active position for FXSUSDT.
2025-10-28 17:16:24,097 - INFO - [upgradebot.py:456] - ML predicts HOLD for FXSUSDT. No action.
2025-10-28 17:16:25,099 - INFO - [upgradebot.py:368] - --- Checking GALAUSDT (Price: $0.0111) ---
2025-10-28 17:16:27,953 - INFO - [upgradebot.py:398] - Trade Amount $8.5000 >= min value $7.4925. Proceeding.
2025-10-28 17:16:27,954 - INFO - [upgradebot.py:227] - Fetching 90d 240m data for GALAUSDT...
2025-10-28 17:16:31,428 - INFO - [upgradebot.py:286] - GALAUSDT model trained. Acc: 0.74
2025-10-28 17:16:31,448 - INFO - [upgradebot.py:412] - [PREDICTION] GALAUSDT: SELL at $0.01724
2025-10-28 17:16:34,380 - INFO - [upgradebot.py:255] - No active position for GALAUSDT.
2025-10-28 17:16:34,384 - INFO - [upgradebot.py:443] - SELL signal GALAUSDT. Considering SHORT entry.
2025-10-28 17:16:34,384 - INFO - [upgradebot.py:446] - Calc SHORT Intent: Qty~765.765766, Invest=$8.5000, Entry~$0.01727, TP~$0.01641, SL~$0.01762
2025-10-28 17:16:34,385 - INFO - [upgradebot.py:447] - Placing SHORT Bracket Order...
2025-10-28 17:16:34,386 - INFO - [upgradebot.py:331] - [ACTION] Submitting LIMIT SELL GALAUSDT (Qty:765.0) @ Px:0.01727
2025-10-28 17:16:37,382 - ERROR - [upgradebot.py:131] - POST Attempt 1 failed: 500 Server Error: Internal Server Error for url: https://coinswitch.co/trade/api/v2/futures/order
2025-10-28 17:16:40,823 - ERROR - [upgradebot.py:131] - POST Attempt 2 failed: 500 Server Error: Internal Server Error for url: https://coinswitch.co/trade/api/v2/futures/order
2025-10-28 17:16:44,272 - ERROR - [upgradebot.py:131] - POST Attempt 3 failed: 500 Server Error: Internal Server Error for url: https://coinswitch.co/trade/api/v2/futures/order
2025-10-28 17:16:46,274 - ERROR - [upgradebot.py:135] - All POST retries failed: https://coinswitch.co/trade/api/v2/futures/order
2025-10-28 17:16:46,278 - ERROR - [upgradebot.py:341] - [TRADE] Submit FAIL GALAUSDT.
2025-10-28 17:16:46,278 - ERROR - [upgradebot.py:453] - SHORT Entry failed GALAUSDT. TP/SL not placed.
2025-10-28 17:16:47,279 - INFO - [upgradebot.py:368] - --- Checking GASUSDT (Price: $2.6400) ---
2025-10-28 17:16:50,624 - INFO - [upgradebot.py:398] - Trade Amount $8.5000 >= min value $7.6560. Proceeding.
2025-10-28 17:16:50,625 - INFO - [upgradebot.py:227] - Fetching 90d 240m data for GASUSDT...
2025-10-28 17:16:54,277 - INFO - [upgradebot.py:286] - GASUSDT model trained. Acc: 0.76
2025-10-28 17:16:54,294 - INFO - [upgradebot.py:412] - [PREDICTION] GASUSDT: HOLD at $3.308
2025-10-28 17:16:57,149 - INFO - [upgradebot.py:255] - No active position for GASUSDT.
2025-10-28 17:16:57,155 - INFO - [upgradebot.py:456] - ML predicts HOLD for GASUSDT. No action.
2025-10-28 17:16:58,156 - INFO - [upgradebot.py:368] - --- Checking GIGAUSDT (Price: $0.0068) ---
2025-10-28 17:17:00,572 - INFO - [upgradebot.py:398] - Trade Amount $8.5000 >= min value $7.4585. Proceeding.
2025-10-28 17:17:00,572 - INFO - [upgradebot.py:227] - Fetching 90d 240m data for GIGAUSDT...
2025-10-28 17:17:02,235 - INFO - [upgradebot.py:286] - GIGAUSDT model trained. Acc: 0.71
2025-10-28 17:17:02,243 - INFO - [upgradebot.py:412] - [PREDICTION] GIGAUSDT: HOLD at $0.011780
2025-10-28 17:17:03,674 - INFO - [upgradebot.py:255] - No active position for GIGAUSDT.
2025-10-28 17:17:03,676 - INFO - [upgradebot.py:456] - ML predicts HOLD for GIGAUSDT. No action.
2025-10-28 17:17:04,677 - INFO - [upgradebot.py:368] - --- Checking GIGGLEUSDT (Price: $166.8700) ---
2025-10-28 17:17:07,972 - INFO - [upgradebot.py:398] - Trade Amount $8.5000 >= min value $7.5091. Proceeding.
2025-10-28 17:17:07,973 - INFO - [upgradebot.py:227] - Fetching 90d 240m data for GIGGLEUSDT...
2025-10-28 17:17:12,156 - INFO - [upgradebot.py:286] - GIGGLEUSDT model trained. Acc: 0.73
2025-10-28 17:17:12,175 - INFO - [upgradebot.py:412] - [PREDICTION] GIGGLEUSDT: BUY at $86.49
2025-10-28 17:17:15,374 - INFO - [upgradebot.py:255] - No active position for GIGGLEUSDT.
2025-10-28 17:17:15,382 - INFO - [upgradebot.py:424] - Calc LONG Intent: Qty~0.050938, Invest=$8.5000, Entry~$86.32, TP~$90.63, SL~$84.59
2025-10-28 17:17:15,383 - INFO - [upgradebot.py:425] - Placing LONG Bracket Order...
2025-10-28 17:17:15,384 - INFO - [upgradebot.py:331] - [ACTION] Submitting LIMIT BUY GIGGLEUSDT (Qty:0.05) @ Px:86.32
2025-10-28 17:17:17,980 - ERROR - [upgradebot.py:131] - POST Attempt 1 failed: 500 Server Error: Internal Server Error for url: https://coinswitch.co/trade/api/v2/futures/order
2025-10-28 17:17:21,057 - ERROR - [upgradebot.py:131] - POST Attempt 2 failed: 500 Server Error: Internal Server Error for url: https://coinswitch.co/trade/api/v2/futures/order
2025-10-28 17:17:24,293 - ERROR - [upgradebot.py:131] - POST Attempt 3 failed: 500 Server Error: Internal Server Error for url: https://coinswitch.co/trade/api/v2/futures/order
2025-10-28 17:17:26,295 - ERROR - [upgradebot.py:135] - All POST retries failed: https://coinswitch.co/trade/api/v2/futures/order
2025-10-28 17:17:26,299 - ERROR - [upgradebot.py:341] - [TRADE] Submit FAIL GIGGLEUSDT.
2025-10-28 17:17:26,299 - ERROR - [upgradebot.py:431] - LONG Entry failed GIGGLEUSDT. TP/SL not placed.
2025-10-28 17:17:27,301 - INFO - [upgradebot.py:368] - --- Checking GLMUSDT (Price: $0.1798) ---
2025-10-28 17:17:29,758 - INFO - [upgradebot.py:398] - Trade Amount $8.5000 >= min value $7.5524. Proceeding.
2025-10-28 17:17:29,759 - INFO - [upgradebot.py:227] - Fetching 90d 240m data for GLMUSDT...
2025-10-28 17:17:33,549 - INFO - [upgradebot.py:286] - GLMUSDT model trained. Acc: 0.71
2025-10-28 17:17:33,565 - INFO - [upgradebot.py:412] - [PREDICTION] GLMUSDT: HOLD at $0.24367
2025-10-28 17:17:36,121 - INFO - [upgradebot.py:255] - No active position for GLMUSDT.
2025-10-28 17:17:36,131 - INFO - [upgradebot.py:456] - ML predicts HOLD for GLMUSDT. No action.
2025-10-28 17:17:37,133 - INFO - [upgradebot.py:368] - --- Checking GLMRUSDT (Price: $0.0390) ---
2025-10-28 17:17:39,596 - INFO - [upgradebot.py:398] - Trade Amount $8.5000 >= min value $7.5016. Proceeding.
2025-10-28 17:17:39,597 - INFO - [upgradebot.py:227] - Fetching 90d 240m data for GLMRUSDT...
2025-10-28 17:17:42,680 - INFO - [upgradebot.py:286] - GLMRUSDT model trained. Acc: 0.69
2025-10-28 17:17:42,694 - INFO - [upgradebot.py:412] - [PREDICTION] GLMRUSDT: BUY at $0.06609
2025-10-28 17:17:45,767 - INFO - [upgradebot.py:255] - No active position for GLMRUSDT.
2025-10-28 17:17:45,773 - INFO - [upgradebot.py:424] - Calc LONG Intent: Qty~217.892848, Invest=$8.5000, Entry~$0.06596, TP~$0.06926, SL~$0.06464
2025-10-28 17:17:45,774 - INFO - [upgradebot.py:425] - Placing LONG Bracket Order...
2025-10-28 17:17:45,776 - INFO - [upgradebot.py:331] - [ACTION] Submitting LIMIT BUY GLMRUSDT (Qty:217.8) @ Px:0.06596
2025-10-28 17:17:49,771 - ERROR - [upgradebot.py:131] - POST Attempt 1 failed: 400 Client Error: Bad Request for url: https://coinswitch.co/trade/api/v2/futures/order
2025-10-28 17:17:53,543 - ERROR - [upgradebot.py:131] - POST Attempt 2 failed: 400 Client Error: Bad Request for url: https://coinswitch.co/trade/api/v2/futures/order
2025-10-28 17:17:57,810 - ERROR - [upgradebot.py:131] - POST Attempt 3 failed: 400 Client Error: Bad Request for url: https://coinswitch.co/trade/api/v2/futures/order
2025-10-28 17:17:59,813 - ERROR - [upgradebot.py:135] - All POST retries failed: https://coinswitch.co/trade/api/v2/futures/order
2025-10-28 17:17:59,818 - ERROR - [upgradebot.py:341] - [TRADE] Submit FAIL GLMRUSDT.
2025-10-28 17:17:59,819 - ERROR - [upgradebot.py:431] - LONG Entry failed GLMRUSDT. TP/SL not placed.
2025-10-28 17:18:00,820 - INFO - [upgradebot.py:368] - --- Checking GMTUSDT (Price: $0.0276) ---
2025-10-28 17:18:04,249 - INFO - [upgradebot.py:398] - Trade Amount $8.5000 >= min value $7.5045. Proceeding.
2025-10-28 17:18:04,249 - INFO - [upgradebot.py:227] - Fetching 90d 240m data for GMTUSDT...
2025-10-28 17:18:08,124 - INFO - [upgradebot.py:286] - GMTUSDT model trained. Acc: 0.76
2025-10-28 17:18:08,148 - INFO - [upgradebot.py:412] - [PREDICTION] GMTUSDT: SELL at $0.04181
2025-10-28 17:18:11,265 - INFO - [upgradebot.py:255] - No active position for GMTUSDT.
2025-10-28 17:18:11,269 - INFO - [upgradebot.py:443] - SELL signal GMTUSDT. Considering SHORT entry.
2025-10-28 17:18:11,270 - INFO - [upgradebot.py:446] - Calc SHORT Intent: Qty~308.082639, Invest=$8.5000, Entry~$0.04189, TP~$0.03980, SL~$0.04273
2025-10-28 17:18:11,270 - INFO - [upgradebot.py:447] - Placing SHORT Bracket Order...
2025-10-28 17:18:11,271 - INFO - [upgradebot.py:331] - [ACTION] Submitting LIMIT SELL GMTUSDT (Qty:308.0) @ Px:0.04189
2025-10-28 17:18:14,454 - ERROR - [upgradebot.py:131] - POST Attempt 1 failed: 500 Server Error: Internal Server Error for url: https://coinswitch.co/trade/api/v2/futures/order
2025-10-28 17:18:17,900 - ERROR - [upgradebot.py:131] - POST Attempt 2 failed: 500 Server Error: Internal Server Error for url: https://coinswitch.co/trade/api/v2/futures/order
2025-10-28 17:18:21,261 - ERROR - [upgradebot.py:131] - POST Attempt 3 failed: 500 Server Error: Internal Server Error for url: https://coinswitch.co/trade/api/v2/futures/order
2025-10-28 17:18:23,262 - ERROR - [upgradebot.py:135] - All POST retries failed: https://coinswitch.co/trade/api/v2/futures/order
2025-10-28 17:18:23,266 - ERROR - [upgradebot.py:341] - [TRADE] Submit FAIL GMTUSDT.
2025-10-28 17:18:23,266 - ERROR - [upgradebot.py:453] - SHORT Entry failed GMTUSDT. TP/SL not placed.
2025-10-28 17:18:24,276 - INFO - [upgradebot.py:368] - --- Checking GMXUSDT (Price: $10.3830) ---
2025-10-28 17:18:27,476 - INFO - [upgradebot.py:398] - Trade Amount $8.5000 >= min value $7.5796. Proceeding.
2025-10-28 17:18:27,477 - INFO - [upgradebot.py:227] - Fetching 90d 240m data for GMXUSDT...
2025-10-28 17:18:30,900 - INFO - [upgradebot.py:286] - GMXUSDT model trained. Acc: 0.76
2025-10-28 17:18:30,917 - INFO - [upgradebot.py:412] - [PREDICTION] GMXUSDT: BUY at $15.064
2025-10-28 17:18:33,643 - INFO - [upgradebot.py:255] - No active position for GMXUSDT.
2025-10-28 17:18:33,649 - INFO - [upgradebot.py:424] - Calc LONG Intent: Qty~0.818646, Invest=$8.5000, Entry~$15.034, TP~$15.786, SL~$14.733
2025-10-28 17:18:33,650 - INFO - [upgradebot.py:425] - Placing LONG Bracket Order...
2025-10-28 17:18:33,651 - INFO - [upgradebot.py:331] - [ACTION] Submitting LIMIT BUY GMXUSDT (Qty:0.81) @ Px:15.034
2025-10-28 17:18:36,890 - ERROR - [upgradebot.py:131] - POST Attempt 1 failed: 400 Client Error: Bad Request for url: https://coinswitch.co/trade/api/v2/futures/order
2025-10-28 17:18:40,368 - ERROR - [upgradebot.py:131] - POST Attempt 2 failed: 400 Client Error: Bad Request for url: https://coinswitch.co/trade/api/v2/futures/order
2025-10-28 17:18:43,994 - ERROR - [upgradebot.py:131] - POST Attempt 3 failed: 400 Client Error: Bad Request for url: https://coinswitch.co/trade/api/v2/futures/order
2025-10-28 17:18:45,996 - ERROR - [upgradebot.py:135] - All POST retries failed: https://coinswitch.co/trade/api/v2/futures/order
2025-10-28 17:18:46,004 - ERROR - [upgradebot.py:341] - [TRADE] Submit FAIL GMXUSDT.
2025-10-28 17:18:46,006 - ERROR - [upgradebot.py:431] - LONG Entry failed GMXUSDT. TP/SL not placed.
2025-10-28 17:18:47,007 - INFO - [upgradebot.py:368] - --- Checking GNOUSDT (Price: $137.2700) ---
2025-10-28 17:18:50,080 - INFO - [upgradebot.py:398] - Trade Amount $8.5000 >= min value $7.5499. Proceeding.
2025-10-28 17:18:50,081 - INFO - [upgradebot.py:227] - Fetching 90d 240m data for GNOUSDT...
2025-10-28 17:18:53,704 - INFO - [upgradebot.py:286] - GNOUSDT model trained. Acc: 0.79
2025-10-28 17:18:53,724 - INFO - [upgradebot.py:412] - [PREDICTION] GNOUSDT: SELL at $143.35
2025-10-28 17:18:56,886 - INFO - [upgradebot.py:255] - No active position for GNOUSDT.
2025-10-28 17:18:56,892 - INFO - [upgradebot.py:443] - SELL signal GNOUSDT. Considering SHORT entry.
2025-10-28 17:18:56,893 - INFO - [upgradebot.py:446] - Calc SHORT Intent: Qty~0.061922, Invest=$8.5000, Entry~$143.64, TP~$136.45, SL~$146.51
2025-10-28 17:18:56,894 - INFO - [upgradebot.py:447] - Placing SHORT Bracket Order...
2025-10-28 17:18:56,896 - INFO - [upgradebot.py:331] - [ACTION] Submitting LIMIT SELL GNOUSDT (Qty:0.061) @ Px:143.64
2025-10-28 17:19:00,137 - ERROR - [upgradebot.py:131] - POST Attempt 1 failed: 500 Server Error: Internal Server Error for url: https://coinswitch.co/trade/api/v2/futures/order
2025-10-28 17:19:03,660 - ERROR - [upgradebot.py:131] - POST Attempt 2 failed: 500 Server Error: Internal Server Error for url: https://coinswitch.co/trade/api/v2/futures/order
2025-10-28 17:19:07,278 - ERROR - [upgradebot.py:131] - POST Attempt 3 failed: 500 Server Error: Internal Server Error for url: https://coinswitch.co/trade/api/v2/futures/order
2025-10-28 17:19:09,280 - ERROR - [upgradebot.py:135] - All POST retries failed: https://coinswitch.co/trade/api/v2/futures/order
2025-10-28 17:19:09,286 - ERROR - [upgradebot.py:341] - [TRADE] Submit FAIL GNOUSDT.
2025-10-28 17:19:09,287 - ERROR - [upgradebot.py:453] - SHORT Entry failed GNOUSDT. TP/SL not placed.
2025-10-28 17:19:10,289 - INFO - [upgradebot.py:368] - --- Checking GOATUSDT (Price: $0.0549) ---
2025-10-28 17:19:13,708 - INFO - [upgradebot.py:398] - Trade Amount $8.5000 >= min value $7.5158. Proceeding.
2025-10-28 17:19:13,709 - INFO - [upgradebot.py:227] - Fetching 90d 240m data for GOATUSDT...
2025-10-28 17:19:16,461 - INFO - [upgradebot.py:286] - GOATUSDT model trained. Acc: 0.67
2025-10-28 17:19:16,476 - INFO - [upgradebot.py:412] - [PREDICTION] GOATUSDT: HOLD at $0.10138
2025-10-28 17:19:18,856 - INFO - [upgradebot.py:255] - No active position for GOATUSDT.
2025-10-28 17:19:18,858 - INFO - [upgradebot.py:456] - ML predicts HOLD for GOATUSDT. No action.
2025-10-28 17:19:19,860 - INFO - [upgradebot.py:368] - --- Checking GODSUSDT (Price: $0.0905) ---
2025-10-28 17:19:22,169 - INFO - [upgradebot.py:398] - Trade Amount $8.5000 >= min value $7.5090. Proceeding.
2025-10-28 17:19:22,169 - INFO - [upgradebot.py:227] - Fetching 90d 240m data for GODSUSDT...
2025-10-28 17:19:24,767 - INFO - [upgradebot.py:286] - GODSUSDT model trained. Acc: 0.71
2025-10-28 17:19:24,783 - INFO - [upgradebot.py:412] - [PREDICTION] GODSUSDT: HOLD at $0.11710
2025-10-28 17:19:26,945 - INFO - [upgradebot.py:255] - No active position for GODSUSDT.
2025-10-28 17:19:26,948 - INFO - [upgradebot.py:456] - ML predicts HOLD for GODSUSDT. No action.
2025-10-28 17:19:27,949 - INFO - [upgradebot.py:368] - --- Checking GPSUSDT (Price: $0.0089) ---
2025-10-28 17:19:30,152 - INFO - [upgradebot.py:398] - Trade Amount $8.5000 >= min value $7.4825. Proceeding.
2025-10-28 17:19:30,153 - INFO - [upgradebot.py:227] - Fetching 90d 240m data for GPSUSDT...
2025-10-28 17:19:32,813 - INFO - [upgradebot.py:286] - GPSUSDT model trained. Acc: 0.74
2025-10-28 17:19:32,829 - INFO - [upgradebot.py:412] - [PREDICTION] GPSUSDT: HOLD at $0.013560
2025-10-28 17:19:34,891 - INFO - [upgradebot.py:255] - No active position for GPSUSDT.
2025-10-28 17:19:34,893 - INFO - [upgradebot.py:456] - ML predicts HOLD for GPSUSDT. No action.
2025-10-28 17:19:35,895 - INFO - [upgradebot.py:368] - --- Checking GRASSUSDT (Price: $0.4096) ---
2025-10-28 17:19:38,159 - INFO - [upgradebot.py:398] - Trade Amount $8.5000 >= min value $7.7824. Proceeding.
2025-10-28 17:19:38,160 - INFO - [upgradebot.py:227] - Fetching 90d 240m data for GRASSUSDT...
2025-10-28 17:19:40,748 - INFO - [upgradebot.py:286] - GRASSUSDT model trained. Acc: 0.69
2025-10-28 17:19:40,765 - INFO - [upgradebot.py:412] - [PREDICTION] GRASSUSDT: BUY at $0.7774
2025-10-28 17:19:43,000 - INFO - [upgradebot.py:255] - No active position for GRASSUSDT.
2025-10-28 17:19:43,003 - INFO - [upgradebot.py:424] - Calc LONG Intent: Qty~20.751953, Invest=$8.5000, Entry~$0.7758, TP~$0.8146, SL~$0.7603
2025-10-28 17:19:43,004 - INFO - [upgradebot.py:425] - Placing LONG Bracket Order...
2025-10-28 17:19:43,005 - INFO - [upgradebot.py:331] - [ACTION] Submitting LIMIT BUY GRASSUSDT (Qty:20.0) @ Px:0.7758
2025-10-28 17:19:45,160 - ERROR - [upgradebot.py:131] - POST Attempt 1 failed: 400 Client Error: Bad Request for url: https://coinswitch.co/trade/api/v2/futures/order
2025-10-28 17:19:48,247 - ERROR - [upgradebot.py:131] - POST Attempt 2 failed: 400 Client Error: Bad Request for url: https://coinswitch.co/trade/api/v2/futures/order
2025-10-28 17:19:51,533 - ERROR - [upgradebot.py:131] - POST Attempt 3 failed: 400 Client Error: Bad Request for url: https://coinswitch.co/trade/api/v2/futures/order
2025-10-28 17:19:53,535 - ERROR - [upgradebot.py:135] - All POST retries failed: https://coinswitch.co/trade/api/v2/futures/order
2025-10-28 17:19:53,538 - ERROR - [upgradebot.py:341] - [TRADE] Submit FAIL GRASSUSDT.
2025-10-28 17:19:53,539 - ERROR - [upgradebot.py:431] - LONG Entry failed GRASSUSDT. TP/SL not placed.
2025-10-28 17:19:54,540 - INFO - [upgradebot.py:368] - --- Checking GRIFFAINUSDT (Price: $0.0207) ---
2025-10-28 17:19:57,454 - INFO - [upgradebot.py:398] - Trade Amount $8.5000 >= min value $7.5275. Proceeding.
2025-10-28 17:19:57,455 - INFO - [upgradebot.py:227] - Fetching 90d 240m data for GRIFFAINUSDT...
2025-10-28 17:20:01,544 - INFO - [upgradebot.py:286] - GRIFFAINUSDT model trained. Acc: 0.74
2025-10-28 17:20:01,583 - INFO - [upgradebot.py:412] - [PREDICTION] GRIFFAINUSDT: SELL at $0.04130
2025-10-28 17:20:04,740 - INFO - [upgradebot.py:255] - No active position for GRIFFAINUSDT.
2025-10-28 17:20:04,744 - INFO - [upgradebot.py:443] - SELL signal GRIFFAINUSDT. Considering SHORT entry.
2025-10-28 17:20:04,744 - INFO - [upgradebot.py:446] - Calc SHORT Intent: Qty~411.025145, Invest=$8.5000, Entry~$0.04138, TP~$0.03931, SL~$0.04221
2025-10-28 17:20:04,745 - INFO - [upgradebot.py:447] - Placing SHORT Bracket Order...
2025-10-28 17:20:04,746 - INFO - [upgradebot.py:331] - [ACTION] Submitting LIMIT SELL GRIFFAINUSDT (Qty:411.0) @ Px:0.04138
2025-10-28 17:20:07,665 - ERROR - [upgradebot.py:131] - POST Attempt 1 failed: 500 Server Error: Internal Server Error for url: https://coinswitch.co/trade/api/v2/futures/order
2025-10-28 17:20:11,326 - ERROR - [upgradebot.py:131] - POST Attempt 2 failed: 500 Server Error: Internal Server Error for url: https://coinswitch.co/trade/api/v2/futures/order
2025-10-28 17:20:14,868 - ERROR - [upgradebot.py:131] - POST Attempt 3 failed: 500 Server Error: Internal Server Error for url: https://coinswitch.co/trade/api/v2/futures/order
2025-10-28 17:20:16,870 - ERROR - [upgradebot.py:135] - All POST retries failed: https://coinswitch.co/trade/api/v2/futures/order
2025-10-28 17:20:16,881 - ERROR - [upgradebot.py:341] - [TRADE] Submit FAIL GRIFFAINUSDT.
2025-10-28 17:20:16,883 - ERROR - [upgradebot.py:453] - SHORT Entry failed GRIFFAINUSDT. TP/SL not placed.
2025-10-28 17:20:17,885 - INFO - [upgradebot.py:368] - --- Checking GRTUSDT (Price: $0.0645) ---
2025-10-28 17:20:20,828 - INFO - [upgradebot.py:398] - Trade Amount $8.5000 >= min value $7.5014. Proceeding.
2025-10-28 17:20:20,830 - INFO - [upgradebot.py:227] - Fetching 90d 240m data for GRTUSDT...
2025-10-28 17:20:24,641 - INFO - [upgradebot.py:286] - GRTUSDT model trained. Acc: 0.69
2025-10-28 17:20:24,659 - INFO - [upgradebot.py:412] - [PREDICTION] GRTUSDT: HOLD at $0.09497
2025-10-28 17:20:27,572 - INFO - [upgradebot.py:255] - No active position for GRTUSDT.
2025-10-28 17:20:27,578 - INFO - [upgradebot.py:456] - ML predicts HOLD for GRTUSDT. No action.
2025-10-28 17:20:28,580 - INFO - [upgradebot.py:368] - --- Checking GTCUSDT (Price: $0.2073) ---
2025-10-28 17:20:31,594 - INFO - [upgradebot.py:398] - Trade Amount $8.5000 >= min value $7.5043. Proceeding.
2025-10-28 17:20:31,595 - INFO - [upgradebot.py:227] - Fetching 90d 240m data for GTCUSDT...
2025-10-28 17:20:35,669 - INFO - [upgradebot.py:286] - GTCUSDT model trained. Acc: 0.83
2025-10-28 17:20:35,690 - INFO - [upgradebot.py:412] - [PREDICTION] GTCUSDT: HOLD at $0.3538
2025-10-28 17:20:38,634 - INFO - [upgradebot.py:255] - No active position for GTCUSDT.
2025-10-28 17:20:38,640 - INFO - [upgradebot.py:456] - ML predicts HOLD for GTCUSDT. No action.
2025-10-28 17:20:39,642 - INFO - [upgradebot.py:368] - --- Checking GUNUSDT (Price: $0.0185) ---
2025-10-28 17:20:42,856 - INFO - [upgradebot.py:398] - Trade Amount $8.5000 >= min value $7.4965. Proceeding.
2025-10-28 17:20:42,857 - INFO - [upgradebot.py:227] - Fetching 90d 240m data for GUNUSDT...
2025-10-28 17:20:46,293 - INFO - [upgradebot.py:286] - GUNUSDT model trained. Acc: 0.81
2025-10-28 17:20:46,313 - INFO - [upgradebot.py:412] - [PREDICTION] GUNUSDT: HOLD at $0.02497
2025-10-28 17:20:48,664 - INFO - [upgradebot.py:255] - No active position for GUNUSDT.
2025-10-28 17:20:48,666 - INFO - [upgradebot.py:456] - ML predicts HOLD for GUNUSDT. No action.
2025-10-28 17:20:49,667 - INFO - [upgradebot.py:368] - --- Checking HUSDT (Price: $0.3122) ---
2025-10-28 17:20:52,669 - INFO - [upgradebot.py:398] - Trade Amount $8.5000 >= min value $7.8056. Proceeding.
2025-10-28 17:20:52,669 - INFO - [upgradebot.py:227] - Fetching 90d 240m data for HUSDT...
2025-10-28 17:20:56,803 - INFO - [upgradebot.py:286] - HUSDT model trained. Acc: 0.76
2025-10-28 17:20:56,837 - INFO - [upgradebot.py:412] - [PREDICTION] HUSDT: SELL at $0.047682
2025-10-28 17:20:59,803 - INFO - [upgradebot.py:255] - No active position for HUSDT.
2025-10-28 17:20:59,814 - INFO - [upgradebot.py:443] - SELL signal HUSDT. Considering SHORT entry.
2025-10-28 17:20:59,815 - INFO - [upgradebot.py:446] - Calc SHORT Intent: Qty~27.224131, Invest=$8.5000, Entry~$0.047777, TP~$0.045388, SL~$0.048733
2025-10-28 17:20:59,815 - INFO - [upgradebot.py:447] - Placing SHORT Bracket Order...
2025-10-28 17:20:59,817 - ERROR - [upgradebot.py:325] - Final qty 20.0 < min 25.0. Cannot place.
2025-10-28 17:20:59,817 - ERROR - [upgradebot.py:453] - SHORT Entry failed HUSDT. TP/SL not placed.
2025-10-28 17:21:00,819 - INFO - [upgradebot.py:368] - --- Checking HAEDALUSDT (Price: $0.0923) ---
2025-10-28 17:21:04,691 - INFO - [upgradebot.py:398] - Trade Amount $8.5000 >= min value $7.5670. Proceeding.
2025-10-28 17:21:04,692 - INFO - [upgradebot.py:227] - Fetching 90d 240m data for HAEDALUSDT...
2025-10-28 17:21:08,929 - INFO - [upgradebot.py:286] - HAEDALUSDT model trained. Acc: 0.76
2025-10-28 17:21:08,962 - INFO - [upgradebot.py:412] - [PREDICTION] HAEDALUSDT: BUY at $0.14326
2025-10-28 17:21:13,032 - INFO - [upgradebot.py:255] - No active position for HAEDALUSDT.
2025-10-28 17:21:13,040 - INFO - [upgradebot.py:424] - Calc LONG Intent: Qty~92.110967, Invest=$8.5000, Entry~$0.14297, TP~$0.15012, SL~$0.14011
2025-10-28 17:21:13,041 - INFO - [upgradebot.py:425] - Placing LONG Bracket Order...
2025-10-28 17:21:13,042 - INFO - [upgradebot.py:331] - [ACTION] Submitting LIMIT BUY HAEDALUSDT (Qty:90.0) @ Px:0.14297
2025-10-28 17:21:15,917 - ERROR - [upgradebot.py:131] - POST Attempt 1 failed: 400 Client Error: Bad Request for url: https://coinswitch.co/trade/api/v2/futures/order
2025-10-28 17:21:19,255 - ERROR - [upgradebot.py:131] - POST Attempt 2 failed: 400 Client Error: Bad Request for url: https://coinswitch.co/trade/api/v2/futures/order
2025-10-28 17:21:22,591 - ERROR - [upgradebot.py:131] - POST Attempt 3 failed: 400 Client Error: Bad Request for url: https://coinswitch.co/trade/api/v2/futures/order
2025-10-28 17:21:24,593 - ERROR - [upgradebot.py:135] - All POST retries failed: https://coinswitch.co/trade/api/v2/futures/order
2025-10-28 17:21:24,604 - ERROR - [upgradebot.py:341] - [TRADE] Submit FAIL HAEDALUSDT.
2025-10-28 17:21:24,605 - ERROR - [upgradebot.py:431] - LONG Entry failed HAEDALUSDT. TP/SL not placed.
2025-10-28 17:21:25,607 - INFO - [upgradebot.py:368] - --- Checking HANAUSDT (Price: $0.0452) ---
2025-10-28 17:21:28,283 - INFO - [upgradebot.py:398] - Trade Amount $8.5000 >= min value $7.5534. Proceeding.
2025-10-28 17:21:28,284 - INFO - [upgradebot.py:227] - Fetching 90d 240m data for HANAUSDT...
2025-10-28 17:21:30,989 - WARNING - [upgradebot.py:277] - Not enough hist data HANAUSDT (65<100). Skip train.
2025-10-28 17:21:30,990 - INFO - [upgradebot.py:412] - [PREDICTION] HANAUSDT: HOLD at $0.05335
2025-10-28 17:21:34,047 - INFO - [upgradebot.py:255] - No active position for HANAUSDT.
2025-10-28 17:21:34,068 - INFO - [upgradebot.py:456] - ML predicts HOLD for HANAUSDT. No action.
2025-10-28 17:21:35,071 - INFO - [upgradebot.py:368] - --- Checking HBARUSDT (Price: $0.2077) ---
2025-10-28 17:21:38,238 - INFO - [upgradebot.py:398] - Trade Amount $8.5000 >= min value $7.4772. Proceeding.
2025-10-28 17:21:38,239 - INFO - [upgradebot.py:227] - Fetching 90d 240m data for HBARUSDT...
2025-10-28 17:21:42,494 - INFO - [upgradebot.py:286] - HBARUSDT model trained. Acc: 0.76
2025-10-28 17:21:42,519 - INFO - [upgradebot.py:412] - [PREDICTION] HBARUSDT: HOLD at $0.23757
2025-10-28 17:21:45,442 - INFO - [upgradebot.py:255] - No active position for HBARUSDT.
2025-10-28 17:21:45,445 - INFO - [upgradebot.py:456] - ML predicts HOLD for HBARUSDT. No action.
2025-10-28 17:21:46,447 - INFO - [upgradebot.py:368] - --- Checking HEIUSDT (Price: $0.2384) ---
2025-10-28 17:21:52,796 - INFO - [upgradebot.py:398] - Trade Amount $8.5000 >= min value $7.5096. Proceeding.
2025-10-28 17:21:52,837 - INFO - [upgradebot.py:227] - Fetching 90d 240m data for HEIUSDT...
2025-10-28 17:22:02,905 - INFO - [upgradebot.py:286] - HEIUSDT model trained. Acc: 0.76
2025-10-28 17:22:02,933 - INFO - [upgradebot.py:412] - [PREDICTION] HEIUSDT: HOLD at $0.4183
2025-10-28 17:22:05,716 - INFO - [upgradebot.py:255] - No active position for HEIUSDT.
2025-10-28 17:22:05,720 - INFO - [upgradebot.py:456] - ML predicts HOLD for HEIUSDT. No action.
2025-10-28 17:22:06,721 - INFO - [upgradebot.py:368] - --- Checking HEMIUSDT (Price: $0.0542) ---
2025-10-28 17:22:09,243 - INFO - [upgradebot.py:398] - Trade Amount $8.5000 >= min value $7.5296. Proceeding.
2025-10-28 17:22:09,243 - INFO - [upgradebot.py:227] - Fetching 90d 240m data for HEMIUSDT...
2025-10-28 17:22:12,302 - INFO - [upgradebot.py:286] - HEMIUSDT model trained. Acc: 0.62
2025-10-28 17:22:12,329 - INFO - [upgradebot.py:412] - [PREDICTION] HEMIUSDT: BUY at $0.16239
2025-10-28 17:22:15,075 - INFO - [upgradebot.py:255] - No active position for HEMIUSDT.
2025-10-28 17:22:15,078 - INFO - [upgradebot.py:424] - Calc LONG Intent: Qty~156.913421, Invest=$8.5000, Entry~$0.16207, TP~$0.17017, SL~$0.15882
2025-10-28 17:22:15,079 - INFO - [upgradebot.py:425] - Placing LONG Bracket Order...
2025-10-28 17:22:15,079 - INFO - [upgradebot.py:331] - [ACTION] Submitting LIMIT BUY HEMIUSDT (Qty:156.0) @ Px:0.16207
2025-10-28 17:22:17,816 - ERROR - [upgradebot.py:131] - POST Attempt 1 failed: 400 Client Error: Bad Request for url: https://coinswitch.co/trade/api/v2/futures/order
2025-10-28 17:22:21,654 - ERROR - [upgradebot.py:131] - POST Attempt 2 failed: 400 Client Error: Bad Request for url: https://coinswitch.co/trade/api/v2/futures/order
2025-10-28 17:22:25,183 - ERROR - [upgradebot.py:131] - POST Attempt 3 failed: 400 Client Error: Bad Request for url: https://coinswitch.co/trade/api/v2/futures/order
2025-10-28 17:22:27,184 - ERROR - [upgradebot.py:135] - All POST retries failed: https://coinswitch.co/trade/api/v2/futures/order
2025-10-28 17:22:27,188 - ERROR - [upgradebot.py:341] - [TRADE] Submit FAIL HEMIUSDT.
2025-10-28 17:22:27,188 - ERROR - [upgradebot.py:431] - LONG Entry failed HEMIUSDT. TP/SL not placed.
2025-10-28 17:22:28,189 - INFO - [upgradebot.py:368] - --- Checking HFTUSDT (Price: $0.0505) ---
2025-10-28 17:22:31,356 - INFO - [upgradebot.py:398] - Trade Amount $8.5000 >= min value $7.5230. Proceeding.
2025-10-28 17:22:31,358 - INFO - [upgradebot.py:227] - Fetching 90d 240m data for HFTUSDT...
2025-10-28 17:22:34,630 - INFO - [upgradebot.py:286] - HFTUSDT model trained. Acc: 0.62
2025-10-28 17:22:34,654 - INFO - [upgradebot.py:412] - [PREDICTION] HFTUSDT: HOLD at $0.08887
2025-10-28 17:22:37,130 - INFO - [upgradebot.py:255] - No active position for HFTUSDT.
2025-10-28 17:22:37,134 - INFO - [upgradebot.py:456] - ML predicts HOLD for HFTUSDT. No action.
2025-10-28 17:22:38,135 - INFO - [upgradebot.py:368] - --- Checking HIFIUSDT (Price: $0.0474) ---
2025-10-28 17:22:41,789 - INFO - [upgradebot.py:398] - Trade Amount $8.5000 >= min value $7.5366. Proceeding.
2025-10-28 17:22:41,789 - INFO - [upgradebot.py:227] - Fetching 90d 240m data for HIFIUSDT...
2025-10-28 17:22:45,856 - INFO - [upgradebot.py:286] - HIFIUSDT model trained. Acc: 0.71
2025-10-28 17:22:45,874 - INFO - [upgradebot.py:412] - [PREDICTION] HIFIUSDT: SELL at $0.11899
2025-10-28 17:22:48,756 - INFO - [upgradebot.py:255] - No active position for HIFIUSDT.
2025-10-28 17:22:48,761 - INFO - [upgradebot.py:443] - SELL signal HIFIUSDT. Considering SHORT entry.
2025-10-28 17:22:48,762 - INFO - [upgradebot.py:446] - Calc SHORT Intent: Qty~179.324895, Invest=$8.5000, Entry~$0.11923, TP~$0.11327, SL~$0.12161
2025-10-28 17:22:48,762 - INFO - [upgradebot.py:447] - Placing SHORT Bracket Order...
2025-10-28 17:22:48,763 - INFO - [upgradebot.py:331] - [ACTION] Submitting LIMIT SELL HIFIUSDT (Qty:179.0) @ Px:0.11923
2025-10-28 17:22:52,339 - ERROR - [upgradebot.py:131] - POST Attempt 1 failed: 500 Server Error: Internal Server Error for url: https://coinswitch.co/trade/api/v2/futures/order
2025-10-28 17:22:56,064 - ERROR - [upgradebot.py:131] - POST Attempt 2 failed: 500 Server Error: Internal Server Error for url: https://coinswitch.co/trade/api/v2/futures/order
2025-10-28 17:23:00,333 - ERROR - [upgradebot.py:131] - POST Attempt 3 failed: 500 Server Error: Internal Server Error for url: https://coinswitch.co/trade/api/v2/futures/order
2025-10-28 17:23:02,335 - ERROR - [upgradebot.py:135] - All POST retries failed: https://coinswitch.co/trade/api/v2/futures/order
2025-10-28 17:23:02,338 - ERROR - [upgradebot.py:341] - [TRADE] Submit FAIL HIFIUSDT.
2025-10-28 17:23:02,339 - ERROR - [upgradebot.py:453] - SHORT Entry failed HIFIUSDT. TP/SL not placed.
2025-10-28 17:23:03,339 - INFO - [upgradebot.py:368] - --- Checking HIGHUSDT (Price: $0.3047) ---
2025-10-28 17:23:06,473 - INFO - [upgradebot.py:398] - Trade Amount $8.5000 >= min value $7.5261. Proceeding.
2025-10-28 17:23:06,474 - INFO - [upgradebot.py:227] - Fetching 90d 240m data for HIGHUSDT...
2025-10-28 17:23:10,511 - INFO - [upgradebot.py:286] - HIGHUSDT model trained. Acc: 0.79
2025-10-28 17:23:10,532 - INFO - [upgradebot.py:412] - [PREDICTION] HIGHUSDT: HOLD at $0.5594
2025-10-28 17:23:13,304 - INFO - [upgradebot.py:255] - No active position for HIGHUSDT.
2025-10-28 17:23:13,316 - INFO - [upgradebot.py:456] - ML predicts HOLD for HIGHUSDT. No action.
2025-10-28 17:23:14,317 - INFO - [upgradebot.py:368] - --- Checking HIPPOUSDT (Price: $0.0020) ---
2025-10-28 17:23:16,983 - INFO - [upgradebot.py:398] - Trade Amount $8.5000 >= min value $7.4572. Proceeding.
2025-10-28 17:23:16,985 - INFO - [upgradebot.py:227] - Fetching 90d 240m data for HIPPOUSDT...
2025-10-28 17:23:20,011 - INFO - [upgradebot.py:286] - HIPPOUSDT model trained. Acc: 0.67
2025-10-28 17:23:20,037 - INFO - [upgradebot.py:412] - [PREDICTION] HIPPOUSDT: BUY at $0.002024
2025-10-28 17:23:22,922 - INFO - [upgradebot.py:255] - No active position for HIPPOUSDT.
2025-10-28 17:23:22,929 - INFO - [upgradebot.py:424] - Calc LONG Intent: Qty~4152.418173, Invest=$8.5000, Entry~$0.002020, TP~$0.002121, SL~$0.001980
2025-10-28 17:23:22,930 - INFO - [upgradebot.py:425] - Placing LONG Bracket Order...
2025-10-28 17:23:22,932 - INFO - [upgradebot.py:331] - [ACTION] Submitting LIMIT BUY HIPPOUSDT (Qty:4150.0) @ Px:0.00202
2025-10-28 17:23:25,656 - ERROR - [upgradebot.py:131] - POST Attempt 1 failed: 400 Client Error: Bad Request for url: https://coinswitch.co/trade/api/v2/futures/order
2025-10-28 17:23:28,793 - ERROR - [upgradebot.py:131] - POST Attempt 2 failed: 400 Client Error: Bad Request for url: https://coinswitch.co/trade/api/v2/futures/order
2025-10-28 17:23:31,962 - ERROR - [upgradebot.py:131] - POST Attempt 3 failed: 400 Client Error: Bad Request for url: https://coinswitch.co/trade/api/v2/futures/order
2025-10-28 17:23:33,963 - ERROR - [upgradebot.py:135] - All POST retries failed: https://coinswitch.co/trade/api/v2/futures/order
2025-10-28 17:23:33,970 - ERROR - [upgradebot.py:341] - [TRADE] Submit FAIL HIPPOUSDT.
2025-10-28 17:23:33,971 - ERROR - [upgradebot.py:431] - LONG Entry failed HIPPOUSDT. TP/SL not placed.
2025-10-28 17:23:34,973 - INFO - [upgradebot.py:368] - --- Checking HIVEUSDT (Price: $0.1356) ---
2025-10-28 17:23:37,991 - INFO - [upgradebot.py:398] - Trade Amount $8.5000 >= min value $7.5936. Proceeding.
2025-10-28 17:23:37,992 - INFO - [upgradebot.py:227] - Fetching 90d 240m data for HIVEUSDT...
2025-10-28 17:23:42,097 - INFO - [upgradebot.py:286] - HIVEUSDT model trained. Acc: 0.86
2025-10-28 17:23:42,115 - INFO - [upgradebot.py:412] - [PREDICTION] HIVEUSDT: HOLD at $0.2062
2025-10-28 17:23:44,904 - INFO - [upgradebot.py:255] - No active position for HIVEUSDT.
2025-10-28 17:23:44,906 - INFO - [upgradebot.py:456] - ML predicts HOLD for HIVEUSDT. No action.
2025-10-28 17:23:45,907 - INFO - [upgradebot.py:368] - --- Checking HMSTRUSDT (Price: $0.0004) ---
2025-10-28 17:23:48,149 - INFO - [upgradebot.py:398] - Trade Amount $8.5000 >= min value $7.5075. Proceeding.
2025-10-28 17:23:48,150 - INFO - [upgradebot.py:227] - Fetching 90d 240m data for HMSTRUSDT...
2025-10-28 17:23:50,842 - INFO - [upgradebot.py:286] - HMSTRUSDT model trained. Acc: 0.81
2025-10-28 17:23:50,861 - INFO - [upgradebot.py:412] - [PREDICTION] HMSTRUSDT: SELL at $0.0007260
2025-10-28 17:23:53,255 - INFO - [upgradebot.py:255] - No active position for HMSTRUSDT.
2025-10-28 17:23:53,257 - INFO - [upgradebot.py:443] - SELL signal HMSTRUSDT. Considering SHORT entry.
2025-10-28 17:23:53,258 - INFO - [upgradebot.py:446] - Calc SHORT Intent: Qty~20218.839201, Invest=$8.5000, Entry~$0.0007275, TP~$0.0006911, SL~$0.0007420
2025-10-28 17:23:53,258 - INFO - [upgradebot.py:447] - Placing SHORT Bracket Order...
2025-10-28 17:23:53,259 - INFO - [upgradebot.py:331] - [ACTION] Submitting LIMIT SELL HMSTRUSDT (Qty:20210.0) @ Px:0.0007275
2025-10-28 17:23:55,671 - ERROR - [upgradebot.py:131] - POST Attempt 1 failed: 500 Server Error: Internal Server Error for url: https://coinswitch.co/trade/api/v2/futures/order
2025-10-28 17:23:59,275 - ERROR - [upgradebot.py:131] - POST Attempt 2 failed: 500 Server Error: Internal Server Error for url: https://coinswitch.co/trade/api/v2/futures/order
2025-10-28 17:24:03,134 - ERROR - [upgradebot.py:131] - POST Attempt 3 failed: 500 Server Error: Internal Server Error for url: https://coinswitch.co/trade/api/v2/futures/order
2025-10-28 17:24:05,136 - ERROR - [upgradebot.py:135] - All POST retries failed: https://coinswitch.co/trade/api/v2/futures/order
2025-10-28 17:24:05,144 - ERROR - [upgradebot.py:341] - [TRADE] Submit FAIL HMSTRUSDT.
2025-10-28 17:24:05,145 - ERROR - [upgradebot.py:453] - SHORT Entry failed HMSTRUSDT. TP/SL not placed.
2025-10-28 17:24:06,146 - INFO - [upgradebot.py:368] - --- Checking HNTUSDT (Price: $2.2190) ---
2025-10-28 17:24:08,668 - INFO - [upgradebot.py:398] - Trade Amount $8.5000 >= min value $7.5002. Proceeding.
2025-10-28 17:24:08,669 - INFO - [upgradebot.py:227] - Fetching 90d 240m data for HNTUSDT...
2025-10-28 17:24:11,751 - INFO - [upgradebot.py:286] - HNTUSDT model trained. Acc: 0.79
2025-10-28 17:24:11,762 - INFO - [upgradebot.py:412] - [PREDICTION] HNTUSDT: HOLD at $2.561
2025-10-28 17:24:14,105 - INFO - [upgradebot.py:255] - No active position for HNTUSDT.
2025-10-28 17:24:14,109 - INFO - [upgradebot.py:456] - ML predicts HOLD for HNTUSDT. No action.
2025-10-28 17:24:15,110 - INFO - [upgradebot.py:368] - --- Checking HOLOUSDT (Price: $0.1466) ---
2025-10-28 17:24:17,724 - INFO - [upgradebot.py:398] - Trade Amount $8.5000 >= min value $7.6232. Proceeding.
2025-10-28 17:24:17,725 - INFO - [upgradebot.py:227] - Fetching 90d 240m data for HOLOUSDT...
2025-10-28 17:24:20,262 - INFO - [upgradebot.py:286] - HOLOUSDT model trained. Acc: 0.88
2025-10-28 17:24:20,279 - INFO - [upgradebot.py:412] - [PREDICTION] HOLOUSDT: HOLD at $0.3921
2025-10-28 17:24:22,942 - INFO - [upgradebot.py:255] - No active position for HOLOUSDT.
2025-10-28 17:24:22,945 - INFO - [upgradebot.py:456] - ML predicts HOLD for HOLOUSDT. No action.
2025-10-28 17:24:23,946 - INFO - [upgradebot.py:368] - --- Checking HOMEUSDT (Price: $0.0235) ---
2025-10-28 17:24:26,254 - INFO - [upgradebot.py:398] - Trade Amount $8.5000 >= min value $7.4965. Proceeding.
2025-10-28 17:24:26,254 - INFO - [upgradebot.py:227] - Fetching 90d 240m data for HOMEUSDT...
2025-10-28 17:24:29,022 - INFO - [upgradebot.py:286] - HOMEUSDT model trained. Acc: 0.71
2025-10-28 17:24:29,033 - INFO - [upgradebot.py:412] - [PREDICTION] HOMEUSDT: SELL at $0.03744
2025-10-28 17:24:31,722 - INFO - [upgradebot.py:255] - No active position for HOMEUSDT.
2025-10-28 17:24:31,724 - INFO - [upgradebot.py:443] - SELL signal HOMEUSDT. Considering SHORT entry.
2025-10-28 17:24:31,725 - INFO - [upgradebot.py:446] - Calc SHORT Intent: Qty~361.702128, Invest=$8.5000, Entry~$0.03751, TP~$0.03564, SL~$0.03827
2025-10-28 17:24:31,725 - INFO - [upgradebot.py:447] - Placing SHORT Bracket Order...
2025-10-28 17:24:31,726 - INFO - [upgradebot.py:331] - [ACTION] Submitting LIMIT SELL HOMEUSDT (Qty:360.0) @ Px:0.03751
2025-10-28 17:24:34,639 - ERROR - [upgradebot.py:131] - POST Attempt 1 failed: 500 Server Error: Internal Server Error for url: https://coinswitch.co/trade/api/v2/futures/order
2025-10-28 17:24:38,215 - ERROR - [upgradebot.py:131] - POST Attempt 2 failed: 500 Server Error: Internal Server Error for url: https://coinswitch.co/trade/api/v2/futures/order
2025-10-28 17:24:41,491 - ERROR - [upgradebot.py:131] - POST Attempt 3 failed: 500 Server Error: Internal Server Error for url: https://coinswitch.co/trade/api/v2/futures/order
2025-10-28 17:24:43,492 - ERROR - [upgradebot.py:135] - All POST retries failed: https://coinswitch.co/trade/api/v2/futures/order
2025-10-28 17:24:43,508 - ERROR - [upgradebot.py:341] - [TRADE] Submit FAIL HOMEUSDT.
2025-10-28 17:24:43,509 - ERROR - [upgradebot.py:453] - SHORT Entry failed HOMEUSDT. TP/SL not placed.
2025-10-28 17:24:44,513 - INFO - [upgradebot.py:368] - --- Checking HOOKUSDT (Price: $0.0651) ---
2025-10-28 17:24:46,998 - INFO - [upgradebot.py:398] - Trade Amount $8.5000 >= min value $7.4930. Proceeding.
2025-10-28 17:24:46,998 - INFO - [upgradebot.py:227] - Fetching 90d 240m data for HOOKUSDT...
2025-10-28 17:24:49,846 - INFO - [upgradebot.py:286] - HOOKUSDT model trained. Acc: 0.81
2025-10-28 17:24:49,862 - INFO - [upgradebot.py:412] - [PREDICTION] HOOKUSDT: HOLD at $0.10850
2025-10-28 17:24:52,685 - INFO - [upgradebot.py:255] - No active position for HOOKUSDT.
2025-10-28 17:24:52,688 - INFO - [upgradebot.py:456] - ML predicts HOLD for HOOKUSDT. No action.
2025-10-28 17:24:53,688 - INFO - [upgradebot.py:368] - --- Checking HUMAUSDT (Price: $0.0273) ---
2025-10-28 17:24:55,953 - INFO - [upgradebot.py:398] - Trade Amount $8.5000 >= min value $7.5265. Proceeding.
2025-10-28 17:24:55,953 - INFO - [upgradebot.py:227] - Fetching 90d 240m data for HUMAUSDT...
2025-10-28 17:24:59,050 - INFO - [upgradebot.py:286] - HUMAUSDT model trained. Acc: 0.67
2025-10-28 17:24:59,062 - INFO - [upgradebot.py:412] - [PREDICTION] HUMAUSDT: BUY at $0.02634
2025-10-28 17:25:01,397 - INFO - [upgradebot.py:255] - No active position for HUMAUSDT.
2025-10-28 17:25:01,402 - INFO - [upgradebot.py:424] - Calc LONG Intent: Qty~311.697836, Invest=$8.5000, Entry~$0.02629, TP~$0.02760, SL~$0.02576
2025-10-28 17:25:01,402 - INFO - [upgradebot.py:425] - Placing LONG Bracket Order...
2025-10-28 17:25:01,403 - INFO - [upgradebot.py:331] - [ACTION] Submitting LIMIT BUY HUMAUSDT (Qty:311.0) @ Px:0.02629
2025-10-28 17:25:03,978 - ERROR - [upgradebot.py:131] - POST Attempt 1 failed: 500 Server Error: Internal Server Error for url: https://coinswitch.co/trade/api/v2/futures/order
2025-10-28 17:25:07,116 - ERROR - [upgradebot.py:131] - POST Attempt 2 failed: 500 Server Error: Internal Server Error for url: https://coinswitch.co/trade/api/v2/futures/order
2025-10-28 17:25:10,380 - ERROR - [upgradebot.py:131] - POST Attempt 3 failed: 500 Server Error: Internal Server Error for url: https://coinswitch.co/trade/api/v2/futures/order
2025-10-28 17:25:12,381 - ERROR - [upgradebot.py:135] - All POST retries failed: https://coinswitch.co/trade/api/v2/futures/order
2025-10-28 17:25:12,384 - ERROR - [upgradebot.py:341] - [TRADE] Submit FAIL HUMAUSDT.
2025-10-28 17:25:12,384 - ERROR - [upgradebot.py:431] - LONG Entry failed HUMAUSDT. TP/SL not placed.
2025-10-28 17:25:13,385 - INFO - [upgradebot.py:368] - --- Checking HYPEUSDT (Price: $47.1900) ---
2025-10-28 17:25:16,546 - INFO - [upgradebot.py:398] - Trade Amount $8.5000 >= min value $7.5504. Proceeding.
2025-10-28 17:25:16,547 - INFO - [upgradebot.py:227] - Fetching 90d 240m data for HYPEUSDT...
2025-10-28 17:25:20,703 - INFO - [upgradebot.py:286] - HYPEUSDT model trained. Acc: 0.71
2025-10-28 17:25:20,756 - INFO - [upgradebot.py:412] - [PREDICTION] HYPEUSDT: BUY at $54.018
2025-10-28 17:25:24,544 - INFO - [upgradebot.py:255] - No active position for HYPEUSDT.
2025-10-28 17:25:24,550 - INFO - [upgradebot.py:424] - Calc LONG Intent: Qty~0.180123, Invest=$8.5000, Entry~$53.910, TP~$56.605, SL~$52.832
2025-10-28 17:25:24,551 - INFO - [upgradebot.py:425] - Placing LONG Bracket Order...
2025-10-28 17:25:24,552 - INFO - [upgradebot.py:331] - [ACTION] Submitting LIMIT BUY HYPEUSDT (Qty:0.18) @ Px:53.91
2025-10-28 17:25:28,016 - ERROR - [upgradebot.py:131] - POST Attempt 1 failed: 400 Client Error: Bad Request for url: https://coinswitch.co/trade/api/v2/futures/order
2025-10-28 17:25:31,846 - ERROR - [upgradebot.py:131] - POST Attempt 2 failed: 400 Client Error: Bad Request for url: https://coinswitch.co/trade/api/v2/futures/order
2025-10-28 17:25:36,234 - ERROR - [upgradebot.py:131] - POST Attempt 3 failed: 400 Client Error: Bad Request for url: https://coinswitch.co/trade/api/v2/futures/order
2025-10-28 17:25:38,235 - ERROR - [upgradebot.py:135] - All POST retries failed: https://coinswitch.co/trade/api/v2/futures/order
2025-10-28 17:25:38,239 - ERROR - [upgradebot.py:341] - [TRADE] Submit FAIL HYPEUSDT.
2025-10-28 17:25:38,239 - ERROR - [upgradebot.py:431] - LONG Entry failed HYPEUSDT. TP/SL not placed.
2025-10-28 17:25:39,240 - INFO - [upgradebot.py:368] - --- Checking HYPERUSDT (Price: $0.1933) ---
2025-10-28 17:25:42,105 - INFO - [upgradebot.py:398] - Trade Amount $8.5000 >= min value $7.5387. Proceeding.
2025-10-28 17:25:42,106 - INFO - [upgradebot.py:227] - Fetching 90d 240m data for HYPERUSDT...
2025-10-28 17:25:45,804 - INFO - [upgradebot.py:286] - HYPERUSDT model trained. Acc: 0.71
2025-10-28 17:25:45,821 - INFO - [upgradebot.py:412] - [PREDICTION] HYPERUSDT: HOLD at $0.3040
2025-10-28 17:25:48,702 - INFO - [upgradebot.py:255] - No active position for HYPERUSDT.
2025-10-28 17:25:48,709 - INFO - [upgradebot.py:456] - ML predicts HOLD for HYPERUSDT. No action.
2025-10-28 17:25:49,710 - INFO - [upgradebot.py:368] - --- Checking ICNTUSDT (Price: $0.2148) ---
2025-10-28 17:25:54,700 - INFO - [upgradebot.py:398] - Trade Amount $8.5000 >= min value $7.5180. Proceeding.
2025-10-28 17:25:54,701 - INFO - [upgradebot.py:227] - Fetching 90d 240m data for ICNTUSDT...
2025-10-28 17:25:58,714 - INFO - [upgradebot.py:286] - ICNTUSDT model trained. Acc: 0.62
2025-10-28 17:25:58,761 - INFO - [upgradebot.py:412] - [PREDICTION] ICNTUSDT: HOLD at $0.2468
2025-10-28 17:26:02,417 - INFO - [upgradebot.py:255] - No active position for ICNTUSDT.
2025-10-28 17:26:02,421 - INFO - [upgradebot.py:456] - ML predicts HOLD for ICNTUSDT. No action.
2025-10-28 17:26:03,422 - INFO - [upgradebot.py:368] - --- Checking ICPUSDT (Price: $3.1660) ---
2025-10-28 17:26:06,719 - INFO - [upgradebot.py:398] - Trade Amount $8.5000 >= min value $7.5984. Proceeding.
2025-10-28 17:26:06,720 - INFO - [upgradebot.py:227] - Fetching 90d 240m data for ICPUSDT...
2025-10-28 17:26:10,578 - INFO - [upgradebot.py:286] - ICPUSDT model trained. Acc: 0.76
2025-10-28 17:26:10,626 - INFO - [upgradebot.py:412] - [PREDICTION] ICPUSDT: HOLD at $4.767
2025-10-28 17:26:13,905 - INFO - [upgradebot.py:255] - No active position for ICPUSDT.
2025-10-28 17:26:13,917 - INFO - [upgradebot.py:456] - ML predicts HOLD for ICPUSDT. No action.
2025-10-28 17:26:14,919 - INFO - [upgradebot.py:368] - --- Checking ICXUSDT (Price: $0.0917) ---
2025-10-28 17:26:19,387 - INFO - [upgradebot.py:398] - Trade Amount $8.5000 >= min value $7.5186. Proceeding.
2025-10-28 17:26:19,388 - INFO - [upgradebot.py:227] - Fetching 90d 240m data for ICXUSDT...
2025-10-28 17:26:22,506 - INFO - [upgradebot.py:286] - ICXUSDT model trained. Acc: 0.79
2025-10-28 17:26:22,521 - INFO - [upgradebot.py:412] - [PREDICTION] ICXUSDT: HOLD at $0.12759
2025-10-28 17:26:25,460 - INFO - [upgradebot.py:255] - No active position for ICXUSDT.
2025-10-28 17:26:25,467 - INFO - [upgradebot.py:456] - ML predicts HOLD for ICXUSDT. No action.
2025-10-28 17:26:26,468 - INFO - [upgradebot.py:368] - --- Checking IDUSDT (Price: $0.1128) ---
2025-10-28 17:26:29,966 - INFO - [upgradebot.py:398] - Trade Amount $8.5000 >= min value $7.5576. Proceeding.
2025-10-28 17:26:29,967 - INFO - [upgradebot.py:227] - Fetching 90d 240m data for IDUSDT...
2025-10-28 17:26:34,301 - INFO - [upgradebot.py:286] - IDUSDT model trained. Acc: 0.74
2025-10-28 17:26:34,331 - INFO - [upgradebot.py:412] - [PREDICTION] IDUSDT: SELL at $0.15860
2025-10-28 17:26:37,338 - INFO - [upgradebot.py:255] - No active position for IDUSDT.
2025-10-28 17:26:37,341 - INFO - [upgradebot.py:443] - SELL signal IDUSDT. Considering SHORT entry.
2025-10-28 17:26:37,342 - INFO - [upgradebot.py:446] - Calc SHORT Intent: Qty~75.354610, Invest=$8.5000, Entry~$0.15892, TP~$0.15097, SL~$0.16210
2025-10-28 17:26:37,342 - INFO - [upgradebot.py:447] - Placing SHORT Bracket Order...
2025-10-28 17:26:37,343 - INFO - [upgradebot.py:331] - [ACTION] Submitting LIMIT SELL IDUSDT (Qty:75.0) @ Px:0.15892
2025-10-28 17:26:40,597 - ERROR - [upgradebot.py:131] - POST Attempt 1 failed: 500 Server Error: Internal Server Error for url: https://coinswitch.co/trade/api/v2/futures/order
2025-10-28 17:26:44,154 - ERROR - [upgradebot.py:131] - POST Attempt 2 failed: 500 Server Error: Internal Server Error for url: https://coinswitch.co/trade/api/v2/futures/order
2025-10-28 17:26:47,966 - ERROR - [upgradebot.py:131] - POST Attempt 3 failed: 500 Server Error: Internal Server Error for url: https://coinswitch.co/trade/api/v2/futures/order
2025-10-28 17:26:49,968 - ERROR - [upgradebot.py:135] - All POST retries failed: https://coinswitch.co/trade/api/v2/futures/order
2025-10-28 17:26:49,976 - ERROR - [upgradebot.py:341] - [TRADE] Submit FAIL IDUSDT.
2025-10-28 17:26:49,978 - ERROR - [upgradebot.py:453] - SHORT Entry failed IDUSDT. TP/SL not placed.
2025-10-28 17:26:50,979 - INFO - [upgradebot.py:368] - --- Checking IDEXUSDT (Price: $0.0200) ---
2025-10-28 17:26:53,968 - INFO - [upgradebot.py:398] - Trade Amount $8.5000 >= min value $7.5087. Proceeding.
2025-10-28 17:26:53,970 - INFO - [upgradebot.py:227] - Fetching 90d 240m data for IDEXUSDT...
2025-10-28 17:26:57,742 - INFO - [upgradebot.py:286] - IDEXUSDT model trained. Acc: 0.81
2025-10-28 17:26:57,754 - INFO - [upgradebot.py:412] - [PREDICTION] IDEXUSDT: HOLD at $0.02791
2025-10-28 17:27:00,687 - INFO - [upgradebot.py:255] - No active position for IDEXUSDT.
2025-10-28 17:27:00,693 - INFO - [upgradebot.py:456] - ML predicts HOLD for IDEXUSDT. No action.
2025-10-28 17:27:01,695 - INFO - [upgradebot.py:368] - --- Checking ILVUSDT (Price: $11.6700) ---
2025-10-28 17:27:04,162 - INFO - [upgradebot.py:398] - Trade Amount $8.5000 >= min value $7.5855. Proceeding.
2025-10-28 17:27:04,163 - INFO - [upgradebot.py:227] - Fetching 90d 240m data for ILVUSDT...
2025-10-28 17:27:07,557 - INFO - [upgradebot.py:286] - ILVUSDT model trained. Acc: 0.64
2025-10-28 17:27:07,575 - INFO - [upgradebot.py:412] - [PREDICTION] ILVUSDT: SELL at $14.780
2025-10-28 17:27:10,723 - INFO - [upgradebot.py:255] - No active position for ILVUSDT.
2025-10-28 17:27:10,729 - INFO - [upgradebot.py:443] - SELL signal ILVUSDT. Considering SHORT entry.
2025-10-28 17:27:10,730 - INFO - [upgradebot.py:446] - Calc SHORT Intent: Qty~0.728363, Invest=$8.5000, Entry~$14.810, TP~$14.069, SL~$15.106
2025-10-28 17:27:10,731 - INFO - [upgradebot.py:447] - Placing SHORT Bracket Order...
2025-10-28 17:27:10,733 - INFO - [upgradebot.py:331] - [ACTION] Submitting LIMIT SELL ILVUSDT (Qty:0.72) @ Px:14.81
2025-10-28 17:27:14,031 - ERROR - [upgradebot.py:131] - POST Attempt 1 failed: 500 Server Error: Internal Server Error for url: https://coinswitch.co/trade/api/v2/futures/order
2025-10-28 17:27:17,511 - ERROR - [upgradebot.py:131] - POST Attempt 2 failed: 500 Server Error: Internal Server Error for url: https://coinswitch.co/trade/api/v2/futures/order
2025-10-28 17:27:21,065 - ERROR - [upgradebot.py:131] - POST Attempt 3 failed: 500 Server Error: Internal Server Error for url: https://coinswitch.co/trade/api/v2/futures/order
2025-10-28 17:27:23,067 - ERROR - [upgradebot.py:135] - All POST retries failed: https://coinswitch.co/trade/api/v2/futures/order
2025-10-28 17:27:23,073 - ERROR - [upgradebot.py:341] - [TRADE] Submit FAIL ILVUSDT.
2025-10-28 17:27:23,074 - ERROR - [upgradebot.py:453] - SHORT Entry failed ILVUSDT. TP/SL not placed.
2025-10-28 17:27:24,075 - INFO - [upgradebot.py:368] - --- Checking IMXUSDT (Price: $0.5278) ---
2025-10-28 17:27:27,485 - INFO - [upgradebot.py:398] - Trade Amount $8.5000 >= min value $7.5475. Proceeding.
2025-10-28 17:27:27,486 - INFO - [upgradebot.py:227] - Fetching 90d 240m data for IMXUSDT...
2025-10-28 17:27:31,209 - INFO - [upgradebot.py:286] - IMXUSDT model trained. Acc: 0.76
2025-10-28 17:27:31,227 - INFO - [upgradebot.py:412] - [PREDICTION] IMXUSDT: BUY at $0.6902
2025-10-28 17:27:34,596 - INFO - [upgradebot.py:255] - No active position for IMXUSDT.
2025-10-28 17:27:34,601 - INFO - [upgradebot.py:424] - Calc LONG Intent: Qty~16.104585, Invest=$8.5000, Entry~$0.6888, TP~$0.7233, SL~$0.6750
2025-10-28 17:27:34,602 - INFO - [upgradebot.py:425] - Placing LONG Bracket Order...
2025-10-28 17:27:34,603 - INFO - [upgradebot.py:331] - [ACTION] Submitting LIMIT BUY IMXUSDT (Qty:16.1) @ Px:0.6888
2025-10-28 17:27:37,715 - ERROR - [upgradebot.py:131] - POST Attempt 1 failed: 400 Client Error: Bad Request for url: https://coinswitch.co/trade/api/v2/futures/order
2025-10-28 17:27:41,343 - ERROR - [upgradebot.py:131] - POST Attempt 2 failed: 400 Client Error: Bad Request for url: https://coinswitch.co/trade/api/v2/futures/order
2025-10-28 17:27:45,635 - ERROR - [upgradebot.py:131] - POST Attempt 3 failed: 400 Client Error: Bad Request for url: https://coinswitch.co/trade/api/v2/futures/order
2025-10-28 17:27:47,637 - ERROR - [upgradebot.py:135] - All POST retries failed: https://coinswitch.co/trade/api/v2/futures/order
2025-10-28 17:27:47,643 - ERROR - [upgradebot.py:341] - [TRADE] Submit FAIL IMXUSDT.
2025-10-28 17:27:47,645 - ERROR - [upgradebot.py:431] - LONG Entry failed IMXUSDT. TP/SL not placed.
2025-10-28 17:27:48,646 - INFO - [upgradebot.py:368] - --- Checking INUSDT (Price: $0.1296) ---
2025-10-28 17:27:51,853 - INFO - [upgradebot.py:398] - Trade Amount $8.5000 >= min value $7.5191. Proceeding.
2025-10-28 17:27:51,854 - INFO - [upgradebot.py:227] - Fetching 90d 240m data for INUSDT...
2025-10-28 17:27:55,730 - INFO - [upgradebot.py:286] - INUSDT model trained. Acc: 0.79
2025-10-28 17:27:55,750 - INFO - [upgradebot.py:412] - [PREDICTION] INUSDT: HOLD at $0.06337
2025-10-28 17:27:59,227 - INFO - [upgradebot.py:255] - No active position for INUSDT.
2025-10-28 17:27:59,232 - INFO - [upgradebot.py:456] - ML predicts HOLD for INUSDT. No action.
2025-10-28 17:28:00,234 - INFO - [upgradebot.py:368] - --- Checking INJUSDT (Price: $8.6230) ---
2025-10-28 17:28:03,162 - INFO - [upgradebot.py:398] - Trade Amount $8.5000 >= min value $7.7607. Proceeding.
2025-10-28 17:28:03,164 - INFO - [upgradebot.py:227] - Fetching 90d 240m data for INJUSDT...
2025-10-28 17:28:06,519 - INFO - [upgradebot.py:286] - INJUSDT model trained. Acc: 0.74
2025-10-28 17:28:06,538 - INFO - [upgradebot.py:412] - [PREDICTION] INJUSDT: SELL at $13.5580
2025-10-28 17:28:09,427 - INFO - [upgradebot.py:255] - No active position for INJUSDT.
2025-10-28 17:28:09,432 - INFO - [upgradebot.py:443] - SELL signal INJUSDT. Considering SHORT entry.
2025-10-28 17:28:09,433 - INFO - [upgradebot.py:446] - Calc SHORT Intent: Qty~0.985736, Invest=$8.5000, Entry~$13.5851, TP~$12.9059, SL~$13.8568
2025-10-28 17:28:09,434 - INFO - [upgradebot.py:447] - Placing SHORT Bracket Order...
2025-10-28 17:28:09,436 - INFO - [upgradebot.py:331] - [ACTION] Submitting LIMIT SELL INJUSDT (Qty:0.9) @ Px:13.5851
2025-10-28 17:28:12,453 - ERROR - [upgradebot.py:131] - POST Attempt 1 failed: 500 Server Error: Internal Server Error for url: https://coinswitch.co/trade/api/v2/futures/order
2025-10-28 17:28:15,897 - ERROR - [upgradebot.py:131] - POST Attempt 2 failed: 500 Server Error: Internal Server Error for url: https://coinswitch.co/trade/api/v2/futures/order
2025-10-28 17:28:19,678 - ERROR - [upgradebot.py:131] - POST Attempt 3 failed: 500 Server Error: Internal Server Error for url: https://coinswitch.co/trade/api/v2/futures/order
2025-10-28 17:28:21,680 - ERROR - [upgradebot.py:135] - All POST retries failed: https://coinswitch.co/trade/api/v2/futures/order
2025-10-28 17:28:21,684 - ERROR - [upgradebot.py:341] - [TRADE] Submit FAIL INJUSDT.
2025-10-28 17:28:21,685 - ERROR - [upgradebot.py:453] - SHORT Entry failed INJUSDT. TP/SL not placed.
2025-10-28 17:28:22,686 - INFO - [upgradebot.py:368] - --- Checking IOUSDT (Price: $0.3434) ---
2025-10-28 17:28:26,435 - INFO - [upgradebot.py:398] - Trade Amount $8.5000 >= min value $7.5205. Proceeding.
2025-10-28 17:28:26,437 - INFO - [upgradebot.py:227] - Fetching 90d 240m data for IOUSDT...
2025-10-28 17:28:30,263 - INFO - [upgradebot.py:286] - IOUSDT model trained. Acc: 0.71
2025-10-28 17:28:30,290 - INFO - [upgradebot.py:412] - [PREDICTION] IOUSDT: SELL at $0.7015
2025-10-28 17:28:33,173 - INFO - [upgradebot.py:255] - No active position for IOUSDT.
2025-10-28 17:28:33,176 - INFO - [upgradebot.py:443] - SELL signal IOUSDT. Considering SHORT entry.
2025-10-28 17:28:33,177 - INFO - [upgradebot.py:446] - Calc SHORT Intent: Qty~24.752475, Invest=$8.5000, Entry~$0.7029, TP~$0.6678, SL~$0.7170
2025-10-28 17:28:33,178 - INFO - [upgradebot.py:447] - Placing SHORT Bracket Order...
2025-10-28 17:28:33,179 - INFO - [upgradebot.py:331] - [ACTION] Submitting LIMIT SELL IOUSDT (Qty:24.7) @ Px:0.7029
2025-10-28 17:28:35,194 - ERROR - [upgradebot.py:131] - POST Attempt 1 failed: 500 Server Error: Internal Server Error for url: https://coinswitch.co/trade/api/v2/futures/order
2025-10-28 17:28:38,673 - ERROR - [upgradebot.py:131] - POST Attempt 2 failed: 500 Server Error: Internal Server Error for url: https://coinswitch.co/trade/api/v2/futures/order
2025-10-28 17:28:41,721 - ERROR - [upgradebot.py:131] - POST Attempt 3 failed: 500 Server Error: Internal Server Error for url: https://coinswitch.co/trade/api/v2/futures/order
2025-10-28 17:28:43,722 - ERROR - [upgradebot.py:135] - All POST retries failed: https://coinswitch.co/trade/api/v2/futures/order
2025-10-28 17:28:43,726 - ERROR - [upgradebot.py:341] - [TRADE] Submit FAIL IOUSDT.
2025-10-28 17:28:43,726 - ERROR - [upgradebot.py:453] - SHORT Entry failed IOUSDT. TP/SL not placed.
2025-10-28 17:28:44,727 - INFO - [upgradebot.py:368] - --- Checking IOSTUSDT (Price: $0.0024) ---
2025-10-28 17:28:46,956 - INFO - [upgradebot.py:398] - Trade Amount $8.5000 >= min value $7.5002. Proceeding.
2025-10-28 17:28:46,957 - INFO - [upgradebot.py:227] - Fetching 90d 240m data for IOSTUSDT...
2025-10-28 17:28:49,733 - INFO - [upgradebot.py:286] - IOSTUSDT model trained. Acc: 0.83
2025-10-28 17:28:49,744 - INFO - [upgradebot.py:412] - [PREDICTION] IOSTUSDT: HOLD at $0.003322
2025-10-28 17:28:51,947 - INFO - [upgradebot.py:255] - No active position for IOSTUSDT.
2025-10-28 17:28:51,952 - INFO - [upgradebot.py:456] - ML predicts HOLD for IOSTUSDT. No action.
2025-10-28 17:28:52,954 - INFO - [upgradebot.py:368] - --- Checking IOTAUSDT (Price: $0.1495) ---
2025-10-28 17:28:55,313 - INFO - [upgradebot.py:398] - Trade Amount $8.5000 >= min value $7.5198. Proceeding.
2025-10-28 17:28:55,314 - INFO - [upgradebot.py:227] - Fetching 90d 240m data for IOTAUSDT...
2025-10-28 17:28:57,820 - INFO - [upgradebot.py:286] - IOTAUSDT model trained. Acc: 0.71
2025-10-28 17:28:57,830 - INFO - [upgradebot.py:412] - [PREDICTION] IOTAUSDT: SELL at $0.1882
2025-10-28 17:28:59,970 - INFO - [upgradebot.py:255] - No active position for IOTAUSDT.
2025-10-28 17:28:59,973 - INFO - [upgradebot.py:443] - SELL signal IOTAUSDT. Considering SHORT entry.
2025-10-28 17:28:59,974 - INFO - [upgradebot.py:446] - Calc SHORT Intent: Qty~56.856187, Invest=$8.5000, Entry~$0.1886, TP~$0.1791, SL~$0.1923
2025-10-28 17:28:59,974 - INFO - [upgradebot.py:447] - Placing SHORT Bracket Order...
2025-10-28 17:28:59,975 - INFO - [upgradebot.py:331] - [ACTION] Submitting LIMIT SELL IOTAUSDT (Qty:56.8) @ Px:0.1886
2025-10-28 17:29:02,246 - ERROR - [upgradebot.py:131] - POST Attempt 1 failed: 500 Server Error: Internal Server Error for url: https://coinswitch.co/trade/api/v2/futures/order
2025-10-28 17:29:05,563 - ERROR - [upgradebot.py:131] - POST Attempt 2 failed: 500 Server Error: Internal Server Error for url: https://coinswitch.co/trade/api/v2/futures/order
2025-10-28 17:29:08,998 - ERROR - [upgradebot.py:131] - POST Attempt 3 failed: 500 Server Error: Internal Server Error for url: https://coinswitch.co/trade/api/v2/futures/order
2025-10-28 17:29:11,001 - ERROR - [upgradebot.py:135] - All POST retries failed: https://coinswitch.co/trade/api/v2/futures/order
2025-10-28 17:29:11,007 - ERROR - [upgradebot.py:341] - [TRADE] Submit FAIL IOTAUSDT.
2025-10-28 17:29:11,008 - ERROR - [upgradebot.py:453] - SHORT Entry failed IOTAUSDT. TP/SL not placed.
2025-10-28 17:29:12,009 - INFO - [upgradebot.py:368] - --- Checking IOTXUSDT (Price: $0.0116) ---
2025-10-28 17:29:14,970 - INFO - [upgradebot.py:398] - Trade Amount $8.5000 >= min value $7.4962. Proceeding.
2025-10-28 17:29:14,972 - INFO - [upgradebot.py:227] - Fetching 90d 240m data for IOTXUSDT...
2025-10-28 17:29:17,526 - INFO - [upgradebot.py:286] - IOTXUSDT model trained. Acc: 0.88
2025-10-28 17:29:17,540 - INFO - [upgradebot.py:412] - [PREDICTION] IOTXUSDT: HOLD at $0.02718
2025-10-28 17:29:20,408 - INFO - [upgradebot.py:255] - No active position for IOTXUSDT.
2025-10-28 17:29:20,410 - INFO - [upgradebot.py:456] - ML predicts HOLD for IOTXUSDT. No action.
2025-10-28 17:29:21,411 - INFO - [upgradebot.py:368] - --- Checking IPUSDT (Price: $5.2164) ---
2025-10-28 17:29:23,777 - INFO - [upgradebot.py:398] - Trade Amount $8.5000 >= min value $7.8246. Proceeding.
2025-10-28 17:29:23,778 - INFO - [upgradebot.py:227] - Fetching 90d 240m data for IPUSDT...
2025-10-28 17:29:27,787 - INFO - [upgradebot.py:286] - IPUSDT model trained. Acc: 0.83
2025-10-28 17:29:27,817 - INFO - [upgradebot.py:412] - [PREDICTION] IPUSDT: SELL at $9.6500
2025-10-28 17:29:31,034 - INFO - [upgradebot.py:255] - No active position for IPUSDT.
2025-10-28 17:29:31,038 - INFO - [upgradebot.py:443] - SELL signal IPUSDT. Considering SHORT entry.
2025-10-28 17:29:31,039 - INFO - [upgradebot.py:446] - Calc SHORT Intent: Qty~1.629476, Invest=$8.5000, Entry~$9.6693, TP~$9.1858, SL~$9.8627
2025-10-28 17:29:31,039 - INFO - [upgradebot.py:447] - Placing SHORT Bracket Order...
2025-10-28 17:29:31,040 - INFO - [upgradebot.py:331] - [ACTION] Submitting LIMIT SELL IPUSDT (Qty:1.6) @ Px:9.6693
2025-10-28 17:29:34,084 - ERROR - [upgradebot.py:131] - POST Attempt 1 failed: 500 Server Error: Internal Server Error for url: https://coinswitch.co/trade/api/v2/futures/order
2025-10-28 17:29:38,060 - ERROR - [upgradebot.py:131] - POST Attempt 2 failed: 500 Server Error: Internal Server Error for url: https://coinswitch.co/trade/api/v2/futures/order
2025-10-28 17:29:41,654 - ERROR - [upgradebot.py:131] - POST Attempt 3 failed: 500 Server Error: Internal Server Error for url: https://coinswitch.co/trade/api/v2/futures/order
2025-10-28 17:29:43,656 - ERROR - [upgradebot.py:135] - All POST retries failed: https://coinswitch.co/trade/api/v2/futures/order
2025-10-28 17:29:43,662 - ERROR - [upgradebot.py:341] - [TRADE] Submit FAIL IPUSDT.
2025-10-28 17:29:43,663 - ERROR - [upgradebot.py:453] - SHORT Entry failed IPUSDT. TP/SL not placed.
2025-10-28 17:29:44,665 - INFO - [upgradebot.py:368] - --- Checking JASMYUSDT (Price: $0.0103) ---
2025-10-28 17:29:48,096 - INFO - [upgradebot.py:398] - Trade Amount $8.5000 >= min value $7.5141. Proceeding.
2025-10-28 17:29:48,098 - INFO - [upgradebot.py:227] - Fetching 90d 240m data for JASMYUSDT...
2025-10-28 17:29:51,392 - INFO - [upgradebot.py:286] - JASMYUSDT model trained. Acc: 0.71
2025-10-28 17:29:51,405 - INFO - [upgradebot.py:412] - [PREDICTION] JASMYUSDT: HOLD at $0.014191
2025-10-28 17:29:53,762 - INFO - [upgradebot.py:255] - No active position for JASMYUSDT.
2025-10-28 17:29:53,765 - INFO - [upgradebot.py:456] - ML predicts HOLD for JASMYUSDT. No action.
2025-10-28 17:29:54,766 - INFO - [upgradebot.py:368] - --- Checking JELLYJELLYUSDT (Price: $0.0801) ---
2025-10-28 17:29:57,944 - INFO - [upgradebot.py:398] - Trade Amount $8.5000 >= min value $7.5335. Proceeding.
2025-10-28 17:29:57,946 - INFO - [upgradebot.py:227] - Fetching 90d 240m data for JELLYJELLYUSDT...
2025-10-28 17:30:02,033 - INFO - [upgradebot.py:286] - JELLYJELLYUSDT model trained. Acc: 0.81
2025-10-28 17:30:02,052 - INFO - [upgradebot.py:412] - [PREDICTION] JELLYJELLYUSDT: SELL at $0.050295
2025-10-28 17:30:05,443 - INFO - [upgradebot.py:255] - No active position for JELLYJELLYUSDT.
2025-10-28 17:30:05,448 - INFO - [upgradebot.py:443] - SELL signal JELLYJELLYUSDT. Considering SHORT entry.
2025-10-28 17:30:05,449 - INFO - [upgradebot.py:446] - Calc SHORT Intent: Qty~106.059094, Invest=$8.5000, Entry~$0.050396, TP~$0.047876, SL~$0.051404
2025-10-28 17:30:05,450 - INFO - [upgradebot.py:447] - Placing SHORT Bracket Order...
2025-10-28 17:30:05,451 - INFO - [upgradebot.py:331] - [ACTION] Submitting LIMIT SELL JELLYJELLYUSDT (Qty:106.0) @ Px:0.050396
2025-10-28 17:30:08,838 - ERROR - [upgradebot.py:131] - POST Attempt 1 failed: 400 Client Error: Bad Request for url: https://coinswitch.co/trade/api/v2/futures/order
2025-10-28 17:30:12,423 - ERROR - [upgradebot.py:131] - POST Attempt 2 failed: 400 Client Error: Bad Request for url: https://coinswitch.co/trade/api/v2/futures/order
2025-10-28 17:30:15,945 - ERROR - [upgradebot.py:131] - POST Attempt 3 failed: 400 Client Error: Bad Request for url: https://coinswitch.co/trade/api/v2/futures/order
2025-10-28 17:30:17,946 - ERROR - [upgradebot.py:135] - All POST retries failed: https://coinswitch.co/trade/api/v2/futures/order
2025-10-28 17:30:17,953 - ERROR - [upgradebot.py:341] - [TRADE] Submit FAIL JELLYJELLYUSDT.
2025-10-28 17:30:17,954 - ERROR - [upgradebot.py:453] - SHORT Entry failed JELLYJELLYUSDT. TP/SL not placed.
2025-10-28 17:30:18,956 - INFO - [upgradebot.py:368] - --- Checking JOEUSDT (Price: $0.1183) ---
2025-10-28 17:30:22,228 - INFO - [upgradebot.py:398] - Trade Amount $8.5000 >= min value $7.5712. Proceeding.
2025-10-28 17:30:22,228 - INFO - [upgradebot.py:227] - Fetching 90d 240m data for JOEUSDT...
2025-10-28 17:30:25,560 - INFO - [upgradebot.py:286] - JOEUSDT model trained. Acc: 0.67
2025-10-28 17:30:25,576 - INFO - [upgradebot.py:412] - [PREDICTION] JOEUSDT: BUY at $0.16980
2025-10-28 17:30:28,747 - INFO - [upgradebot.py:255] - No active position for JOEUSDT.
2025-10-28 17:30:28,753 - INFO - [upgradebot.py:424] - Calc LONG Intent: Qty~71.851226, Invest=$8.5000, Entry~$0.16946, TP~$0.17793, SL~$0.16607
2025-10-28 17:30:28,754 - INFO - [upgradebot.py:425] - Placing LONG Bracket Order...
2025-10-28 17:30:28,755 - INFO - [upgradebot.py:331] - [ACTION] Submitting LIMIT BUY JOEUSDT (Qty:71.0) @ Px:0.16946
2025-10-28 17:30:31,772 - ERROR - [upgradebot.py:131] - POST Attempt 1 failed: 400 Client Error: Bad Request for url: https://coinswitch.co/trade/api/v2/futures/order
2025-10-28 17:30:35,392 - ERROR - [upgradebot.py:131] - POST Attempt 2 failed: 400 Client Error: Bad Request for url: https://coinswitch.co/trade/api/v2/futures/order
2025-10-28 17:30:39,054 - ERROR - [upgradebot.py:131] - POST Attempt 3 failed: 400 Client Error: Bad Request for url: https://coinswitch.co/trade/api/v2/futures/order
2025-10-28 17:30:41,056 - ERROR - [upgradebot.py:135] - All POST retries failed: https://coinswitch.co/trade/api/v2/futures/order
2025-10-28 17:30:41,062 - ERROR - [upgradebot.py:341] - [TRADE] Submit FAIL JOEUSDT.
2025-10-28 17:30:41,063 - ERROR - [upgradebot.py:431] - LONG Entry failed JOEUSDT. TP/SL not placed.
2025-10-28 17:30:42,065 - INFO - [upgradebot.py:368] - --- Checking JSTUSDT (Price: $0.0340) ---
2025-10-28 17:30:45,462 - INFO - [upgradebot.py:398] - Trade Amount $8.5000 >= min value $7.5074. Proceeding.
2025-10-28 17:30:45,464 - INFO - [upgradebot.py:227] - Fetching 90d 240m data for JSTUSDT...
2025-10-28 17:30:49,835 - INFO - [upgradebot.py:286] - JSTUSDT model trained. Acc: 0.88
2025-10-28 17:30:49,854 - INFO - [upgradebot.py:412] - [PREDICTION] JSTUSDT: SELL at $0.03383
2025-10-28 17:30:52,725 - INFO - [upgradebot.py:255] - No active position for JSTUSDT.
2025-10-28 17:30:52,731 - INFO - [upgradebot.py:443] - SELL signal JSTUSDT. Considering SHORT entry.
2025-10-28 17:30:52,732 - INFO - [upgradebot.py:446] - Calc SHORT Intent: Qty~250.220783, Invest=$8.5000, Entry~$0.03390, TP~$0.03220, SL~$0.03458
2025-10-28 17:30:52,733 - INFO - [upgradebot.py:447] - Placing SHORT Bracket Order...
2025-10-28 17:30:52,735 - INFO - [upgradebot.py:331] - [ACTION] Submitting LIMIT SELL JSTUSDT (Qty:250.0) @ Px:0.0339
2025-10-28 17:30:56,284 - ERROR - [upgradebot.py:131] - POST Attempt 1 failed: 500 Server Error: Internal Server Error for url: https://coinswitch.co/trade/api/v2/futures/order
2025-10-28 17:30:59,942 - ERROR - [upgradebot.py:131] - POST Attempt 2 failed: 500 Server Error: Internal Server Error for url: https://coinswitch.co/trade/api/v2/futures/order
2025-10-28 17:31:03,618 - ERROR - [upgradebot.py:131] - POST Attempt 3 failed: 500 Server Error: Internal Server Error for url: https://coinswitch.co/trade/api/v2/futures/order
2025-10-28 17:31:05,620 - ERROR - [upgradebot.py:135] - All POST retries failed: https://coinswitch.co/trade/api/v2/futures/order
2025-10-28 17:31:05,627 - ERROR - [upgradebot.py:341] - [TRADE] Submit FAIL JSTUSDT.
2025-10-28 17:31:05,628 - ERROR - [upgradebot.py:453] - SHORT Entry failed JSTUSDT. TP/SL not placed.
2025-10-28 17:31:06,630 - INFO - [upgradebot.py:368] - --- Checking JTOUSDT (Price: $1.1040) ---
2025-10-28 17:31:09,609 - INFO - [upgradebot.py:398] - Trade Amount $8.5000 >= min value $7.5072. Proceeding.
2025-10-28 17:31:09,610 - INFO - [upgradebot.py:227] - Fetching 90d 240m data for JTOUSDT...
2025-10-28 17:31:13,672 - INFO - [upgradebot.py:286] - JTOUSDT model trained. Acc: 0.69
2025-10-28 17:31:13,694 - INFO - [upgradebot.py:412] - [PREDICTION] JTOUSDT: SELL at $1.818
2025-10-28 17:31:17,239 - INFO - [upgradebot.py:255] - No active position for JTOUSDT.
2025-10-28 17:31:17,242 - INFO - [upgradebot.py:443] - SELL signal JTOUSDT. Considering SHORT entry.
2025-10-28 17:31:17,242 - INFO - [upgradebot.py:446] - Calc SHORT Intent: Qty~7.699275, Invest=$8.5000, Entry~$1.822, TP~$1.731, SL~$1.858
2025-10-28 17:31:17,243 - INFO - [upgradebot.py:447] - Placing SHORT Bracket Order...
2025-10-28 17:31:17,244 - INFO - [upgradebot.py:331] - [ACTION] Submitting LIMIT SELL JTOUSDT (Qty:7.6) @ Px:1.822
2025-10-28 17:31:20,499 - ERROR - [upgradebot.py:131] - POST Attempt 1 failed: 500 Server Error: Internal Server Error for url: https://coinswitch.co/trade/api/v2/futures/order
2025-10-28 17:31:24,595 - ERROR - [upgradebot.py:131] - POST Attempt 2 failed: 500 Server Error: Internal Server Error for url: https://coinswitch.co/trade/api/v2/futures/order
2025-10-28 17:31:28,169 - ERROR - [upgradebot.py:131] - POST Attempt 3 failed: 500 Server Error: Internal Server Error for url: https://coinswitch.co/trade/api/v2/futures/order
2025-10-28 17:31:30,172 - ERROR - [upgradebot.py:135] - All POST retries failed: https://coinswitch.co/trade/api/v2/futures/order
2025-10-28 17:31:30,179 - ERROR - [upgradebot.py:341] - [TRADE] Submit FAIL JTOUSDT.
2025-10-28 17:31:30,180 - ERROR - [upgradebot.py:453] - SHORT Entry failed JTOUSDT. TP/SL not placed.
2025-10-28 17:31:31,181 - INFO - [upgradebot.py:368] - --- Checking JUPUSDT (Price: $0.4366) ---
2025-10-28 17:31:34,204 - INFO - [upgradebot.py:398] - Trade Amount $8.5000 >= min value $7.8588. Proceeding.
2025-10-28 17:31:34,205 - INFO - [upgradebot.py:227] - Fetching 90d 240m data for JUPUSDT...
2025-10-28 17:31:38,093 - INFO - [upgradebot.py:286] - JUPUSDT model trained. Acc: 0.74
2025-10-28 17:31:38,112 - INFO - [upgradebot.py:412] - [PREDICTION] JUPUSDT: HOLD at $0.5102
2025-10-28 17:31:41,000 - INFO - [upgradebot.py:255] - No active position for JUPUSDT.
2025-10-28 17:31:41,004 - INFO - [upgradebot.py:456] - ML predicts HOLD for JUPUSDT. No action.
2025-10-28 17:31:42,005 - INFO - [upgradebot.py:368] - --- Checking KAIAUSDT (Price: $0.1115) ---
2025-10-28 17:31:45,180 - INFO - [upgradebot.py:398] - Trade Amount $8.5000 >= min value $7.5820. Proceeding.
2025-10-28 17:31:45,182 - INFO - [upgradebot.py:227] - Fetching 90d 240m data for KAIAUSDT...
2025-10-28 17:31:49,132 - INFO - [upgradebot.py:286] - KAIAUSDT model trained. Acc: 0.79
2025-10-28 17:31:49,148 - INFO - [upgradebot.py:412] - [PREDICTION] KAIAUSDT: HOLD at $0.1585
2025-10-28 17:31:52,220 - INFO - [upgradebot.py:255] - No active position for KAIAUSDT.
2025-10-28 17:31:52,227 - INFO - [upgradebot.py:456] - ML predicts HOLD for KAIAUSDT. No action.
2025-10-28 17:31:53,229 - INFO - [upgradebot.py:368] - --- Checking KAITOUSDT (Price: $1.1210) ---
2025-10-28 17:31:56,202 - INFO - [upgradebot.py:398] - Trade Amount $8.5000 >= min value $7.8470. Proceeding.
2025-10-28 17:31:56,203 - INFO - [upgradebot.py:227] - Fetching 90d 240m data for KAITOUSDT...
2025-10-28 17:31:59,809 - INFO - [upgradebot.py:286] - KAITOUSDT model trained. Acc: 0.79
2025-10-28 17:31:59,828 - INFO - [upgradebot.py:412] - [PREDICTION] KAITOUSDT: BUY at $1.1035
2025-10-28 17:32:02,696 - INFO - [upgradebot.py:255] - No active position for KAITOUSDT.
2025-10-28 17:32:02,702 - INFO - [upgradebot.py:424] - Calc LONG Intent: Qty~7.582516, Invest=$8.5000, Entry~$1.1013, TP~$1.1564, SL~$1.0793
2025-10-28 17:32:02,703 - INFO - [upgradebot.py:425] - Placing LONG Bracket Order...
2025-10-28 17:32:02,705 - INFO - [upgradebot.py:331] - [ACTION] Submitting LIMIT BUY KAITOUSDT (Qty:7.0) @ Px:1.1013
2025-10-28 17:32:05,663 - ERROR - [upgradebot.py:131] - POST Attempt 1 failed: 500 Server Error: Internal Server Error for url: https://coinswitch.co/trade/api/v2/futures/order
2025-10-28 17:32:09,202 - ERROR - [upgradebot.py:131] - POST Attempt 2 failed: 500 Server Error: Internal Server Error for url: https://coinswitch.co/trade/api/v2/futures/order
2025-10-28 17:32:12,745 - ERROR - [upgradebot.py:131] - POST Attempt 3 failed: 500 Server Error: Internal Server Error for url: https://coinswitch.co/trade/api/v2/futures/order
2025-10-28 17:32:14,746 - ERROR - [upgradebot.py:135] - All POST retries failed: https://coinswitch.co/trade/api/v2/futures/order
2025-10-28 17:32:14,750 - ERROR - [upgradebot.py:341] - [TRADE] Submit FAIL KAITOUSDT.
2025-10-28 17:32:14,750 - ERROR - [upgradebot.py:431] - LONG Entry failed KAITOUSDT. TP/SL not placed.
2025-10-28 17:32:15,752 - INFO - [upgradebot.py:368] - --- Checking KASUSDT (Price: $0.0577) ---
2025-10-28 17:32:18,790 - INFO - [upgradebot.py:398] - Trade Amount $8.5000 >= min value $7.5600. Proceeding.
2025-10-28 17:32:18,791 - INFO - [upgradebot.py:227] - Fetching 90d 240m data for KASUSDT...
2025-10-28 17:32:22,477 - INFO - [upgradebot.py:286] - KASUSDT model trained. Acc: 0.60
2025-10-28 17:32:22,496 - INFO - [upgradebot.py:412] - [PREDICTION] KASUSDT: HOLD at $0.08617
2025-10-28 17:32:25,546 - INFO - [upgradebot.py:255] - No active position for KASUSDT.
2025-10-28 17:32:25,552 - INFO - [upgradebot.py:456] - ML predicts HOLD for KASUSDT. No action.
2025-10-28 17:32:26,553 - INFO - [upgradebot.py:368] - --- Checking KAVAUSDT (Price: $0.1424) ---
2025-10-28 17:32:29,540 - INFO - [upgradebot.py:398] - Trade Amount $8.5000 >= min value $7.4760. Proceeding.
2025-10-28 17:32:29,541 - INFO - [upgradebot.py:227] - Fetching 90d 240m data for KAVAUSDT...
2025-10-28 17:32:33,245 - INFO - [upgradebot.py:286] - KAVAUSDT model trained. Acc: 0.90
2025-10-28 17:32:33,261 - INFO - [upgradebot.py:412] - [PREDICTION] KAVAUSDT: HOLD at $0.3552
2025-10-28 17:32:37,007 - INFO - [upgradebot.py:255] - No active position for KAVAUSDT.
2025-10-28 17:32:37,014 - INFO - [upgradebot.py:456] - ML predicts HOLD for KAVAUSDT. No action.
2025-10-28 17:32:38,015 - INFO - [upgradebot.py:368] - --- Checking KERNELUSDT (Price: $0.1992) ---
2025-10-28 17:32:41,694 - INFO - [upgradebot.py:398] - Trade Amount $8.5000 >= min value $7.5696. Proceeding.
2025-10-28 17:32:41,696 - INFO - [upgradebot.py:227] - Fetching 90d 240m data for KERNELUSDT...
2025-10-28 17:32:45,261 - INFO - [upgradebot.py:286] - KERNELUSDT model trained. Acc: 0.79
2025-10-28 17:32:45,311 - INFO - [upgradebot.py:412] - [PREDICTION] KERNELUSDT: BUY at $0.1842
2025-10-28 17:32:48,458 - INFO - [upgradebot.py:255] - No active position for KERNELUSDT.
2025-10-28 17:32:48,464 - INFO - [upgradebot.py:424] - Calc LONG Intent: Qty~42.670683, Invest=$8.5000, Entry~$0.1838, TP~$0.1930, SL~$0.1802
2025-10-28 17:32:48,465 - INFO - [upgradebot.py:425] - Placing LONG Bracket Order...
2025-10-28 17:32:48,466 - INFO - [upgradebot.py:331] - [ACTION] Submitting LIMIT BUY KERNELUSDT (Qty:42.0) @ Px:0.1838
2025-10-28 17:32:51,540 - ERROR - [upgradebot.py:131] - POST Attempt 1 failed: 500 Server Error: Internal Server Error for url: https://coinswitch.co/trade/api/v2/futures/order
2025-10-28 17:32:55,284 - ERROR - [upgradebot.py:131] - POST Attempt 2 failed: 500 Server Error: Internal Server Error for url: https://coinswitch.co/trade/api/v2/futures/order
2025-10-28 17:32:58,654 - ERROR - [upgradebot.py:131] - POST Attempt 3 failed: 500 Server Error: Internal Server Error for url: https://coinswitch.co/trade/api/v2/futures/order
2025-10-28 17:33:00,656 - ERROR - [upgradebot.py:135] - All POST retries failed: https://coinswitch.co/trade/api/v2/futures/order
2025-10-28 17:33:00,667 - ERROR - [upgradebot.py:341] - [TRADE] Submit FAIL KERNELUSDT.
2025-10-28 17:33:00,668 - ERROR - [upgradebot.py:431] - LONG Entry failed KERNELUSDT. TP/SL not placed.
2025-10-28 17:33:01,671 - INFO - [upgradebot.py:368] - --- Checking KGENUSDT (Price: $0.2474) ---
2025-10-28 17:33:05,374 - INFO - [upgradebot.py:398] - Trade Amount $8.5000 >= min value $7.6694. Proceeding.
2025-10-28 17:33:05,375 - INFO - [upgradebot.py:227] - Fetching 90d 240m data for KGENUSDT...
2025-10-28 17:33:09,684 - INFO - [upgradebot.py:286] - KGENUSDT model trained. Acc: 1.00
2025-10-28 17:33:09,706 - INFO - [upgradebot.py:412] - [PREDICTION] KGENUSDT: BUY at $0.2454
2025-10-28 17:33:12,676 - INFO - [upgradebot.py:255] - No active position for KGENUSDT.
2025-10-28 17:33:12,681 - INFO - [upgradebot.py:424] - Calc LONG Intent: Qty~34.357316, Invest=$8.5000, Entry~$0.2449, TP~$0.2572, SL~$0.2400
2025-10-28 17:33:12,683 - INFO - [upgradebot.py:425] - Placing LONG Bracket Order...
2025-10-28 17:33:12,684 - INFO - [upgradebot.py:331] - [ACTION] Submitting LIMIT BUY KGENUSDT (Qty:34.0) @ Px:0.2449
2025-10-28 17:33:15,886 - ERROR - [upgradebot.py:131] - POST Attempt 1 failed: 500 Server Error: Internal Server Error for url: https://coinswitch.co/trade/api/v2/futures/order
2025-10-28 17:33:19,034 - ERROR - [upgradebot.py:131] - POST Attempt 2 failed: 500 Server Error: Internal Server Error for url: https://coinswitch.co/trade/api/v2/futures/order
2025-10-28 17:33:22,246 - ERROR - [upgradebot.py:131] - POST Attempt 3 failed: 500 Server Error: Internal Server Error for url: https://coinswitch.co/trade/api/v2/futures/order
2025-10-28 17:33:24,248 - ERROR - [upgradebot.py:135] - All POST retries failed: https://coinswitch.co/trade/api/v2/futures/order
2025-10-28 17:33:24,250 - ERROR - [upgradebot.py:341] - [TRADE] Submit FAIL KGENUSDT.
2025-10-28 17:33:24,251 - ERROR - [upgradebot.py:431] - LONG Entry failed KGENUSDT. TP/SL not placed.
2025-10-28 17:33:25,252 - INFO - [upgradebot.py:368] - --- Checking KMNOUSDT (Price: $0.0641) ---
2025-10-28 17:33:27,955 - INFO - [upgradebot.py:398] - Trade Amount $8.5000 >= min value $7.5055. Proceeding.
2025-10-28 17:33:27,955 - INFO - [upgradebot.py:227] - Fetching 90d 240m data for KMNOUSDT...
2025-10-28 17:33:31,172 - INFO - [upgradebot.py:286] - KMNOUSDT model trained. Acc: 0.83
2025-10-28 17:33:31,191 - INFO - [upgradebot.py:412] - [PREDICTION] KMNOUSDT: HOLD at $0.06597
2025-10-28 17:33:33,766 - INFO - [upgradebot.py:255] - No active position for KMNOUSDT.
2025-10-28 17:33:33,814 - INFO - [upgradebot.py:456] - ML predicts HOLD for KMNOUSDT. No action.
2025-10-28 17:33:34,815 - INFO - [upgradebot.py:368] - --- Checking KNCUSDT (Price: $0.3024) ---
2025-10-28 17:33:37,673 - INFO - [upgradebot.py:398] - Trade Amount $8.5000 >= min value $7.5298. Proceeding.
2025-10-28 17:33:37,674 - INFO - [upgradebot.py:227] - Fetching 90d 240m data for KNCUSDT...
2025-10-28 17:33:41,658 - INFO - [upgradebot.py:286] - KNCUSDT model trained. Acc: 0.79
2025-10-28 17:33:41,674 - INFO - [upgradebot.py:412] - [PREDICTION] KNCUSDT: HOLD at $0.3746
2025-10-28 17:33:44,286 - INFO - [upgradebot.py:255] - No active position for KNCUSDT.
2025-10-28 17:33:44,289 - INFO - [upgradebot.py:456] - ML predicts HOLD for KNCUSDT. No action.
2025-10-28 17:33:45,290 - INFO - [upgradebot.py:368] - --- Checking KSMUSDT (Price: $10.3100) ---
2025-10-28 17:33:47,886 - INFO - [upgradebot.py:398] - Trade Amount $8.5000 >= min value $7.5263. Proceeding.
2025-10-28 17:33:47,886 - INFO - [upgradebot.py:227] - Fetching 90d 240m data for KSMUSDT...
2025-10-28 17:33:50,979 - INFO - [upgradebot.py:286] - KSMUSDT model trained. Acc: 0.83
2025-10-28 17:33:50,989 - INFO - [upgradebot.py:412] - [PREDICTION] KSMUSDT: HOLD at $15.35
2025-10-28 17:33:53,573 - INFO - [upgradebot.py:255] - No active position for KSMUSDT.
2025-10-28 17:33:53,575 - INFO - [upgradebot.py:456] - ML predicts HOLD for KSMUSDT. No action.
2025-10-28 17:33:54,576 - INFO - [upgradebot.py:368] - --- Checking L3USDT (Price: $0.0235) ---
2025-10-28 17:33:57,499 - INFO - [upgradebot.py:398] - Trade Amount $8.5000 >= min value $7.5136. Proceeding.
2025-10-28 17:33:57,500 - INFO - [upgradebot.py:227] - Fetching 90d 240m data for L3USDT...
2025-10-28 17:34:00,541 - INFO - [upgradebot.py:286] - L3USDT model trained. Acc: 0.76
2025-10-28 17:34:00,556 - INFO - [upgradebot.py:412] - [PREDICTION] L3USDT: SELL at $0.03587
2025-10-28 17:34:03,205 - INFO - [upgradebot.py:255] - No active position for L3USDT.
2025-10-28 17:34:03,208 - INFO - [upgradebot.py:443] - SELL signal L3USDT. Considering SHORT entry.
2025-10-28 17:34:03,208 - INFO - [upgradebot.py:446] - Calc SHORT Intent: Qty~362.010221, Invest=$8.5000, Entry~$0.03594, TP~$0.03414, SL~$0.03666
2025-10-28 17:34:03,209 - INFO - [upgradebot.py:447] - Placing SHORT Bracket Order...
2025-10-28 17:34:03,209 - INFO - [upgradebot.py:331] - [ACTION] Submitting LIMIT SELL L3USDT (Qty:360.0) @ Px:0.03594
2025-10-28 17:34:05,634 - ERROR - [upgradebot.py:131] - POST Attempt 1 failed: 500 Server Error: Internal Server Error for url: https://coinswitch.co/trade/api/v2/futures/order
2025-10-28 17:34:08,994 - ERROR - [upgradebot.py:131] - POST Attempt 2 failed: 500 Server Error: Internal Server Error for url: https://coinswitch.co/trade/api/v2/futures/order
2025-10-28 17:34:12,354 - ERROR - [upgradebot.py:131] - POST Attempt 3 failed: 500 Server Error: Internal Server Error for url: https://coinswitch.co/trade/api/v2/futures/order
2025-10-28 17:34:14,355 - ERROR - [upgradebot.py:135] - All POST retries failed: https://coinswitch.co/trade/api/v2/futures/order
2025-10-28 17:34:14,358 - ERROR - [upgradebot.py:341] - [TRADE] Submit FAIL L3USDT.
2025-10-28 17:34:14,358 - ERROR - [upgradebot.py:453] - SHORT Entry failed L3USDT. TP/SL not placed.
2025-10-28 17:34:15,359 - INFO - [upgradebot.py:368] - --- Checking LAUSDT (Price: $0.4114) ---
2025-10-28 17:34:18,395 - INFO - [upgradebot.py:398] - Trade Amount $8.5000 >= min value $7.4463. Proceeding.
2025-10-28 17:34:18,403 - INFO - [upgradebot.py:227] - Fetching 90d 240m data for LAUSDT...
2025-10-28 17:34:21,596 - INFO - [upgradebot.py:286] - LAUSDT model trained. Acc: 0.67
2025-10-28 17:34:21,607 - INFO - [upgradebot.py:412] - [PREDICTION] LAUSDT: SELL at $0.3693
2025-10-28 17:34:23,904 - INFO - [upgradebot.py:255] - No active position for LAUSDT.
2025-10-28 17:34:23,908 - INFO - [upgradebot.py:443] - SELL signal LAUSDT. Considering SHORT entry.
2025-10-28 17:34:23,908 - INFO - [upgradebot.py:446] - Calc SHORT Intent: Qty~20.661157, Invest=$8.5000, Entry~$0.3700, TP~$0.3515, SL~$0.3774
2025-10-28 17:34:23,909 - INFO - [upgradebot.py:447] - Placing SHORT Bracket Order...
2025-10-28 17:34:23,910 - INFO - [upgradebot.py:331] - [ACTION] Submitting LIMIT SELL LAUSDT (Qty:20.6) @ Px:0.37
2025-10-28 17:34:26,411 - ERROR - [upgradebot.py:131] - POST Attempt 1 failed: 400 Client Error: Bad Request for url: https://coinswitch.co/trade/api/v2/futures/order
2025-10-28 17:34:29,896 - ERROR - [upgradebot.py:131] - POST Attempt 2 failed: 400 Client Error: Bad Request for url: https://coinswitch.co/trade/api/v2/futures/order
2025-10-28 17:34:33,161 - ERROR - [upgradebot.py:131] - POST Attempt 3 failed: 400 Client Error: Bad Request for url: https://coinswitch.co/trade/api/v2/futures/order
2025-10-28 17:34:35,162 - ERROR - [upgradebot.py:135] - All POST retries failed: https://coinswitch.co/trade/api/v2/futures/order
2025-10-28 17:34:35,165 - ERROR - [upgradebot.py:341] - [TRADE] Submit FAIL LAUSDT.
2025-10-28 17:34:35,165 - ERROR - [upgradebot.py:453] - SHORT Entry failed LAUSDT. TP/SL not placed.
2025-10-28 17:34:36,166 - INFO - [upgradebot.py:368] - --- Checking LABUSDT (Price: $0.1733) ---
2025-10-28 17:34:39,944 - INFO - [upgradebot.py:398] - Trade Amount $8.5000 >= min value $7.6252. Proceeding.
2025-10-28 17:34:39,945 - INFO - [upgradebot.py:227] - Fetching 90d 240m data for LABUSDT...
2025-10-28 17:34:42,911 - WARNING - [upgradebot.py:277] - Not enough hist data LABUSDT (6<100). Skip train.
2025-10-28 17:34:42,912 - INFO - [upgradebot.py:412] - [PREDICTION] LABUSDT: HOLD at $0.2105
2025-10-28 17:34:45,958 - INFO - [upgradebot.py:255] - No active position for LABUSDT.
2025-10-28 17:34:45,960 - INFO - [upgradebot.py:456] - ML predicts HOLD for LABUSDT. No action.
2025-10-28 17:34:46,961 - INFO - [upgradebot.py:368] - --- Checking LDOUSDT (Price: $0.9377) ---
2025-10-28 17:34:49,707 - INFO - [upgradebot.py:398] - Trade Amount $8.5000 >= min value $7.5016. Proceeding.
2025-10-28 17:34:49,713 - INFO - [upgradebot.py:227] - Fetching 90d 240m data for LDOUSDT...
2025-10-28 17:34:53,201 - INFO - [upgradebot.py:286] - LDOUSDT model trained. Acc: 0.62
2025-10-28 17:34:53,211 - INFO - [upgradebot.py:412] - [PREDICTION] LDOUSDT: HOLD at $1.1861
2025-10-28 17:34:55,854 - INFO - [upgradebot.py:255] - No active position for LDOUSDT.
2025-10-28 17:34:55,859 - INFO - [upgradebot.py:456] - ML predicts HOLD for LDOUSDT. No action.
2025-10-28 17:34:56,869 - INFO - [upgradebot.py:368] - --- Checking LIGHTUSDT (Price: $2.0890) ---
2025-10-28 17:34:59,466 - INFO - [upgradebot.py:398] - Trade Amount $8.5000 >= min value $8.3560. Proceeding.
2025-10-28 17:34:59,499 - INFO - [upgradebot.py:227] - Fetching 90d 240m data for LIGHTUSDT...
2025-10-28 17:35:02,838 - INFO - [upgradebot.py:286] - LIGHTUSDT model trained. Acc: 0.89
2025-10-28 17:35:02,850 - INFO - [upgradebot.py:412] - [PREDICTION] LIGHTUSDT: HOLD at $0.9566
2025-10-28 17:35:05,726 - INFO - [upgradebot.py:255] - No active position for LIGHTUSDT.
2025-10-28 17:35:05,729 - INFO - [upgradebot.py:456] - ML predicts HOLD for LIGHTUSDT. No action.
2025-10-28 17:35:06,729 - INFO - [upgradebot.py:368] - --- Checking LINEAUSDT (Price: $0.0142) ---
2025-10-28 17:35:09,921 - INFO - [upgradebot.py:398] - Trade Amount $8.5000 >= min value $7.5065. Proceeding.
2025-10-28 17:35:09,922 - INFO - [upgradebot.py:227] - Fetching 90d 240m data for LINEAUSDT...
2025-10-28 17:35:13,854 - INFO - [upgradebot.py:286] - LINEAUSDT model trained. Acc: 0.69
2025-10-28 17:35:13,875 - INFO - [upgradebot.py:412] - [PREDICTION] LINEAUSDT: HOLD at $0.02924
2025-10-28 17:35:16,988 - INFO - [upgradebot.py:255] - No active position for LINEAUSDT.
2025-10-28 17:35:16,993 - INFO - [upgradebot.py:456] - ML predicts HOLD for LINEAUSDT. No action.
2025-10-28 17:35:17,994 - INFO - [upgradebot.py:368] - --- Checking LINKUSDT (Price: $18.4670) ---
2025-10-28 17:35:21,559 - INFO - [upgradebot.py:395] - Skipping LINKUSDT. Trade Amount $8.5000 < min value $9.2335.
2025-10-28 17:35:22,061 - INFO - [upgradebot.py:368] - --- Checking LISTAUSDT (Price: $0.2928) ---
2025-10-28 17:35:24,732 - INFO - [upgradebot.py:398] - Trade Amount $8.5000 >= min value $7.6128. Proceeding.
2025-10-28 17:35:24,733 - INFO - [upgradebot.py:227] - Fetching 90d 240m data for LISTAUSDT...
2025-10-28 17:35:27,947 - INFO - [upgradebot.py:286] - LISTAUSDT model trained. Acc: 0.62
2025-10-28 17:35:27,968 - INFO - [upgradebot.py:412] - [PREDICTION] LISTAUSDT: BUY at $0.2445
2025-10-28 17:35:30,949 - INFO - [upgradebot.py:255] - No active position for LISTAUSDT.
2025-10-28 17:35:30,954 - INFO - [upgradebot.py:424] - Calc LONG Intent: Qty~29.030055, Invest=$8.5000, Entry~$0.2440, TP~$0.2562, SL~$0.2391
2025-10-28 17:35:30,955 - INFO - [upgradebot.py:425] - Placing LONG Bracket Order...
2025-10-28 17:35:30,956 - INFO - [upgradebot.py:331] - [ACTION] Submitting LIMIT BUY LISTAUSDT (Qty:29.0) @ Px:0.244
2025-10-28 17:35:33,259 - ERROR - [upgradebot.py:131] - POST Attempt 1 failed: 500 Server Error: Internal Server Error for url: https://coinswitch.co/trade/api/v2/futures/order
2025-10-28 17:35:36,404 - ERROR - [upgradebot.py:131] - POST Attempt 2 failed: 500 Server Error: Internal Server Error for url: https://coinswitch.co/trade/api/v2/futures/order
2025-10-28 17:35:39,505 - ERROR - [upgradebot.py:131] - POST Attempt 3 failed: 500 Server Error: Internal Server Error for url: https://coinswitch.co/trade/api/v2/futures/order
2025-10-28 17:35:41,506 - ERROR - [upgradebot.py:135] - All POST retries failed: https://coinswitch.co/trade/api/v2/futures/order
2025-10-28 17:35:41,509 - ERROR - [upgradebot.py:341] - [TRADE] Submit FAIL LISTAUSDT.
2025-10-28 17:35:41,510 - ERROR - [upgradebot.py:431] - LONG Entry failed LISTAUSDT. TP/SL not placed.
2025-10-28 17:35:42,512 - INFO - [upgradebot.py:368] - --- Checking LPTUSDT (Price: $5.0740) ---
2025-10-28 17:37:51,388 - INFO - [upgradebot.py:121] - Logging initialized for FUTURES. Saving to bot_run_futures.log
2025-10-28 17:37:51,389 - INFO - [upgradebot.py:478] - [START] Running FUTURES Market Logic...
2025-10-28 17:37:51,389 - INFO - [upgradebot.py:479] - Using Trade Amount: $8.5000 | TP: 5.0%%, SL: 2.0%%
2025-10-28 17:37:51,389 - CRITICAL - [upgradebot.py:689] - Bot encountered a fatal error and is stopping.
Traceback (most recent call last):
  File "d:\peaches\upgradebot.py", line 678, in <module>
    run_futures_bot()
    ~~~~~~~~~~~~~~~^^
  File "d:\peaches\upgradebot.py", line 481, in run_futures_bot
    initial_balance = get_futures_balance()
                      ^^^^^^^^^^^^^^^^^^^
NameError: name 'get_futures_balance' is not defined
2025-10-28 17:38:47,564 - INFO - [upgradebot.py:121] - Logging initialized for FUTURES. Saving to bot_run_futures.log
2025-10-28 17:38:47,565 - INFO - [upgradebot.py:478] - [START] Running FUTURES Market Logic...
2025-10-28 17:38:47,565 - INFO - [upgradebot.py:479] - Using Trade Amount: $8.5000 | TP: 5.0%%, SL: 2.0%%
2025-10-28 17:38:47,566 - CRITICAL - [upgradebot.py:689] - Bot encountered a fatal error and is stopping.
Traceback (most recent call last):
  File "d:\peaches\upgradebot.py", line 678, in <module>
    run_futures_bot()
    ~~~~~~~~~~~~~~~^^
  File "d:\peaches\upgradebot.py", line 481, in run_futures_bot
    initial_balance = get_futures_balance()
                      ^^^^^^^^^^^^^^^^^^^
NameError: name 'get_futures_balance' is not defined
2025-10-28 17:42:23,905 - INFO - [upgradebot.py:121] - Logging initialized for FUTURES. Saving to bot_run_futures.log
2025-10-28 17:42:23,906 - INFO - [upgradebot.py:478] - [START] Running FUTURES Market Logic...
2025-10-28 17:42:23,906 - INFO - [upgradebot.py:479] - Using Trade Amount: $8.5000 | TP: 5.0%%, SL: 2.0%%
2025-10-28 17:42:23,906 - CRITICAL - [upgradebot.py:689] - Bot encountered a fatal error and is stopping.
Traceback (most recent call last):
  File "d:\peaches\upgradebot.py", line 678, in <module>
    run_futures_bot()
    ~~~~~~~~~~~~~~~^^
  File "d:\peaches\upgradebot.py", line 481, in run_futures_bot
    initial_balance = get_futures_balance()
                      ^^^^^^^^^^^^^^^^^^^
NameError: name 'get_futures_balance' is not defined
2025-10-28 22:27:35,504-INFO-[upgradebot.py:96]-Log init FUTURES. File: bot_run_futures.log
2025-10-28 22:27:35,505-INFO-[upgradebot.py:535]-[START] Running FUTURES Market Logic...
2025-10-28 22:27:35,505-INFO-[upgradebot.py:536]-Trade Amt:$8.50|Max Pos:2|TP:5.0%|SL:2.0%
2025-10-28 22:27:37,024-INFO-[upgradebot.py:538]-Initial FUTURES Bal: $9.0367
2025-10-28 22:27:37,024-WARNING-[upgradebot.py:539]-Bal < min 10.0. Exit.
2025-10-28 22:28:02,019-INFO-[upgradebot.py:96]-Log init FUTURES. File: bot_run_futures.log
2025-10-28 22:28:02,019-INFO-[upgradebot.py:535]-[START] Running FUTURES Market Logic...
2025-10-28 22:28:02,019-INFO-[upgradebot.py:536]-Trade Amt:$8.50|Max Pos:1|TP:5.0%|SL:2.0%
2025-10-28 22:28:03,470-INFO-[upgradebot.py:538]-Initial FUTURES Bal: $9.0367
2025-10-28 22:28:03,470-WARNING-[upgradebot.py:539]-Bal < min 10.0. Exit.
